assessment_question_id,default_incorrect_feedback
"Yd4CqvriEeS5PyIAC5XEoQ@1","{\"typeName\":\"cml\",\"definition\":{\"dtdId\":\"assess/1\",\"value\":\"<co-content></co-content>\"}}"
"27yvBACOEeW_1CIAC12QvQ@1","{\"typeName\":\"cml\",\"definition\":{\"dtdId\":\"assess/1\",\"value\":\"<co-content></co-content>\"}}"
"gfbTH_ooEeS-9SIAC5MRXA@1","{\"typeName\":\"cml\",\"definition\":{\"dtdId\":\"assess/1\",\"value\":\"<co-content></co-content>\"}}"
"gfbTH_ooEeS-9SIAC5MRXA@1","{\"typeName\":\"cml\",\"definition\":{\"dtdId\":\"assess/1\",\"value\":\"<co-content></co-content>\"}}"
"gfbTH_ooEeS-9SIAC5MRXA@1","{\"typeName\":\"cml\",\"definition\":{\"dtdId\":\"assess/1\",\"value\":\"<co-content></co-content>\"}}"
"vOQq6friEeSvXiIAC3kTew@1","{\"typeName\":\"cml\",\"definition\":{\"dtdId\":\"assess/1\",\"value\":\"<co-content></co-content>\"}}"
"ylOXXfroEeS0cCIAC7Rnzg@2","{\"typeName\":\"cml\",\"definition\":{\"dtdId\":\"assess/1\",\"value\":\"<co-content></co-content>\"}}"
"27yu_wCOEeW_1CIAC12QvQ@1","{\"typeName\":\"cml\",\"definition\":{\"dtdId\":\"assess/1\",\"value\":\"<co-content></co-content>\"}}"
"JEkAr_onEeSzJCIAC1WcbA@3","{\"typeName\":\"cml\",\"definition\":{\"dtdId\":\"assess/1\",\"value\":\"<co-content></co-content>\"}}"
"gfb6MfooEeS-9SIAC5MRXA@1","{\"typeName\":\"cml\",\"definition\":{\"dtdId\":\"assess/1\",\"value\":\"<co-content><text/></co-content>\"}}"
"gfb6MfooEeS-9SIAC5MRXA@1","{\"typeName\":\"cml\",\"definition\":{\"dtdId\":\"assess/1\",\"value\":\"<co-content><text/></co-content>\"}}"
"gfb6MfooEeS-9SIAC5MRXA@1","{\"typeName\":\"cml\",\"definition\":{\"dtdId\":\"assess/1\",\"value\":\"<co-content><text/></co-content>\"}}"
"JEkAr_onEeSzJCIAC1WcbA@2","{\"typeName\":\"cml\",\"definition\":{\"dtdId\":\"assess/1\",\"value\":\"<co-content></co-content>\"}}"
"JEkAr_onEeSzJCIAC1WcbA@2","{\"typeName\":\"cml\",\"definition\":{\"dtdId\":\"assess/1\",\"value\":\"<co-content></co-content>\"}}"
"vOQq6friEeSvXiIAC3kTew@2","{\"typeName\":\"cml\",\"definition\":{\"dtdId\":\"assess/1\",\"value\":\"<co-content></co-content>\"}}"
"vOQq6friEeSvXiIAC3kTew@2","{\"typeName\":\"cml\",\"definition\":{\"dtdId\":\"assess/1\",\"value\":\"<co-content></co-content>\"}}"
"gfbTH_ooEeS-9SIAC5MRXA@2","{\"typeName\":\"cml\",\"definition\":{\"dtdId\":\"assess/1\",\"value\":\"<co-content></co-content>\"}}"
"ylNwSfroEeS0cCIAC7Rnzg@1","{\"typeName\":\"cml\",\"definition\":{\"dtdId\":\"assess/1\",\"value\":\"<co-content></co-content>\"}}"
"ylNwSfroEeS0cCIAC7Rnzg@1","{\"typeName\":\"cml\",\"definition\":{\"dtdId\":\"assess/1\",\"value\":\"<co-content></co-content>\"}}"
"Yd4CqvriEeS5PyIAC5XEoQ@2","{\"typeName\":\"cml\",\"definition\":{\"dtdId\":\"assess/1\",\"value\":\"<co-content></co-content>\"}}"
"L-Ol9f7IEeSevSIACxcNKw@2","{\"typeName\":\"cml\",\"definition\":{\"dtdId\":\"assess/1\",\"value\":\"<co-content></co-content>\"}}"
"ylOXXfroEeS0cCIAC7Rnzg@1","{\"typeName\":\"cml\",\"definition\":{\"dtdId\":\"assess/1\",\"value\":\"<co-content></co-content>\"}}"
"Yd4CqvriEeS5PyIAC5XEoQ@3","{\"typeName\":\"cml\",\"definition\":{\"dtdId\":\"assess/1\",\"value\":\"<co-content></co-content>\"}}"
"Yd4CqvriEeS5PyIAC5XEoQ@3","{\"typeName\":\"cml\",\"definition\":{\"dtdId\":\"assess/1\",\"value\":\"<co-content></co-content>\"}}"
"JEkAr_onEeSzJCIAC1WcbA@4","{\"typeName\":\"cml\",\"definition\":{\"dtdId\":\"assess/1\",\"value\":\"<co-content></co-content>\"}}"
"ylNwS_roEeS0cCIAC7Rnzg@1","{\"typeName\":\"cml\",\"definition\":{\"dtdId\":\"assess/1\",\"value\":\"<co-content></co-content>\"}}"
"ylNwS_roEeS0cCIAC7Rnzg@1","{\"typeName\":\"cml\",\"definition\":{\"dtdId\":\"assess/1\",\"value\":\"<co-content></co-content>\"}}"
"27yvAgCOEeW_1CIAC12QvQ@1","{\"typeName\":\"cml\",\"definition\":{\"dtdId\":\"assess/1\",\"value\":\"<co-content></co-content>\"}}"
"gfb6MfooEeS-9SIAC5MRXA@2","{\"typeName\":\"cml\",\"definition\":{\"dtdId\":\"assess/1\",\"value\":\"<co-content><text/></co-content>\"}}"
"ylNJNfroEeS0cCIAC7Rnzg@1","{\"typeName\":\"cml\",\"definition\":{\"dtdId\":\"assess/1\",\"value\":\"<co-content></co-content>\"}}"
"ylNJNfroEeS0cCIAC7Rnzg@1","{\"typeName\":\"cml\",\"definition\":{\"dtdId\":\"assess/1\",\"value\":\"<co-content></co-content>\"}}"
