assessment_question_id,assessment_question_shuffle_options
"h5tQsFFvEeSNzyIACxeZkA@44",f
"Q4i-xOOtEeS_7SIACxCfaQ@2",t
"Qu-MG-OtEeS_7SIACxCfaQ@2",t
"XTVnZEYBEeSAFiIACyyIrg@56",f
"QaIlIeOtEeS_7SIACxCfaQ@2",t
"QmXC-uOtEeS_7SIACxCfaQ@2",t
"Qvw2aeOtEeS_7SIACxCfaQ@2",t
"v8Yp4QYwEeWbwyIAC9RJUQ@2",f
"P0v_xOOtEeS_7SIACxCfaQ@3",t
"QfV0puOtEeS_7SIACxCfaQ@3",t
"0A7PtVeWEeSfSyIAC0YM_A@15",f
"Bx_N_1FsEeSrHSIACzWC9Q@26",f
"P3t0bOOtEeS_7SIACxCfaQ@3",t
"P_QmUeOtEeS_7SIACxCfaQ@2",t
"QIQx_eOtEeS_7SIACxCfaQ@2",t
"QSuVFuOtEeS_7SIACxCfaQ@2",t
"QnvjMuOtEeS_7SIACxCfaQ@2",t
"eCdJEUWdEeSo5CIAC0yGfg@24",f
"QDBFOeOtEeS_7SIACxCfaQ@2",t
"QZcBheOtEeS_7SIACxCfaQ@2",t
"QoXOV-OtEeS_7SIACxCfaQ@2",t
"kwQL10WfEeS5PCIACyoMqg@10",f
"qCdU5UxNEeSHzCIAC0EV2A@30",f
"P0v_xOOtEeS_7SIACxCfaQ@1",t
"QLo1VOOtEeS_7SIACxCfaQ@2",t
"QY5O7OOtEeS_7SIACxCfaQ@2",t
"Q6JheOOtEeS_7SIACxCfaQ@3",t
"iOezWFH5EeS7PCIAC00KaA@28",f
"QTRHr-OtEeS_7SIACxCfaQ@2",t
"0ZdXuD5bEeShYyIACy-TtA@75",f
"2U5JP0uEEeSHzCIAC0EV2A@60",f
"Q2YbXuOtEeS_7SIACxCfaQ@2",t
"JSnZcgaDEeW3OCIAC44JnQ@2",f
"OWgSi-BzEeSwcCIAC45I6w@22",f
"v8NDowYwEeWbwyIAC9RJUQ@1",f
"QpLs1eOtEeS_7SIACxCfaQ@2",t
"QphEEeOtEeS_7SIACxCfaQ@2",t
"Ryi4XzvzEeS9XCIAC0GF3g@17",f
"qTiIfj5pEeSKaCIACxeAPA@33",f
"P_0nDeOtEeS_7SIACxCfaQ@2",t
"QCKwneOtEeS_7SIACxCfaQ@2",t
"QoLoIeOtEeS_7SIACxCfaQ@2",t
"QpWE6-OtEeS_7SIACxCfaQ@3",t
"QpWE6-OtEeS_7SIACxCfaQ@4",t
"JSsR-AaDEeW3OCIAC44JnQ@1",t
"QSYW0OOtEeS_7SIACxCfaQ@2",t
"8oKpUD5cEeShYyIACy-TtA@45",f
"P3nGueOtEeS_7SIACxCfaQ@2",t
"QfiB7OOtEeS_7SIACxCfaQ@2",t
"wQnLC-B0EeS2ayIAC7NlsA@6",f
"P9vjQeOtEeS_7SIACxCfaQ@2",t
"Qu5TmOOtEeS_7SIACxCfaQ@2",t
"QGOxg-OtEeS_7SIACxCfaQ@2",t
"QHze9OOtEeS_7SIACxCfaQ@2",t
"GARA7FeLEeSvEiIACyyVhg@17",f
"Qm6crOOtEeS_7SIACxCfaQ@2",t
"HZ-IKeB0EeSTvSIAC4tIYg@5",f
"Vmgu7EuBEeSHzCIAC0EV2A@130",f
"Xjxyu0WZEeSA6iIACwuPTQ@64",f
"v8ORywYwEeWbwyIAC9RJUQ@1",f
"P-xeGOOtEeS_7SIACxCfaQ@2",t
"QIyWeeOtEeS_7SIACxCfaQ@2",t
"QLQazuOtEeS_7SIACxCfaQ@2",t
"C8HmOlH9EeSNzyIACxeZkA@53",f
"wQo_9-B0EeStlCIAC2mB7Q@6",f
"Qmu2duOtEeS_7SIACxCfaQ@2",t
"l56BiuEJEeS9fSIAC4stZQ@35",f
"l56BiuEJEeS9fSIAC4stZQ@36",f
"trs7Mjv0EeS9XCIAC0GF3g@19",f
"P0mOweOtEeS_7SIACxCfaQ@3",t
"ek9c7kuREeSreiIACxAQNA@31",f
"P1ZgEuOtEeS_7SIACxCfaQ@2",t
"QmMD1OOtEeS_7SIACxCfaQ@2",t
"cJCKtjvzEeSyOiIACzUIaw@11",f
"mGG710YFEeSjvSIACwQQbQ@69",f
"P1CTq-OtEeS_7SIACxCfaQ@1",t
"P2qrd-OtEeS_7SIACxCfaQ@2",t
"Qpl8lOOtEeS_7SIACxCfaQ@2",t
"P3XPE-OtEeS_7SIACxCfaQ@2",t
"qCdU5UxNEeSHzCIAC0EV2A@33",f
"M02TulIKEeSstCIAC1GOZw@63",f
"Q6CzxeOtEeS_7SIACxCfaQ@3",t
"X4grUFH-EeS7PCIAC00KaA@40",f
"qTiIfj5pEeSKaCIACxeAPA@32",f
"Qa297-OtEeS_7SIACxCfaQ@2",t
"spxVvj5gEeSOlCIAC00Glw@74",f
"P8QVY-OtEeS_7SIACxCfaQ@2",t
"Qb6F4eOtEeS_7SIACxCfaQ@2",t
"v81V9wYwEeWbwyIAC9RJUQ@1",f
"7zTddOEGEeSUHyIAC2iYQg@69",f
"QI65XOOtEeS_7SIACxCfaQ@2",t
"QUMUzuOtEeS_7SIACxCfaQ@2",t
"nv7uJleYEeSjYSIACwwLpg@25",f
"Qp2bTeOtEeS_7SIACxCfaQ@2",t
"Qvr95uOtEeS_7SIACxCfaQ@2",t
"22_2iUxQEeSreiIACxAQNA@20",f
"UXR0Tjv1EeSGwyIACxCdDw@7",f
"v8NquAYwEeWbwyIAC9RJUQ@1",f
"JS4fRAaDEeW3OCIAC44JnQ@1",t
"bI5E1lIDEeSghiIACzYImw@6",f
"P2JG--OtEeS_7SIACxCfaQ@1",t
"QoFhfuOtEeS_7SIACxCfaQ@2",t
"Q3PXFuOtEeS_7SIACxCfaQ@3",t
"P478h-OtEeS_7SIACxCfaQ@3",t
"2U5JP0uEEeSHzCIAC0EV2A@63",f
"P41O1OOtEeS_7SIACxCfaQ@2",t
"P_a-ZOOtEeS_7SIACxCfaQ@2",t
"XTVnZEYBEeSAFiIACyyIrg@57",f
"EpTtiEYIEeSjvSIACwQQbQ@33",f
"FU4h41FrEeS7PCIAC00KaA@42",f
"QUzY1-OtEeS_7SIACxCfaQ@3",t
"Qar-y-OtEeS_7SIACxCfaQ@2",t
"3oZdzVIBEeSghiIACzYImw@20",f
"P2YXkeOtEeS_7SIACxCfaQ@2",t
"V5ls8FePEeSpXSIAC1WFBA@18",f
"QHjAPuOtEeS_7SIACxCfaQ@2",t
"P4rd0eOtEeS_7SIACxCfaQ@2",t
"P9TeWOOtEeS_7SIACxCfaQ@2",t
"nbZngkuTEeS5fSIACy-OMw@6",f
"QVWLcOOtEeS_7SIACxCfaQ@2",t
"spxVvj5gEeSOlCIAC00Glw@75",f
"GL9_5QxIEeWCbSIAC7VFZw@1",f
"P0mOweOtEeS_7SIACxCfaQ@1",t
"P__mMOOtEeS_7SIACxCfaQ@2",t
"P1NSz-OtEeS_7SIACxCfaQ@1",t
"QwAuE-OtEeS_7SIACxCfaQ@3",t
"WpZP_1FuEeSghiIACzYImw@17",f
"QF9EreOtEeS_7SIACxCfaQ@2",t
"QKvdZeOtEeS_7SIACxCfaQ@2",t
"io0k-VIEEeS_tCIACxOEyQ@57",f
"P05Jt-OtEeS_7SIACxCfaQ@3",t
"P2P0ruOtEeS_7SIACxCfaQ@3",t
"Qd5qCeOtEeS_7SIACxCfaQ@2",t
"ZYd4QEuTEeSHzCIAC0EV2A@10",f
"P851r-OtEeS_7SIACxCfaQ@2",t
"Xjxyu0WZEeSA6iIACwuPTQ@65",f
"Q3oYr-OtEeS_7SIACxCfaQ@3",t
"Vmgu7EuBEeSHzCIAC0EV2A@136",f
"OVHXr1IAEeSghiIACzYImw@33",f
"P1CTq-OtEeS_7SIACxCfaQ@3",t
"P41O1OOtEeS_7SIACxCfaQ@1",t
"P4rd0eOtEeS_7SIACxCfaQ@1",t
"QAeuaeOtEeS_7SIACxCfaQ@2",t
"QIrBtuOtEeS_7SIACxCfaQ@2",t
"M02TulIKEeSstCIAC1GOZw@62",f
"v8pIrQYwEeWbwyIAC9RJUQ@1",f
"Qf2yFeOtEeS_7SIACxCfaQ@2",t
"QgMJTuOtEeS_7SIACxCfaQ@2",t
"wQo_9-B0EeStlCIAC2mB7Q@5",f
"Qm_VL-OtEeS_7SIACxCfaQ@2",t
"WQpM6FeNEeSvEiIACyyVhg@14",f
"eRmSBkvaEeS5fSIACy-OMw@31",f
"JStgIAaDEeW3OCIAC44JnQ@1",t
"P4GO9eOtEeS_7SIACxCfaQ@3",t
"QL0bh-OtEeS_7SIACxCfaQ@2",t
"QZnAqOOtEeS_7SIACxCfaQ@2",f
"lhA0Z1eXEeSpXSIAC1WFBA@18",f
"QBpzMeOtEeS_7SIACxCfaQ@3",t
"Qoct6uOtEeS_7SIACxCfaQ@2",t
"C0EY7ExEEeSreiIACxAQNA@9",f
"P1ZgEuOtEeS_7SIACxCfaQ@3",t
"QEiIROOtEeS_7SIACxCfaQ@2",t
"QcVjt-OtEeS_7SIACxCfaQ@2",t
"syiVOkWhEeScGCIAC0uBoQ@9",f
"tbuRmEWgEeS5PCIACyoMqg@17",f
"v8pIrgYwEeWbwyIAC9RJUQ@1",f
"Lhq0Bkw_EeSreiIACxAQNA@85",f
"QGfQOeOtEeS_7SIACxCfaQ@2",t
"QIGZ6uOtEeS_7SIACxCfaQ@2",t
"v8Z4DAYwEeWbwyIAC9RJUQ@1",f
"P1mUZeOtEeS_7SIACxCfaQ@2",t
"QoxeFuOtEeS_7SIACxCfaQ@2",t
"syiVOkWhEeScGCIAC0uBoQ@8",f
"Q4QDy-OtEeS_7SIACxCfaQ@3",t
"QnFb0uOtEeS_7SIACxCfaQ@4",t
"P3fx9uOtEeS_7SIACxCfaQ@3",t
"P3t0bOOtEeS_7SIACxCfaQ@2",t
"P4GO9eOtEeS_7SIACxCfaQ@1",t
"ttKaAUxPEeSreiIACxAQNA@38",f
"QpsDN-OtEeS_7SIACxCfaQ@3",t
"JTWYfAaDEeW3OCIAC44JnQ@1",t
"P9lyPuOtEeS_7SIACxCfaQ@2",t
"QSMwneOtEeS_7SIACxCfaQ@2",t
"P1ZgEuOtEeS_7SIACxCfaQ@1",t
"QBWRK-OtEeS_7SIACxCfaQ@2",t
"ZYd4QEuTEeSHzCIAC0EV2A@11",f
"Vmgu7EuBEeSHzCIAC0EV2A@134",f
"QYMrUOOtEeS_7SIACxCfaQ@2",t
"0KNXFFeQEeSvEiIACyyVhg@13",f
"QLE0m-OtEeS_7SIACxCfaQ@2",t
"QaTkROOtEeS_7SIACxCfaQ@2",t
"QAVkduOtEeS_7SIACxCfaQ@2",t
"QHqVAeOtEeS_7SIACxCfaQ@2",t
"mTL7SkuLEeSHzCIAC0EV2A@50",f
"Cj71QeBuEeSTvSIAC4tIYg@28",f
"Q27N_eOtEeS_7SIACxCfaQ@2",t
"QKBEmOOtEeS_7SIACxCfaQ@2",t
"QbB8EuOtEeS_7SIACxCfaQ@2",t
"4DfKS0xOEeS5fSIACy-OMw@20",f
"WF22-EWuEeSz3SIACzWA_Q@14",f
"JTWYewaDEeW3OCIAC44JnQ@2",t
"JwTXm1H6EeSrHSIACzWC9Q@21",f
"Q6b1YeOtEeS_7SIACxCfaQ@3",t
"QgY9pOOtEeS_7SIACxCfaQ@2",t
"QngSmeOtEeS_7SIACxCfaQ@2",t
"iM09d-2GEeSCCCIAC1WXbA@1",t
"4DfKS0xOEeS5fSIACy-OMw@17",f
"Q4pFZ-OtEeS_7SIACxCfaQ@3",t
"QWc-wuOtEeS_7SIACxCfaQ@2",t
"spxVvj5gEeSOlCIAC00Glw@70",f
"0KNXFFeQEeSvEiIACyyVhg@14",f
"P30iH-OtEeS_7SIACxCfaQ@1",t
"P9coS-OtEeS_7SIACxCfaQ@2",t
"QBEkVeOtEeS_7SIACxCfaQ@2",t
"QfwrcuOtEeS_7SIACxCfaQ@2",t
"QpQlWOOtEeS_7SIACxCfaQ@2",t
"JTHH1QaDEeW3OCIAC44JnQ@2",t
"QUa-UeOtEeS_7SIACxCfaQ@2",t
"QwRz3OOtEeS_7SIACxCfaQ@3",t
"P8keeeOtEeS_7SIACxCfaQ@2",t
"Q3WEyeOtEeS_7SIACxCfaQ@4",t
"QkuyrkxMEeSreiIACxAQNA@52",f
"v8L1fAYwEeWbwyIAC9RJUQ@1",f
"LVLdpuBtEeSWlyIAC0uSJA@47",f
"Qf84uOOtEeS_7SIACxCfaQ@2",t
"P2z1auOtEeS_7SIACxCfaQ@3",t
"_TydWVeREeSpXSIAC1WFBA@4",f
"cK-2lDv0EeS9XCIAC0GF3g@26",f
"ptcV2VeTEeSvEiIACyyVhg@22",f
"P4rd0eOtEeS_7SIACxCfaQ@3",t
"QFOEzuOtEeS_7SIACxCfaQ@2",t
"QYBFHeOtEeS_7SIACxCfaQ@3",t
"P2AkGOOtEeS_7SIACxCfaQ@1",t
"QGGOoOOtEeS_7SIACxCfaQ@2",t
"QcHhROOtEeS_7SIACxCfaQ@2",t
"Qpw7uuOtEeS_7SIACxCfaQ@2",t
"QHO3KOOtEeS_7SIACxCfaQ@2",t
"v8ohmAYwEeWbwyIAC9RJUQ@1",f
"C8HmOlH9EeSNzyIACxeZkA@52",f
"OVHXr1IAEeSghiIACzYImw@32",f
"P30iH-OtEeS_7SIACxCfaQ@2",t
"2U5JP0uEEeSHzCIAC0EV2A@62",f
"P2P0ruOtEeS_7SIACxCfaQ@2",t
"P2qrd-OtEeS_7SIACxCfaQ@3",t
"QkuyrkxMEeSreiIACxAQNA@54",f
"QwX6f-OtEeS_7SIACxCfaQ@3",t
"v8Yp4gYwEeWbwyIAC9RJUQ@1",f
"v8ZQ9wYwEeWbwyIAC9RJUQ@1",f
"P2z1auOtEeS_7SIACxCfaQ@1",t
"QWHAfOOtEeS_7SIACxCfaQ@2",t
"Qn1CxeOtEeS_7SIACxCfaQ@2",t
"0JAxP0xREeS5fSIACy-OMw@6",f
"EpTtiEYIEeSjvSIACwQQbQ@32",f
"QZym2-OtEeS_7SIACxCfaQ@2",t
"wQqOR-B0EeSwyyIAC8qcgg@6",f
"P4PY6OOtEeS_7SIACxCfaQ@2",t
"P2AkGOOtEeS_7SIACxCfaQ@2",t
"ZARsWuD4EeSQjSIAC1SZBQ@34",f
"iNVT3O2GEeSCCCIAC1WXbA@1",t
"QnlLHOOtEeS_7SIACxCfaQ@2",t
"Qor-g-OtEeS_7SIACxCfaQ@2",t
"P3nGueOtEeS_7SIACxCfaQ@1",t
"QFyFiuOtEeS_7SIACxCfaQ@2",t
"QS6iWeOtEeS_7SIACxCfaQ@2",t
"QWy9COOtEeS_7SIACxCfaQ@2",t
"QvDEnuOtEeS_7SIACxCfaQ@2",t
"QmipMOOtEeS_7SIACxCfaQ@2",t
"P3LB0OOtEeS_7SIACxCfaQ@1",t
"4DfKS0xOEeS5fSIACy-OMw@16",f
"JTHu5waDEeW3OCIAC44JnQ@1",t
"QBWRK-OtEeS_7SIACxCfaQ@3",t
"QYtoueOtEeS_7SIACxCfaQ@2",t
"Qo29qeOtEeS_7SIACxCfaQ@2",t
"qCdU5UxNEeSHzCIAC0EV2A@34",f
"P1NSz-OtEeS_7SIACxCfaQ@2",t
"Q2qIN-OtEeS_7SIACxCfaQ@2",t
"P5FGeuOtEeS_7SIACxCfaQ@2",t
"QJp4MuOtEeS_7SIACxCfaQ@2",t
"QkuyrkxMEeSreiIACxAQNA@56",f
"QpcLjuOtEeS_7SIACxCfaQ@3",f
"Qxy2_eOtEeS_7SIACxCfaQ@3",t
"Q5wf3OOtEeS_7SIACxCfaQ@2",t
"QLdPIeOtEeS_7SIACxCfaQ@2",t
"QTFhfOOtEeS_7SIACxCfaQ@2",t
"QZQbUuOtEeS_7SIACxCfaQ@2",t
"bI5E1lIDEeSghiIACzYImw@5",f
"P2z1auOtEeS_7SIACxCfaQ@2",t
"QSMwneOtEeS_7SIACxCfaQ@3",t
"QYXDY-OtEeS_7SIACxCfaQ@2",t
"4DfKS0xOEeS5fSIACy-OMw@18",f
"OWgSi-BzEeSwcCIAC45I6w@21",f
"P5FGeuOtEeS_7SIACxCfaQ@3",t
"QesUUeOtEeS_7SIACxCfaQ@2",t
"QviM4OOtEeS_7SIACxCfaQ@2",t
"P3LB0OOtEeS_7SIACxCfaQ@2",t
"QHWy--OtEeS_7SIACxCfaQ@2",t
"lhA0Z1eXEeSpXSIAC1WFBA@19",f
"QvX0yuOtEeS_7SIACxCfaQ@2",t
"JS9-3waDEeW3OCIAC44JnQ@1",t
"qZDjKUWmEeSo5CIAC0yGfg@23",f
"tBFXiVdrEeSYzSIACyybNw@33",f
"uHzy50uEEeS5fSIACy-OMw@63",f
"JSsR-QaDEeW3OCIAC44JnQ@1",t
"P2YXkeOtEeS_7SIACxCfaQ@3",t
"UXR0Tjv1EeSGwyIACxCdDw@8",f
"QB7gB-OtEeS_7SIACxCfaQ@2",t
"QUAum-OtEeS_7SIACxCfaQ@2",t
"iOezWFH5EeS7PCIAC00KaA@27",f
"QGwV_-OtEeS_7SIACxCfaQ@2",t
"QUnypOOtEeS_7SIACxCfaQ@3",t
"Vmgu7EuBEeSHzCIAC0EV2A@131",f
"P4iT3uOtEeS_7SIACxCfaQ@3",t
"Ryi4XzvzEeS9XCIAC0GF3g@16",f
"Qv2V_eOtEeS_7SIACxCfaQ@2",t
"wQqOR-B0EeSwyyIAC8qcgg@5",f
"JSnZcgaDEeW3OCIAC44JnQ@1",f
"jmq_OVICEeSghiIACzYImw@13",f
"QfEHzeOtEeS_7SIACxCfaQ@2",t
"QxWyDuOtEeS_7SIACxCfaQ@2",t
"JTIV_QaDEeW3OCIAC44JnQ@1",t
"P5FGeuOtEeS_7SIACxCfaQ@1",t
"QfJnYOOtEeS_7SIACxCfaQ@2",t
"uVbpzDvzEeSyOiIACzUIaw@19",f
"encu7VIGEeSrHSIACzWC9Q@13",f
"gtebwldsEeSvEiIACyyVhg@20",f
"7zTddOEGEeSUHyIAC2iYQg@71",f
"P05Jt-OtEeS_7SIACxCfaQ@1",t
"QwhrheOtEeS_7SIACxCfaQ@3",t
"tChDK1IMEeSstCIAC1GOZw@20",f
"P9KUZeOtEeS_7SIACxCfaQ@2",t
"3oZdzVIBEeSghiIACzYImw@21",f
"JS-k8QaDEeW3OCIAC44JnQ@1",t
"v8ohlwYwEeWbwyIAC9RJUQ@1",f
"JTWYewaDEeW3OCIAC44JnQ@1",t
"YqYm80vZEeSHzCIAC0EV2A@40",f
"v81V-AYwEeWbwyIAC9RJUQ@1",f
"mTL7SkuLEeSHzCIAC0EV2A@49",f
"nv7uJleYEeSjYSIACwwLpg@24",f
"P-6A--OtEeS_7SIACxCfaQ@2",t
"P2qrd-OtEeS_7SIACxCfaQ@1",t
"i7UpHjvxEeSGwyIACxCdDw@20",f
"P4PY6OOtEeS_7SIACxCfaQ@1",t
"Q3WEyeOtEeS_7SIACxCfaQ@3",t
"QW-jO-OtEeS_7SIACxCfaQ@2",t
"QWR_n-OtEeS_7SIACxCfaQ@2",t
"Qd_JnOOtEeS_7SIACxCfaQ@2",t
"P3nGueOtEeS_7SIACxCfaQ@3",t
"QxiYROOtEeS_7SIACxCfaQ@3",t
"P4PY6OOtEeS_7SIACxCfaQ@3",t
"QJF4f-OtEeS_7SIACxCfaQ@2",t
"encu7VIGEeSrHSIACzWC9Q@14",f
"P-BQF-OtEeS_7SIACxCfaQ@2",t
"P1NSz-OtEeS_7SIACxCfaQ@3",t
"QEMxDuOtEeS_7SIACxCfaQ@2",t
"jmq_OVICEeSghiIACzYImw@14",f
"0A7PtVeWEeSfSyIAC0YM_A@14",f
"QFfKlOOtEeS_7SIACxCfaQ@2",t
"NiAuXOD3EeSJISIAC4SSyA@45",f
"P4X7y-OtEeS_7SIACxCfaQ@1",t
"QFCemuOtEeS_7SIACxCfaQ@2",t
"P05Jt-OtEeS_7SIACxCfaQ@2",t
"iNGqUe2GEeSCCCIAC1WXbA@1",t
"QfPuA-OtEeS_7SIACxCfaQ@2",t
"v8ZQ-gYwEeWbwyIAC9RJUQ@1",f
"wUTHTFeOEeSjYSIACwwLpg@23",f
"T50To0vcEeSHzCIAC0EV2A@32",f
"tNdqWzv1EeS9XCIAC0GF3g@6",f
"22_2iUxQEeSreiIACxAQNA@21",f
"P4X7y-OtEeS_7SIACxCfaQ@2",t
"P9CYkuOtEeS_7SIACxCfaQ@2",t
"SLaLK0xDEeS5fSIACy-OMw@28",f
"_tS3Dj80EeSbJiIAC0KQBw@63",f
"P37P0uOtEeS_7SIACxCfaQ@3",f
"gtebwldsEeSvEiIACyyVhg@19",f
"P3fx9uOtEeS_7SIACxCfaQ@2",t
"Qome8OOtEeS_7SIACxCfaQ@2",t
"JS5GVwaDEeW3OCIAC44JnQ@1",t
"kwQL10WfEeS5PCIACyoMqg@11",f
"P2-NfeOtEeS_7SIACxCfaQ@1",t
"QZE1H-OtEeS_7SIACxCfaQ@2",t
"QFWnseOtEeS_7SIACxCfaQ@2",t
"Qexz5OOtEeS_7SIACxCfaQ@2",t
"ek9c7kuREeSreiIACxAQNA@32",f
"2U5JP0uEEeSHzCIAC0EV2A@64",f
"Q3JQc-OtEeS_7SIACxCfaQ@3",t
"QfV0puOtEeS_7SIACxCfaQ@2",t
"QvSVN-OtEeS_7SIACxCfaQ@2",t
"QeLW4uOtEeS_7SIACxCfaQ@2",t
"tChDK1IMEeSstCIAC1GOZw@21",f
"QTdU8uOtEeS_7SIACxCfaQ@2",t
"Qcgi2uOtEeS_7SIACxCfaQ@2",t
"QZ9l_uOtEeS_7SIACxCfaQ@2",f
"QgfrV-OtEeS_7SIACxCfaQ@2",t
"uVbpzDvzEeSyOiIACzUIaw@18",f
"P37P0uOtEeS_7SIACxCfaQ@2",f
"trs7Mjv0EeS9XCIAC0GF3g@18",f
"g9iWTkWkEeSo5CIAC0yGfg@14",f
"tbuRmEWgEeS5PCIACyoMqg@16",f
"0SLQjFeZEeSpXSIAC1WFBA@14",f
"Ln6JaleMEeSvEiIACyyVhg@7",f
"HZ-IKeB0EeSTvSIAC4tIYg@4",f
"P4iT3uOtEeS_7SIACxCfaQ@1",t
"QCsVE-OtEeS_7SIACxCfaQ@3",t
"QgENe-OtEeS_7SIACxCfaQ@2",t
"QkuyrkxMEeSreiIACxAQNA@53",f
"QbXTSOOtEeS_7SIACxCfaQ@2",t
"QBgCLuOtEeS_7SIACxCfaQ@3",t
"QVLMTeOtEeS_7SIACxCfaQ@2",t
"QX2F-uOtEeS_7SIACxCfaQ@2",t
"_tS3Dj80EeSbJiIAC0KQBw@62",f
"P2iIlOOtEeS_7SIACxCfaQ@3",t
"QBOVWOOtEeS_7SIACxCfaQ@2",t
"QToUFeOtEeS_7SIACxCfaQ@2",t
"QdKDI-OtEeS_7SIACxCfaQ@2",t
"tNdqWzv1EeS9XCIAC0GF3g@5",f
"QUzY1-OtEeS_7SIACxCfaQ@2",t
"P95UROOtEeS_7SIACxCfaQ@2",t
"QXI7TuOtEeS_7SIACxCfaQ@2",t
"Qnqqr-OtEeS_7SIACxCfaQ@2",t
"0JAxP0xREeS5fSIACy-OMw@5",f
"QJ1eZeOtEeS_7SIACxCfaQ@2",t
"qZDjKUWmEeSo5CIAC0yGfg@22",f
"QT1veOOtEeS_7SIACxCfaQ@2",t
"JTIV-waDEeW3OCIAC44JnQ@1",t
"QWn95eOtEeS_7SIACxCfaQ@2",t
"QpsDN-OtEeS_7SIACxCfaQ@2",t
"v8Yp4QYwEeWbwyIAC9RJUQ@1",f
"Lhq0Bkw_EeSreiIACxAQNA@86",f
"cK-2lDv0EeS9XCIAC0GF3g@25",f
"Q5mHxuOtEeS_7SIACxCfaQ@3",t
"Cj71QeBuEeSTvSIAC4tIYg@29",f
"io0k-VIEEeS_tCIACxOEyQ@56",f
"P37P0uOtEeS_7SIACxCfaQ@1",f
"QDltAuOtEeS_7SIACxCfaQ@2",t
"QgSP8eOtEeS_7SIACxCfaQ@2",t
"ttKaAUxPEeSreiIACxAQNA@39",f
"P3t0bOOtEeS_7SIACxCfaQ@1",t
"am9gZ0YcEeS5vSIAC0cTlg@18",f
"Qedqy-OtEeS_7SIACxCfaQ@2",t
"v8NqtgYwEeWbwyIAC9RJUQ@1",f
"4DfKS0xOEeS5fSIACy-OMw@19",f
"8oKpUD5cEeShYyIACy-TtA@44",f
"P_FAHuOtEeS_7SIACxCfaQ@2",t
"QBgCLuOtEeS_7SIACxCfaQ@2",t
"Go3Wr1IDEeSghiIACzYImw@6",f
"3yNdYEWjEeSA6iIACwuPTQ@5",f
"P8bUhuOtEeS_7SIACxCfaQ@5",t
"QBpzMeOtEeS_7SIACxCfaQ@2",t
"P-RuzuOtEeS_7SIACxCfaQ@2",t
"P3XPE-OtEeS_7SIACxCfaQ@3",t
"tBFXiVdrEeSYzSIACyybNw@32",f
"P3XPE-OtEeS_7SIACxCfaQ@1",t
"T50To0vcEeSHzCIAC0EV2A@31",f
"ED0t7EWmEeSRXSIACxcGgw@4",f
"Qe-BKuOtEeS_7SIACxCfaQ@2",t
"P2-NfeOtEeS_7SIACxCfaQ@2",t
"QAKlU-OtEeS_7SIACxCfaQ@2",t
"QHHiZeOtEeS_7SIACxCfaQ@2",t
"Qag_p-OtEeS_7SIACxCfaQ@2",t
"QXVIkeOtEeS_7SIACxCfaQ@2",t
"0ZdXuD5bEeShYyIACy-TtA@74",f
"Go3Wr1IDEeSghiIACzYImw@7",f
"JTVxZgaDEeW3OCIAC44JnQ@1",t
"P0v_xOOtEeS_7SIACxCfaQ@2",t
"QKj3MuOtEeS_7SIACxCfaQ@3",t
"QczdzeOtEeS_7SIACxCfaQ@3",t
"QSjV8-OtEeS_7SIACxCfaQ@2",t
"WQpM6FeNEeSvEiIACyyVhg@13",f
"7zTddOEGEeSUHyIAC2iYQg@70",f
"QCsVE-OtEeS_7SIACxCfaQ@2",t
"WpZP_1FuEeSghiIACzYImw@18",f
"0SLQjFeZEeSpXSIAC1WFBA@13",f
"Qo72LOOtEeS_7SIACxCfaQ@2",t
"am9gZ0YcEeS5vSIAC0cTlg@19",f
"QVANKuOtEeS_7SIACxCfaQ@2",t
"Quo03-OtEeS_7SIACxCfaQ@2",t
"Q4cREeOtEeS_7SIACxCfaQ@3",t
"QV8BWeOtEeS_7SIACxCfaQ@2",t
"QYiChuOtEeS_7SIACxCfaQ@2",t
"NiAuXOD3EeSJISIAC4SSyA@44",f
"QGVfNuOtEeS_7SIACxCfaQ@2",t
"QVlcA-OtEeS_7SIACxCfaQ@2",t
"P1CTq-OtEeS_7SIACxCfaQ@2",t
"QFpip-OtEeS_7SIACxCfaQ@2",t
"QmdJneOtEeS_7SIACxCfaQ@2",t
"s00d71FwEeSNzyIACxeZkA@27",f
"Q5gBI-OtEeS_7SIACxCfaQ@3",t
"QdVpVuOtEeS_7SIACxCfaQ@2",t
"Qp764OOtEeS_7SIACxCfaQ@2",t
"Q2RtquOtEeS_7SIACxCfaQ@2",t
"2fnCP0WiEeSo5CIAC0yGfg@10",f
"QUnypOOtEeS_7SIACxCfaQ@2",t
"QXrG1-OtEeS_7SIACxCfaQ@2",t
"mGG710YFEeSjvSIACwQQbQ@70",f
"JTHH1QaDEeW3OCIAC44JnQ@1",t
"YqYm80vZEeSHzCIAC0EV2A@39",f
"QczdzeOtEeS_7SIACxCfaQ@2",t
"QA6zUuOtEeS_7SIACxCfaQ@2",t
"QECY--OtEeS_7SIACxCfaQ@2",t
"v8pvwQYwEeWbwyIAC9RJUQ@1",f
"QbMUJeOtEeS_7SIACxCfaQ@2",t
"QmRjZ-OtEeS_7SIACxCfaQ@3",t
"2U5JP0uEEeSHzCIAC0EV2A@65",f
"QoRHtOOtEeS_7SIACxCfaQ@2",f
"eRmSBkvaEeS5fSIACy-OMw@32",f
"P4iT3uOtEeS_7SIACxCfaQ@2",t
"ZARsWuD4EeSQjSIAC1SZBQ@33",f
"h5tQsFFvEeSNzyIACxeZkA@43",f
"nbZngkuTEeS5fSIACy-OMw@5",f
"QK51eOOtEeS_7SIACxCfaQ@2",t
"QYBFHeOtEeS_7SIACxCfaQ@2",t
"QeW9GOOtEeS_7SIACxCfaQ@2",t
"X4grUFH-EeS7PCIAC00KaA@39",f
"_TydWVeREeSpXSIAC1WFBA@5",f
"iNVT3-2GEeSCCCIAC1WXbA@1",t
"iNV68e2GEeSCCCIAC1WXbA@1",t
"P2iIlOOtEeS_7SIACxCfaQ@1",t
"QxG6ZeOtEeS_7SIACxCfaQ@3",t
"s00d71FwEeSNzyIACxeZkA@26",f
"P_q2CuOtEeS_7SIACxCfaQ@2",t
"QEx_5-OtEeS_7SIACxCfaQ@2",t
"xXRjOFeVEeSpXSIAC1WFBA@26",f
"P2iIlOOtEeS_7SIACxCfaQ@2",t
"P41O1OOtEeS_7SIACxCfaQ@3",t
"Q5OUSeOtEeS_7SIACxCfaQ@3",t
"v8NDoAYwEeWbwyIAC9RJUQ@1",f
"3yNdYEWjEeSA6iIACwuPTQ@6",f
"ptcV2VeTEeSvEiIACyyVhg@21",f
"QDPHrOOtEeS_7SIACxCfaQ@2",t
"P-JL6uOtEeS_7SIACxCfaQ@2",t
"P2P0ruOtEeS_7SIACxCfaQ@1",t
"P2YXkeOtEeS_7SIACxCfaQ@1",t
"P3fx9uOtEeS_7SIACxCfaQ@1",t
"QpAur-OtEeS_7SIACxCfaQ@2",t
"QxCB4uOtEeS_7SIACxCfaQ@3",t
"g9iWTkWkEeSo5CIAC0yGfg@13",f
"JTVxZQaDEeW3OCIAC44JnQ@1",t
"P-ct8eOtEeS_7SIACxCfaQ@2",t
"QDbU7-OtEeS_7SIACxCfaQ@2",t
"Qm0WCeOtEeS_7SIACxCfaQ@2",t
"Vmgu7EuBEeSHzCIAC0EV2A@135",f
"LVLdpuBtEeSWlyIAC0uSJA@48",f
"M8l11FeSEeSjYSIACwwLpg@44",f
"P8vdnOOtEeS_7SIACxCfaQ@2",t
"QAxpX-OtEeS_7SIACxCfaQ@2",t
"QpcLjuOtEeS_7SIACxCfaQ@2",f
"JSs5DQaDEeW3OCIAC44JnQ@1",t
"QIZ78OOtEeS_7SIACxCfaQ@2",t
"QLo1VOOtEeS_7SIACxCfaQ@3",t
"Qc_EAOOtEeS_7SIACxCfaQ@2",f
"Qw7UL-OtEeS_7SIACxCfaQ@3",t
"V8hrTwaeEeWCQyIAC5XEog@2",t
"P1mUZeOtEeS_7SIACxCfaQ@1",t
"QCDb2uOtEeS_7SIACxCfaQ@2",t
"QGnMDOOtEeS_7SIACxCfaQ@2",t
"QXgHtOOtEeS_7SIACxCfaQ@2",t
"QnFb0uOtEeS_7SIACxCfaQ@2",t
"P4X7y-OtEeS_7SIACxCfaQ@3",t
"QH9P9-OtEeS_7SIACxCfaQ@2",t
"QIhQs-OtEeS_7SIACxCfaQ@2",t
"QpWE6-OtEeS_7SIACxCfaQ@2",t
"2U5JP0uEEeSHzCIAC0EV2A@66",f
"QByWFOOtEeS_7SIACxCfaQ@2",t
"Z4_VSVFqEeSrHSIACzWC9Q@60",f
"C0EY7ExEEeSreiIACxAQNA@8",f
"P0mOweOtEeS_7SIACxCfaQ@2",t
"P478h-OtEeS_7SIACxCfaQ@1",t
"QKMqy-OtEeS_7SIACxCfaQ@2",t
"Vmgu7EuBEeSHzCIAC0EV2A@132",f
"Q6h8BOOtEeS_7SIACxCfaQ@3",t
"Qbi5e-OtEeS_7SIACxCfaQ@2",t
"QeRdheOtEeS_7SIACxCfaQ@2",t
"QemNruOtEeS_7SIACxCfaQ@2",t
"Qn6iWOOtEeS_7SIACxCfaQ@2",t
"QohmbeOtEeS_7SIACxCfaQ@2",t
"QpGNQuOtEeS_7SIACxCfaQ@2",t
"WF22-EWuEeSz3SIACzWA_Q@13",f
"FU4h41FrEeS7PCIAC00KaA@43",f
"GARA7FeLEeSvEiIACyyVhg@18",f
"v8n6gwYwEeWbwyIAC9RJUQ@1",f
"QD2yyOOtEeS_7SIACxCfaQ@2",t
"Qpw7uuOtEeS_7SIACxCfaQ@4",t
"QL0bh-OtEeS_7SIACxCfaQ@3",t
"QKXp7-OtEeS_7SIACxCfaQ@3",t
"V8hrTwaeEeWCQyIAC5XEog@1",t
"2fnCP0WiEeSo5CIAC0yGfg@9",f
"P478h-OtEeS_7SIACxCfaQ@2",t
"Ln6JaleMEeSvEiIACyyVhg@8",f
"P4GO9eOtEeS_7SIACxCfaQ@2",t
"QC5JZuOtEeS_7SIACxCfaQ@2",t
"QCVvwOOtEeS_7SIACxCfaQ@3",t
"QnFb0uOtEeS_7SIACxCfaQ@3",t
"ED0t7EWmEeSRXSIACxcGgw@5",f
"Q2eiAeOtEeS_7SIACxCfaQ@2",t
"eCdJEUWdEeSo5CIAC0yGfg@25",f
"v8Yp4gYwEeWbwyIAC9RJUQ@2",f
"Qbt4nuOtEeS_7SIACxCfaQ@2",t
"wQnLC-B0EeS2ayIAC7NlsA@5",f
"P_hsF-OtEeS_7SIACxCfaQ@2",t
"QnazBuOtEeS_7SIACxCfaQ@2",t
"QoAB6-OtEeS_7SIACxCfaQ@2",t
"Qpw7uuOtEeS_7SIACxCfaQ@3",t
"Bx_N_1FsEeSrHSIACzWC9Q@27",f
"QEWiEeOtEeS_7SIACxCfaQ@2",t
"Vmgu7EuBEeSHzCIAC0EV2A@133",f
"cJCKtjvzEeSyOiIACzUIaw@10",f
"qTiIfj5pEeSKaCIACxeAPA@28",f
"P-ntFeOtEeS_7SIACxCfaQ@2",t
"QCVvwOOtEeS_7SIACxCfaQ@2",t
"QVxCNuOtEeS_7SIACxCfaQ@2",t
"QkuyrkxMEeSreiIACxAQNA@55",f
"qCdU5UxNEeSHzCIAC0EV2A@31",f
"P2JG--OtEeS_7SIACxCfaQ@2",t
"QG9xYuOtEeS_7SIACxCfaQ@2",t
"M8l11FeSEeSjYSIACwwLpg@43",f
"i7UpHjvxEeSGwyIACxCdDw@21",f
"Qe36h-OtEeS_7SIACxCfaQ@2",t
"wUTHTFeOEeSjYSIACwwLpg@22",f
"2U5JP0uEEeSHzCIAC0EV2A@61",f
"QAofbOOtEeS_7SIACxCfaQ@2",t
"QDuP5eOtEeS_7SIACxCfaQ@2",t
"SLaLK0xDEeS5fSIACy-OMw@29",f
"Z4_VSVFqEeSrHSIACzWC9Q@59",f
"qCdU5UxNEeSHzCIAC0EV2A@32",f
"xXRjOFeVEeSpXSIAC1WFBA@27",f
"JwTXm1H6EeSrHSIACzWC9Q@22",f
"V5ls8FePEeSpXSIAC1WFBA@19",f
"QmoIw-OtEeS_7SIACxCfaQ@2",t
