taiwan_discussions_user_id,course_id,discussion_question_id,discussion_question_following_active,discussion_question_following_ts
986d333961f8b5d57d8b33f0a217159f206516bc,"POZJ3uOtEeSoXCIACw4Gzg","Z0kzQiIbEeWHGCIACznL2w",t,2015-07-04 07:07:59.744
d235fb54ad258037707b6efbade1e76e954d84a5,"POZJ3uOtEeSoXCIACw4Gzg","Z0kzQiIbEeWHGCIACznL2w",t,2015-07-05 12:13:23.183
fd235b9092c625358e25e5a0d2e12838a5c962f3,"POZJ3uOtEeSoXCIACw4Gzg","Hgis_j24EeW2ASIACxeTpg",t,2015-08-08 10:27:49.214
5d171d77aca8d9ec29c62978fb8fa061eac4dc7d,"POZJ3uOtEeSoXCIACw4Gzg","DwoNA1L1EeWUBw792DK9fQ",t,2015-09-04 11:06:57.772
97c0a6cff5439b1f8f149152fe73f6f80be42831,"POZJ3uOtEeSoXCIACw4Gzg","-Cqm2SeAEeWSQSIAC5cRKQ",t,2015-08-29 16:56:19.364
99dd76bd02d512f875019966b3a3d9ca31e0b899,"POZJ3uOtEeSoXCIACw4Gzg","-Cqm2SeAEeWSQSIAC5cRKQ",t,2015-07-11 03:57:37.796
191552683106db31543b7c0b349f91274832720c,"POZJ3uOtEeSoXCIACw4Gzg","-Cqm2SeAEeWSQSIAC5cRKQ",t,2015-07-15 02:29:54.584
1f3f25c3e768aee521bfd83e4692ec04095b5314,"POZJ3uOtEeSoXCIACw4Gzg","Q588PhPcEeWYoCIAC5MBcw",t,2015-06-16 04:00:45.322
459ab83f3ee8f83d360a60aba84e1fa93a838395,"POZJ3uOtEeSoXCIACw4Gzg","RYY3lz93EeWm9SIAC5HAew",t,2015-08-10 15:48:40.529
191552683106db31543b7c0b349f91274832720c,"POZJ3uOtEeSoXCIACw4Gzg","RYY3lz93EeWm9SIAC5HAew",t,2015-08-11 12:18:57.324
aae28b5c7f3127dbe4a7aceba1641442c01ad7e4,"POZJ3uOtEeSoXCIACw4Gzg","RYY3lz93EeWm9SIAC5HAew",t,2015-08-11 07:03:35.752
1451c696e2b0afcb98545cdd3c788a0d287cbfee,"POZJ3uOtEeSoXCIACw4Gzg","pykWUaJxEeWG0xJGD15hdw",t,2015-12-14 14:47:52.489
3f94dde37aee84e8d4d360db14ad689208037685,"POZJ3uOtEeSoXCIACw4Gzg","IlW9FxceEeWd3iIAC7VAtA",t,2015-06-23 01:04:02.545
d235fb54ad258037707b6efbade1e76e954d84a5,"POZJ3uOtEeSoXCIACw4Gzg","IlW9FxceEeWd3iIAC7VAtA",t,2015-06-21 13:14:14.768
10830cc784241aded662e029038d0276480b4140,"POZJ3uOtEeSoXCIACw4Gzg","IlW9FxceEeWd3iIAC7VAtA",t,2015-06-20 07:29:49.741
53f1ea7abbe9a8d7b832252b33fef50a52186085,"POZJ3uOtEeSoXCIACw4Gzg","pRlsfRpUEeWYoCIAC5MBcw",t,2015-06-24 09:37:35.438
3c251d5f6e6a89f72ce56638da1a4242c4b93caf,"POZJ3uOtEeSoXCIACw4Gzg","xtkKohWzEeWA7CIAC5WDNQ",t,2015-06-18 12:15:58.436
ba07638a40e672bb0cc569b693cab9be37c19d01,"POZJ3uOtEeSoXCIACw4Gzg","AzTGsBPKEeWM2iIAC0KUpw",t,2015-06-16 01:50:06.316
4f0a01f960b1644467a7747e42050341d025468f,"POZJ3uOtEeSoXCIACw4Gzg","huZxqhl3EeWA7CIAC5WDNQ",t,2015-06-23 07:14:45.998
4d16634dada9096f81644aaec4098487e4b29299,"POZJ3uOtEeSoXCIACw4Gzg","AzTGsBPKEeWM2iIAC0KUpw",t,2015-06-22 00:32:34.915
404505cc8bec31d474bef4399ee08f4ee4a7adfc,"POZJ3uOtEeSoXCIACw4Gzg","AzTGsBPKEeWM2iIAC0KUpw",t,2015-06-19 14:57:54.718
0f8c4f696dd620bdbae4b5a3b3ef90ae9773f19a,"POZJ3uOtEeSoXCIACw4Gzg","AzTGsBPKEeWM2iIAC0KUpw",t,2015-06-16 13:30:50.392
0f8c4f696dd620bdbae4b5a3b3ef90ae9773f19a,"POZJ3uOtEeSoXCIACw4Gzg","AzTGsBPKEeWM2iIAC0KUpw",f,2015-06-16 13:30:53.637
d5055c39f32899851546b1ab684e000dd83eabbb,"POZJ3uOtEeSoXCIACw4Gzg","AzTGsBPKEeWM2iIAC0KUpw",t,2015-06-18 11:00:25.313
496dc708cfc3cc34aeb838427cbc6046cce48a45,"POZJ3uOtEeSoXCIACw4Gzg","AzTGsBPKEeWM2iIAC0KUpw",t,2015-06-16 09:47:54.056
6c2a8184e3e27ecefc3924f005d561a367ad7b53,"POZJ3uOtEeSoXCIACw4Gzg","AzTGsBPKEeWM2iIAC0KUpw",t,2015-07-08 11:50:56.055
191552683106db31543b7c0b349f91274832720c,"POZJ3uOtEeSoXCIACw4Gzg","AzTGsBPKEeWM2iIAC0KUpw",t,2015-06-24 05:16:27.662
1a1cbba8a8e1c9adbbc976d81f9620f3ceb93baf,"POZJ3uOtEeSoXCIACw4Gzg","Ay44o4HmEeWL6AoNmIctaQ",f,2015-11-03 05:13:29.502
1a1cbba8a8e1c9adbbc976d81f9620f3ceb93baf,"POZJ3uOtEeSoXCIACw4Gzg","Ay44o4HmEeWL6AoNmIctaQ",t,2015-11-03 04:47:40.111
1a1cbba8a8e1c9adbbc976d81f9620f3ceb93baf,"POZJ3uOtEeSoXCIACw4Gzg","Ay44o4HmEeWL6AoNmIctaQ",t,2015-11-03 05:13:32.847
e8fe5257247b531c60f9fb3cf6ab231d2e70d92f,"POZJ3uOtEeSoXCIACw4Gzg","AzTGsBPKEeWM2iIAC0KUpw",t,2015-08-07 14:09:21.334
21583fa60c54e80d123753aa526684df80875637,"POZJ3uOtEeSoXCIACw4Gzg","AzTGsBPKEeWM2iIAC0KUpw",t,2015-07-16 07:12:21.314
8102ae57a1c7b4c8cced46213df63f5b49f9a1be,"POZJ3uOtEeSoXCIACw4Gzg","tVZQcTNJEeWj5iIACwIAYw",t,2015-07-26 03:52:17.277
404505cc8bec31d474bef4399ee08f4ee4a7adfc,"POZJ3uOtEeSoXCIACw4Gzg","sjHftRaREeWd3iIAC7VAtA",t,2015-06-19 14:44:32.069
d235fb54ad258037707b6efbade1e76e954d84a5,"POZJ3uOtEeSoXCIACw4Gzg","sjHftRaREeWd3iIAC7VAtA",t,2015-06-20 00:46:11.838
59139fc9073288367d4ec381d7cbf3eda444e8b1,"POZJ3uOtEeSoXCIACw4Gzg","lmFlL9k0EeWwoQrbIHhKaQ",t,2016-02-22 07:19:18.937
3c251d5f6e6a89f72ce56638da1a4242c4b93caf,"POZJ3uOtEeSoXCIACw4Gzg","H_c4JhW0EeWA7CIAC5WDNQ",t,2015-06-18 12:18:27.96
daf160333d7554ebada7ad8286b291b220668504,"POZJ3uOtEeSoXCIACw4Gzg","sjHftRaREeWd3iIAC7VAtA",t,2015-06-19 23:15:44.456
955d69ea994f4dca2d02d2810b4f767645f1de11,"POZJ3uOtEeSoXCIACw4Gzg","s5_X4hVnEeWA7CIAC5WDNQ",t,2015-06-18 03:11:24.43
882a34625b9db3673642ea0d0c5f0b34017a9e9f,"POZJ3uOtEeSoXCIACw4Gzg","Hi2sqEGvEeWH9A5JyVdXvQ",f,2015-08-14 05:09:04.739
882a34625b9db3673642ea0d0c5f0b34017a9e9f,"POZJ3uOtEeSoXCIACw4Gzg","Hi2sqEGvEeWH9A5JyVdXvQ",t,2015-08-14 05:09:06.842
882a34625b9db3673642ea0d0c5f0b34017a9e9f,"POZJ3uOtEeSoXCIACw4Gzg","Hi2sqEGvEeWH9A5JyVdXvQ",t,2015-08-13 11:33:28.634
9abaea5ecfedaaa1dfe2bdd39f5c011bc8a37eac,"POZJ3uOtEeSoXCIACw4Gzg","s5_X4hVnEeWA7CIAC5WDNQ",t,2015-06-18 07:13:31.642
daf160333d7554ebada7ad8286b291b220668504,"POZJ3uOtEeSoXCIACw4Gzg","s5_X4hVnEeWA7CIAC5WDNQ",t,2015-06-18 07:19:40.624
c94519858b9a32d1663799847e04ab4f8cb2ddcd,"POZJ3uOtEeSoXCIACw4Gzg","YgC0ko81EeWIeBJxvl1elQ",t,2015-11-20 03:18:34.536
d235fb54ad258037707b6efbade1e76e954d84a5,"POZJ3uOtEeSoXCIACw4Gzg","sAl0S2QNEeWEHBK0qnR5nQ",t,2015-09-26 05:16:05.567
ba3efeaa87c4d265c59c19717a304e1b2d4a89c5,"POZJ3uOtEeSoXCIACw4Gzg","6CFfS8L3EeWqYApk6o1_2Q",t,2016-01-25 00:09:31.255
07e5ba1604c1765a0fcd4149a33c9ef5c9aa8f2f,"POZJ3uOtEeSoXCIACw4Gzg","7YVq_WcmEeWn7w41YP_VgQ",t,2015-09-30 03:54:19.629
d235fb54ad258037707b6efbade1e76e954d84a5,"POZJ3uOtEeSoXCIACw4Gzg","INjjh1e1EeWZ5g4_W5BoCw",t,2015-09-11 09:05:36.605
7e8b3442517dd86a73893dd9d1776254032016b3,"POZJ3uOtEeSoXCIACw4Gzg","INjjh1e1EeWZ5g4_W5BoCw",t,2015-09-10 12:11:55.667
1115a3d8d8099f51bf4f11a1f1df325e70cf3267,"POZJ3uOtEeSoXCIACw4Gzg","INjjh1e1EeWZ5g4_W5BoCw",t,2015-09-15 10:29:40.826
ded1381769b2dec6856dc1f20594ac2198e849a5,"POZJ3uOtEeSoXCIACw4Gzg","tzESgysHEeWw8CIACnuItg",t,2015-07-15 15:39:44.316
ab730cace8e82300da84370c40ffbb32fbc6411d,"POZJ3uOtEeSoXCIACw4Gzg","FyWYmIQuEeWZCxLh4264pw",t,2015-11-07 15:21:39.656
c7a657076773876324b4f722ba4b835a00caf7e6,"POZJ3uOtEeSoXCIACw4Gzg","FyWYmIQuEeWZCxLh4264pw",t,2015-11-06 02:28:39.696
d235fb54ad258037707b6efbade1e76e954d84a5,"POZJ3uOtEeSoXCIACw4Gzg","lVP8sCFpEeWmISIAC9QOog",t,2015-07-03 09:55:06.555
0b3d78a98f88c1ed078903e8be045bb10c1c569c,"POZJ3uOtEeSoXCIACw4Gzg","FLlP4T6bEeW2ASIACxeTpg",t,2015-08-09 13:32:29.349
4d16634dada9096f81644aaec4098487e4b29299,"POZJ3uOtEeSoXCIACw4Gzg","FLlP4T6bEeW2ASIACxeTpg",t,2015-08-24 01:10:56.467
19ee1e72d537df1d317ee37920669e36bb840b49,"POZJ3uOtEeSoXCIACw4Gzg","FLlP4T6bEeW2ASIACxeTpg",t,2015-12-12 14:36:24.411
7b1e99994ef835839d6f0913d100a71498925c45,"POZJ3uOtEeSoXCIACw4Gzg","FLlP4T6bEeW2ASIACxeTpg",t,2015-08-22 13:11:01.171
754be615cc45d802e712cb69f615927414de6aef,"POZJ3uOtEeSoXCIACw4Gzg","FLlP4T6bEeW2ASIACxeTpg",t,2015-12-02 16:46:34.192
2b62b0a07d54651220224022b4e3ab92f13e63b6,"POZJ3uOtEeSoXCIACw4Gzg","26lB_5X_EeWy0Q7ABZMsnQ",t,2015-11-28 18:43:03.947
496dc708cfc3cc34aeb838427cbc6046cce48a45,"POZJ3uOtEeSoXCIACw4Gzg","26lB_5X_EeWy0Q7ABZMsnQ",t,2015-12-05 16:23:33.433
faad194930bc4a015cb46cd7461e1ccd100ee7de,"POZJ3uOtEeSoXCIACw4Gzg","YgQauinfEeWIZyIAC0iPQg",t,2015-07-14 04:18:30.386
d235fb54ad258037707b6efbade1e76e954d84a5,"POZJ3uOtEeSoXCIACw4Gzg","v9Uq-2ckEeW1ShIhri4C5Q",t,2015-09-30 05:49:04.175
a845dcf0f9e78c6dab73009140a5452640503298,"POZJ3uOtEeSoXCIACw4Gzg","an2Gw1vzEeWYng6rkEfI9w",t,2015-09-15 21:47:52.683
df442be2c49a141c3a907e7e82e95370127f92c2,"POZJ3uOtEeSoXCIACw4Gzg","v9Uq-2ckEeW1ShIhri4C5Q",t,2015-09-30 03:38:43.981
a9e865e65ef8e9f51b62ffd4e7ca5140fd449c2f,"POZJ3uOtEeSoXCIACw4Gzg","an2Gw1vzEeWYng6rkEfI9w",t,2015-11-20 14:20:36.525
496dc708cfc3cc34aeb838427cbc6046cce48a45,"POZJ3uOtEeSoXCIACw4Gzg","mqbyFxOiEeWHGCIACznL2w",t,2015-06-15 23:06:36.203
ac42bbaef7ffacda82edb86955f70c384e204a36,"POZJ3uOtEeSoXCIACw4Gzg","mqbyFxOiEeWHGCIACznL2w",t,2015-06-15 21:08:00.518
d235fb54ad258037707b6efbade1e76e954d84a5,"POZJ3uOtEeSoXCIACw4Gzg","9SnFwRgaEeWmISIAC9QOog",t,2015-06-21 13:39:36.631
d235fb54ad258037707b6efbade1e76e954d84a5,"POZJ3uOtEeSoXCIACw4Gzg","kLowYh4MEeWd3iIAC7VAtA",t,2015-06-29 12:43:09.442
fe46a6917118fdb2e87021966e7db9918ee3cb26,"POZJ3uOtEeSoXCIACw4Gzg","kLowYh4MEeWd3iIAC7VAtA",t,2015-06-30 02:33:20.03
fe46a6917118fdb2e87021966e7db9918ee3cb26,"POZJ3uOtEeSoXCIACw4Gzg","kLowYh4MEeWd3iIAC7VAtA",t,2015-06-29 03:11:42.153
fe46a6917118fdb2e87021966e7db9918ee3cb26,"POZJ3uOtEeSoXCIACw4Gzg","kLowYh4MEeWd3iIAC7VAtA",f,2015-06-30 02:33:14.583
19883c652b4d30cf7032d3bd6acd011b2cb6d8a9,"POZJ3uOtEeSoXCIACw4Gzg","p3OS7oB7EeWZiRK7avAQuw",t,2015-11-01 12:07:21.971
b3de8bc3d5f873a316a38904128cc1bcdad49232,"POZJ3uOtEeSoXCIACw4Gzg","p3OS7oB7EeWZiRK7avAQuw",t,2015-11-01 15:59:26.279
5a51df8ed2cd7caf59fa0fcd72cd1e213c044167,"POZJ3uOtEeSoXCIACw4Gzg","p3OS7oB7EeWZiRK7avAQuw",f,2015-11-01 12:06:38.52
5a51df8ed2cd7caf59fa0fcd72cd1e213c044167,"POZJ3uOtEeSoXCIACw4Gzg","p3OS7oB7EeWZiRK7avAQuw",t,2015-11-01 12:06:34.042
5a51df8ed2cd7caf59fa0fcd72cd1e213c044167,"POZJ3uOtEeSoXCIACw4Gzg","p3OS7oB7EeWZiRK7avAQuw",t,2015-11-01 12:11:11.862
0b3d78a98f88c1ed078903e8be045bb10c1c569c,"POZJ3uOtEeSoXCIACw4Gzg","p3OS7oB7EeWZiRK7avAQuw",t,2015-12-03 03:11:05.486
48165df8a8dbff6194d942e9bbf20e1f5a28cd05,"POZJ3uOtEeSoXCIACw4Gzg","p3OS7oB7EeWZiRK7avAQuw",t,2015-11-02 16:05:05.22
d8b10dcf70c5711cc83568dd727a68638a4ccb03,"POZJ3uOtEeSoXCIACw4Gzg","p3OS7oB7EeWZiRK7avAQuw",t,2015-11-01 13:09:15.676
f28ca591223587167f7a14610ce82f8f48ae8028,"POZJ3uOtEeSoXCIACw4Gzg","p3OS7oB7EeWZiRK7avAQuw",t,2015-11-01 12:59:11.446
3458c881bd1a4caa7ffbc57aec2783b966444bed,"POZJ3uOtEeSoXCIACw4Gzg","p3OS7oB7EeWZiRK7avAQuw",t,2016-01-20 13:31:28.351
05613584c8a31b3b3b51795b311cd4a545792799,"POZJ3uOtEeSoXCIACw4Gzg","p3OS7oB7EeWZiRK7avAQuw",t,2015-11-01 10:23:41.442
090b7bfdfd08582c529804929b50e8cbd0ebdae6,"POZJ3uOtEeSoXCIACw4Gzg","p3OS7oB7EeWZiRK7avAQuw",t,2015-11-06 02:14:50.26
ab730cace8e82300da84370c40ffbb32fbc6411d,"POZJ3uOtEeSoXCIACw4Gzg","p3OS7oB7EeWZiRK7avAQuw",t,2015-11-07 15:20:13.147
4d420435417052450f9f8bc2d7a665f2e4554897,"POZJ3uOtEeSoXCIACw4Gzg","p3OS7oB7EeWZiRK7avAQuw",t,2015-11-01 14:29:48.527
1115a3d8d8099f51bf4f11a1f1df325e70cf3267,"POZJ3uOtEeSoXCIACw4Gzg","p3OS7oB7EeWZiRK7avAQuw",t,2015-11-01 15:39:34.096
1115a3d8d8099f51bf4f11a1f1df325e70cf3267,"POZJ3uOtEeSoXCIACw4Gzg","p3OS7oB7EeWZiRK7avAQuw",f,2015-11-08 04:42:12.584
fe46a6917118fdb2e87021966e7db9918ee3cb26,"POZJ3uOtEeSoXCIACw4Gzg","p3OS7oB7EeWZiRK7avAQuw",f,2015-11-01 13:25:59.479
fe46a6917118fdb2e87021966e7db9918ee3cb26,"POZJ3uOtEeSoXCIACw4Gzg","p3OS7oB7EeWZiRK7avAQuw",t,2015-11-01 11:33:18.525
0809d767401829c24bc945749d5b6d2226d2f27a,"POZJ3uOtEeSoXCIACw4Gzg","p3OS7oB7EeWZiRK7avAQuw",t,2015-11-09 09:06:30.521
9f0a9d44bc314e6e0059501c3356cb821df1e935,"POZJ3uOtEeSoXCIACw4Gzg","p3OS7oB7EeWZiRK7avAQuw",t,2015-11-02 16:14:32.978
7aa45f2b961e67822d491f69896d9e8b8234df3c,"POZJ3uOtEeSoXCIACw4Gzg","p3OS7oB7EeWZiRK7avAQuw",t,2015-11-02 01:11:34.02
760ffc2b6166b821921a086afda65ab73fdba4f7,"POZJ3uOtEeSoXCIACw4Gzg","_y9txRZuEeWd3iIAC7VAtA",t,2015-06-19 10:36:08.844
daf160333d7554ebada7ad8286b291b220668504,"POZJ3uOtEeSoXCIACw4Gzg","_y9txRZuEeWd3iIAC7VAtA",t,2015-06-19 11:55:37.435
191552683106db31543b7c0b349f91274832720c,"POZJ3uOtEeSoXCIACw4Gzg","l6UyzynfEeWYVCIACyevdw",t,2015-07-15 02:21:25.156
8b414bf67530e107b5bbb42480be3240d67d9151,"POZJ3uOtEeSoXCIACw4Gzg","IsBUviCEEeWA7CIAC5WDNQ",t,2015-07-02 06:32:39.569
faad194930bc4a015cb46cd7461e1ccd100ee7de,"POZJ3uOtEeSoXCIACw4Gzg","l6UyzynfEeWYVCIACyevdw",t,2015-07-14 04:20:00.359
3e596d6a9d3cddb52456f463b783478ad1493ba3,"POZJ3uOtEeSoXCIACw4Gzg","ZRvWaq79EeWF2Q53QdZUbw",t,2015-12-30 13:58:25.133
62fb88676cbf757c91d02da29e247e44d18150ae,"POZJ3uOtEeSoXCIACw4Gzg","ZRvWaq79EeWF2Q53QdZUbw",t,2016-01-09 01:19:32.248
965d307469473b578a8607a357924882fa377c24,"POZJ3uOtEeSoXCIACw4Gzg","FgB1oL0gEeWlQwoU9G612w",t,2016-01-17 13:42:01.074
190869b6d54b85e9ce9402cbca9b181f3496e6bb,"POZJ3uOtEeSoXCIACw4Gzg","SzOETmP2EeW4ng7YWNlcxQ",t,2015-09-26 02:28:37.976
1115a3d8d8099f51bf4f11a1f1df325e70cf3267,"POZJ3uOtEeSoXCIACw4Gzg","SzOETmP2EeW4ng7YWNlcxQ",t,2015-10-07 15:49:05.179
459c3520267d3213ef8eb3834b911b6d30472d50,"POZJ3uOtEeSoXCIACw4Gzg","QBerj79QEeWDvA7IZIDNqQ",t,2016-01-20 08:31:49.86
63baa56d09872cabb2a274cc1dbcc0ceae532774,"POZJ3uOtEeSoXCIACw4Gzg","i2VvWk7REeWUBw792DK9fQ",t,2015-08-30 04:42:39.87
191552683106db31543b7c0b349f91274832720c,"POZJ3uOtEeSoXCIACw4Gzg","i2VvWk7REeWUBw792DK9fQ",t,2015-08-30 08:43:50.801
c856c2772d20626f0c03f173be83572e78662fc0,"POZJ3uOtEeSoXCIACw4Gzg","xDr0tzgtEeWj5iIACwIAYw",t,2015-08-01 09:14:52.33
62fb88676cbf757c91d02da29e247e44d18150ae,"POZJ3uOtEeSoXCIACw4Gzg","xDr0tzgtEeWj5iIACwIAYw",t,2015-08-15 00:14:52.668
f930c60eeda32fd9768f92f4b9fde03393b6700c,"POZJ3uOtEeSoXCIACw4Gzg","fEUq-3I8EeWtPhJmZh_6JQ",t,2015-10-14 06:26:21.348
fb8b2bef7cc9630da94f985a150fe2dabbae92f0,"POZJ3uOtEeSoXCIACw4Gzg","SEuI3MRHEeWb3QofSqIPlQ",t,2016-01-26 16:10:13.974
adb2b8500d20558357e419aa4eff47c50bd1a471,"POZJ3uOtEeSoXCIACw4Gzg","B2eifx4qEeWA7CIAC5WDNQ",t,2015-07-27 11:14:03.511
d2106b3f03fdea07419329e2c77228a6aa6696de,"POZJ3uOtEeSoXCIACw4Gzg","B2eifx4qEeWA7CIAC5WDNQ",t,2015-06-29 06:42:36.664
6984ab2209f80a79ab89678418d2bb1928178616,"POZJ3uOtEeSoXCIACw4Gzg","B2eifx4qEeWA7CIAC5WDNQ",t,2015-07-10 02:34:01.983
2a39e6a98f1c89a22c6a4061d8a2e4c39a862744,"POZJ3uOtEeSoXCIACw4Gzg","HtLEZRgUEeWd3iIAC7VAtA",t,2015-06-21 12:50:40.048
d235fb54ad258037707b6efbade1e76e954d84a5,"POZJ3uOtEeSoXCIACw4Gzg","HtLEZRgUEeWd3iIAC7VAtA",t,2015-06-29 12:27:18.383
887109e225473b12f2bfb3ab0618c6656bcb3fa1,"POZJ3uOtEeSoXCIACw4Gzg","ExFCyLLTEeWF2Q53QdZUbw",t,2016-03-23 08:32:36.382
c2587e7c291e94e6c8600fdf1b78f12e34c1b6f2,"POZJ3uOtEeSoXCIACw4Gzg","ExFCyLLTEeWF2Q53QdZUbw",t,2016-01-04 11:05:33.271
62fb88676cbf757c91d02da29e247e44d18150ae,"POZJ3uOtEeSoXCIACw4Gzg","ExFCyLLTEeWF2Q53QdZUbw",t,2016-01-09 01:31:25.736
162ee999c5b16f882e7deb3dcba0c4e56745258d,"POZJ3uOtEeSoXCIACw4Gzg","ZPxYtC-VEeWeoSIAC0aC-w",t,2015-07-21 10:43:59.579
c098051b4f5c6de3ac559b38fa38e415de737554,"POZJ3uOtEeSoXCIACw4Gzg","ha8-8sgzEeWNrwo_o9VBAQ",t,2016-01-31 15:58:51.779
f84a4ef5c5d14b244e5197674421a29edaf395eb,"POZJ3uOtEeSoXCIACw4Gzg","ZPxYtC-VEeWeoSIAC0aC-w",t,2015-07-30 04:01:09.559
97c0a6cff5439b1f8f149152fe73f6f80be42831,"POZJ3uOtEeSoXCIACw4Gzg","ZPxYtC-VEeWeoSIAC0aC-w",t,2015-08-10 12:12:20.999
aba7215587314ac7f07be7afc5b37ec1441d7ca1,"POZJ3uOtEeSoXCIACw4Gzg","cQRovRpIEeWHGCIACznL2w",t,2015-06-24 08:10:14.099
be8f905aecdc34d6bec3124a86679aba98232b06,"POZJ3uOtEeSoXCIACw4Gzg","ZPxYtC-VEeWeoSIAC0aC-w",t,2016-01-10 11:51:26.903
fb8b2bef7cc9630da94f985a150fe2dabbae92f0,"POZJ3uOtEeSoXCIACw4Gzg","ha8-8sgzEeWNrwo_o9VBAQ",t,2016-02-01 14:32:11.543
925e47d0fa83457ffb4491cc0ec338d3589b5474,"POZJ3uOtEeSoXCIACw4Gzg","ZPxYtC-VEeWeoSIAC0aC-w",t,2015-08-02 21:41:10.54
66fc3c9d6c970faffe2fcd5da876b5935ebab641,"POZJ3uOtEeSoXCIACw4Gzg","9sPxVzgAEeWddiIAC9pDDA",t,2015-08-01 03:54:09.615
8a4fdf1f456661ff492b2beebed5b8825508a393,"POZJ3uOtEeSoXCIACw4Gzg","WeSt2xPnEeWYoCIAC5MBcw",t,2015-06-16 05:30:51.17
d3560062c8caf9e361c94cec70ad6f9fff76fff7,"POZJ3uOtEeSoXCIACw4Gzg","WeSt2xPnEeWYoCIAC5MBcw",t,2015-06-16 07:24:25.311
986d333961f8b5d57d8b33f0a217159f206516bc,"POZJ3uOtEeSoXCIACw4Gzg","WeSt2xPnEeWYoCIAC5MBcw",t,2015-06-16 07:59:48.188
10d1b6e7f1a7518fbaf5789ebd7da8c9d1a2bfd7,"POZJ3uOtEeSoXCIACw4Gzg","WeSt2xPnEeWYoCIAC5MBcw",t,2015-06-18 06:05:53.411
0074f8901a6423f504eefc5cadbc6f2d4803bf22,"POZJ3uOtEeSoXCIACw4Gzg","WeSt2xPnEeWYoCIAC5MBcw",t,2015-06-16 07:32:22.465
19cf6e5c978d57422143dc4eb6f4ddd7782eec16,"POZJ3uOtEeSoXCIACw4Gzg","WeSt2xPnEeWYoCIAC5MBcw",t,2015-06-16 05:20:07.157
d235fb54ad258037707b6efbade1e76e954d84a5,"POZJ3uOtEeSoXCIACw4Gzg","kMehKh41EeWA7CIAC5WDNQ",t,2015-07-01 10:12:40.653
d34db49aa47eddcf3cf596d98f01d4a44e6d08d9,"POZJ3uOtEeSoXCIACw4Gzg","PadIhxPLEeWHGCIACznL2w",t,2015-06-16 03:05:49.175
b303e4355e54c9a5f5a55d0d0e7d638f367981a1,"POZJ3uOtEeSoXCIACw4Gzg","PadIhxPLEeWHGCIACznL2w",t,2015-06-16 09:25:09.752
b303e4355e54c9a5f5a55d0d0e7d638f367981a1,"POZJ3uOtEeSoXCIACw4Gzg","PadIhxPLEeWHGCIACznL2w",f,2015-06-17 04:29:27.923
bf540a080ddd403682b8c93c84c67c101c12544e,"POZJ3uOtEeSoXCIACw4Gzg","PadIhxPLEeWHGCIACznL2w",t,2015-06-16 03:53:42.046
be8f905aecdc34d6bec3124a86679aba98232b06,"POZJ3uOtEeSoXCIACw4Gzg","kMehKh41EeWA7CIAC5WDNQ",t,2016-01-10 12:02:04.166
f6537d4cd87c3b93bde608ea394eda8d91c6cd55,"POZJ3uOtEeSoXCIACw4Gzg","kMehKh41EeWA7CIAC5WDNQ",t,2015-06-29 08:05:11.608
9f206386c19ce2ef2dd9460d77ebfbc4f2a8b6a3,"POZJ3uOtEeSoXCIACw4Gzg","PadIhxPLEeWHGCIACznL2w",t,2015-06-16 01:58:53.891
b13caf504abde2faae67cdbf0ac222e7d321af56,"POZJ3uOtEeSoXCIACw4Gzg","kMehKh41EeWA7CIAC5WDNQ",t,2015-07-08 12:54:31.973
e11ab727edd59a55d74318e85e122dc68b1f794a,"POZJ3uOtEeSoXCIACw4Gzg","CBjMwztVEeWm9SIAC5HAew",f,2016-03-10 08:58:40.225
e11ab727edd59a55d74318e85e122dc68b1f794a,"POZJ3uOtEeSoXCIACw4Gzg","CBjMwztVEeWm9SIAC5HAew",t,2016-03-10 08:58:38.439
6e0f1bce73e13fc2ba79bfe021706f9b5d545818,"POZJ3uOtEeSoXCIACw4Gzg","CBjMwztVEeWm9SIAC5HAew",t,2015-08-05 09:33:29.902
d235fb54ad258037707b6efbade1e76e954d84a5,"POZJ3uOtEeSoXCIACw4Gzg","CBjMwztVEeWm9SIAC5HAew",t,2015-08-07 07:20:55.423
d40e7b649874f3a59d8d37bd14f5b1683952ebda,"POZJ3uOtEeSoXCIACw4Gzg","yKAZk8UCEeWXhA6W5IbXRQ",t,2016-01-27 14:32:25.165
03384c55324361a603e88aba31879ffa8b87abf0,"POZJ3uOtEeSoXCIACw4Gzg","lLLJTffJEeW6Zw7gOA-Tyw",t,2016-04-03 02:28:37.084
3c251d5f6e6a89f72ce56638da1a4242c4b93caf,"POZJ3uOtEeSoXCIACw4Gzg","5txiDBWzEeWHGCIACznL2w",t,2015-06-18 12:16:52.147
8c3de86e0a51426396b7220500c25527cecccfdf,"POZJ3uOtEeSoXCIACw4Gzg","C8qJYihHEeWHPSIAC7MNfg",t,2015-07-12 03:35:31.049
d806651b6a9251db0c4245ab9031e999555d8597,"POZJ3uOtEeSoXCIACw4Gzg","lLLJTffJEeW6Zw7gOA-Tyw",t,2016-04-01 05:21:26.079
37d78e9d1009814807271ad662611694bd217c9b,"POZJ3uOtEeSoXCIACw4Gzg","LMuYkjQBEeWF2iIACyygBg",t,2015-07-27 01:45:35.615
fb8b2bef7cc9630da94f985a150fe2dabbae92f0,"POZJ3uOtEeSoXCIACw4Gzg","98qRp8daEeWOrRLEo62RWw",t,2016-01-30 14:08:42.364
9861c74fdb5c1f3d08a173b0765de94ba09f5f73,"POZJ3uOtEeSoXCIACw4Gzg","LMuYkjQBEeWF2iIACyygBg",t,2015-07-27 04:47:50.094
314ecdb924837c384406541677866048f724de0c,"POZJ3uOtEeSoXCIACw4Gzg","ltnC-RZwEeWd3iIAC7VAtA",f,2015-11-24 23:14:46.601
314ecdb924837c384406541677866048f724de0c,"POZJ3uOtEeSoXCIACw4Gzg","ltnC-RZwEeWd3iIAC7VAtA",t,2015-11-24 23:14:44.017
f2e7cbf4573b30ea31ec3f90fdadccc83b7002b2,"POZJ3uOtEeSoXCIACw4Gzg","ltnC-RZwEeWd3iIAC7VAtA",t,2015-06-19 11:30:27.405
8c1ebe54a487e94171b8b2ec297acb68b931810a,"POZJ3uOtEeSoXCIACw4Gzg","ltnC-RZwEeWd3iIAC7VAtA",f,2015-06-28 17:15:20.732
8c1ebe54a487e94171b8b2ec297acb68b931810a,"POZJ3uOtEeSoXCIACw4Gzg","ltnC-RZwEeWd3iIAC7VAtA",t,2015-06-28 17:15:23.662
8c1ebe54a487e94171b8b2ec297acb68b931810a,"POZJ3uOtEeSoXCIACw4Gzg","ltnC-RZwEeWd3iIAC7VAtA",t,2015-06-28 17:15:03.871
88772ccf43373f47944c5b7a7e82152021ff680b,"POZJ3uOtEeSoXCIACw4Gzg","ltnC-RZwEeWd3iIAC7VAtA",t,2015-06-28 07:50:52.624
e44c837ca0f266a288ebe2379c6698a12ffefbaf,"POZJ3uOtEeSoXCIACw4Gzg","ltnC-RZwEeWd3iIAC7VAtA",t,2015-08-03 08:18:08.188
80f08630330acee62c1dc2e51c1ee0e417a498d5,"POZJ3uOtEeSoXCIACw4Gzg","ltnC-RZwEeWd3iIAC7VAtA",t,2015-06-19 10:47:32.796
df442be2c49a141c3a907e7e82e95370127f92c2,"POZJ3uOtEeSoXCIACw4Gzg","ltnC-RZwEeWd3iIAC7VAtA",t,2015-07-08 13:55:40.589
4cbe59d0a3abee602f70c93a76e971c8c7ec5a21,"POZJ3uOtEeSoXCIACw4Gzg","ltnC-RZwEeWd3iIAC7VAtA",t,2015-06-21 05:30:11.008
1283f0eb5502a82c44cf367f45063b58165dbc7a,"POZJ3uOtEeSoXCIACw4Gzg","ltnC-RZwEeWd3iIAC7VAtA",t,2015-06-28 08:06:21.589
ed6a15a5019cf7d89ad0c14077a0fa158c88e512,"POZJ3uOtEeSoXCIACw4Gzg","ltnC-RZwEeWd3iIAC7VAtA",t,2015-06-25 11:55:50.831
7e8b3442517dd86a73893dd9d1776254032016b3,"POZJ3uOtEeSoXCIACw4Gzg","rwnEwFllEeW8nxIOF_9POw",t,2015-09-12 15:48:16.842
7e8b3442517dd86a73893dd9d1776254032016b3,"POZJ3uOtEeSoXCIACw4Gzg","ET3H81raEeWWvApdRud_EQ",t,2015-09-14 12:13:54.366
037f1dbc0d269b48f36bd4fb24c635968f2943fb,"POZJ3uOtEeSoXCIACw4Gzg","IkW38UMqEeWxOxIbgUSIFQ",t,2015-08-15 08:47:00.088
037f1dbc0d269b48f36bd4fb24c635968f2943fb,"POZJ3uOtEeSoXCIACw4Gzg","IkW38UMqEeWxOxIbgUSIFQ",t,2015-08-15 08:46:34.776
037f1dbc0d269b48f36bd4fb24c635968f2943fb,"POZJ3uOtEeSoXCIACw4Gzg","IkW38UMqEeWxOxIbgUSIFQ",f,2015-08-15 08:46:57.167
a1dd855b59f5e5cc0dc1f851553181ecac26973a,"POZJ3uOtEeSoXCIACw4Gzg","Mao_cyONEeWM2iIAC0KUpw",t,2015-07-06 03:15:03.587
d235fb54ad258037707b6efbade1e76e954d84a5,"POZJ3uOtEeSoXCIACw4Gzg","Mao_cyONEeWM2iIAC0KUpw",t,2015-07-07 03:47:22.567
48165df8a8dbff6194d942e9bbf20e1f5a28cd05,"POZJ3uOtEeSoXCIACw4Gzg","ddK2izCSEeWhySIAC0EWhw",t,2015-07-22 16:55:30.496
4d16634dada9096f81644aaec4098487e4b29299,"POZJ3uOtEeSoXCIACw4Gzg","7S-UIzKsEeWV8SIACyyfnQ",t,2015-08-04 12:23:00.498
191552683106db31543b7c0b349f91274832720c,"POZJ3uOtEeSoXCIACw4Gzg","7S-UIzKsEeWV8SIACyyfnQ",t,2015-07-27 07:58:05.765
1115a3d8d8099f51bf4f11a1f1df325e70cf3267,"POZJ3uOtEeSoXCIACw4Gzg","7S-UIzKsEeWV8SIACyyfnQ",t,2015-10-07 04:40:59.668
d235fb54ad258037707b6efbade1e76e954d84a5,"POZJ3uOtEeSoXCIACw4Gzg","7S-UIzKsEeWV8SIACyyfnQ",t,2015-07-25 09:10:00.013
93e0b63be88cc3dfba3be8cbcfa6fe107ffc43f9,"POZJ3uOtEeSoXCIACw4Gzg","WmXkQBQ0EeWHGCIACznL2w",t,2015-06-16 20:05:44.622
2b858fb157664918faa20ecc7b3e0d83c08bee78,"POZJ3uOtEeSoXCIACw4Gzg","eYAXX-A-EeW_LA6kKeHOuw",t,2016-03-02 12:37:26.03
cbe977c53a5fe70799003a13267cd2066baca3b0,"POZJ3uOtEeSoXCIACw4Gzg","WmXkQBQ0EeWHGCIACznL2w",t,2015-06-19 04:23:22.555
b3b61ec971a2aa84f089fb1128515ca4c5fa2efa,"POZJ3uOtEeSoXCIACw4Gzg","WmXkQBQ0EeWHGCIACznL2w",t,2015-06-16 14:31:19.237
650fd641e99e78babed5abe00b70c07a23e26195,"POZJ3uOtEeSoXCIACw4Gzg","WmXkQBQ0EeWHGCIACznL2w",t,2015-09-08 16:28:20.112
650fd641e99e78babed5abe00b70c07a23e26195,"POZJ3uOtEeSoXCIACw4Gzg","WmXkQBQ0EeWHGCIACznL2w",f,2015-09-08 16:28:20.955
1115a3d8d8099f51bf4f11a1f1df325e70cf3267,"POZJ3uOtEeSoXCIACw4Gzg","eYAXX-A-EeW_LA6kKeHOuw",t,2016-03-02 12:17:52.605
e0efff23c238be00821cd769d514ef9600fcc516,"POZJ3uOtEeSoXCIACw4Gzg","eYAXX-A-EeW_LA6kKeHOuw",t,2016-03-02 10:39:34.098
06a85af21837909119be525c8ab08ca4511b885e,"POZJ3uOtEeSoXCIACw4Gzg","IJhWRBQDEeWYoCIAC5MBcw",t,2015-06-16 15:18:30.38
bf540a080ddd403682b8c93c84c67c101c12544e,"POZJ3uOtEeSoXCIACw4Gzg","IJhWRBQDEeWYoCIAC5MBcw",t,2015-06-16 23:53:27.301
e536d742fa6a1c10225eeda62daee3bac6199bbb,"POZJ3uOtEeSoXCIACw4Gzg","IJhWRBQDEeWYoCIAC5MBcw",f,2015-06-17 18:47:11.952
e536d742fa6a1c10225eeda62daee3bac6199bbb,"POZJ3uOtEeSoXCIACw4Gzg","IJhWRBQDEeWYoCIAC5MBcw",t,2015-06-17 18:47:09.763
9f206386c19ce2ef2dd9460d77ebfbc4f2a8b6a3,"POZJ3uOtEeSoXCIACw4Gzg","IJhWRBQDEeWYoCIAC5MBcw",t,2015-06-24 08:57:31.573
b303e4355e54c9a5f5a55d0d0e7d638f367981a1,"POZJ3uOtEeSoXCIACw4Gzg","IJhWRBQDEeWYoCIAC5MBcw",t,2015-06-16 08:51:21.639
b303e4355e54c9a5f5a55d0d0e7d638f367981a1,"POZJ3uOtEeSoXCIACw4Gzg","IJhWRBQDEeWYoCIAC5MBcw",t,2015-06-16 08:38:56.918
b303e4355e54c9a5f5a55d0d0e7d638f367981a1,"POZJ3uOtEeSoXCIACw4Gzg","IJhWRBQDEeWYoCIAC5MBcw",f,2015-06-16 08:51:18.765
5a51df8ed2cd7caf59fa0fcd72cd1e213c044167,"POZJ3uOtEeSoXCIACw4Gzg","xxpQCSWAEeWeGSIACxeHVw",t,2015-07-08 14:51:13.131
fe46a6917118fdb2e87021966e7db9918ee3cb26,"POZJ3uOtEeSoXCIACw4Gzg","mYAD3xmlEeWHGCIACznL2w",t,2015-06-25 08:46:52.302
b81910dac1005a7f53e176a6078d40155258d6ee,"POZJ3uOtEeSoXCIACw4Gzg","mYAD3xmlEeWHGCIACznL2w",t,2015-06-23 12:44:34.046
4997094470415c0801b7ea09960a1cb95a161413,"POZJ3uOtEeSoXCIACw4Gzg","mYAD3xmlEeWHGCIACznL2w",t,2015-06-26 04:04:34.99
9f206386c19ce2ef2dd9460d77ebfbc4f2a8b6a3,"POZJ3uOtEeSoXCIACw4Gzg","ZRiOLxQtEeWM2iIAC0KUpw",f,2015-06-24 08:56:18.679
9f206386c19ce2ef2dd9460d77ebfbc4f2a8b6a3,"POZJ3uOtEeSoXCIACw4Gzg","ZRiOLxQtEeWM2iIAC0KUpw",t,2015-06-24 08:56:11.721
9f206386c19ce2ef2dd9460d77ebfbc4f2a8b6a3,"POZJ3uOtEeSoXCIACw4Gzg","ZRiOLxQtEeWM2iIAC0KUpw",t,2015-06-24 08:56:22.073
614a6cd6ff96ed9f35119a357468963732151397,"POZJ3uOtEeSoXCIACw4Gzg","ZRiOLxQtEeWM2iIAC0KUpw",t,2015-06-16 13:41:30.737
2a6e2752280f1bdd5756480622e0dd97170670e2,"POZJ3uOtEeSoXCIACw4Gzg","ZRiOLxQtEeWM2iIAC0KUpw",t,2015-06-29 07:58:38.103
a8f55ac7f331f1d3edbd8b0f3e6a0dc4b412ec6e,"POZJ3uOtEeSoXCIACw4Gzg","ZRiOLxQtEeWM2iIAC0KUpw",t,2015-06-17 18:36:58.20
a8f55ac7f331f1d3edbd8b0f3e6a0dc4b412ec6e,"POZJ3uOtEeSoXCIACw4Gzg","ZRiOLxQtEeWM2iIAC0KUpw",f,2015-06-17 18:36:59.509
a8f55ac7f331f1d3edbd8b0f3e6a0dc4b412ec6e,"POZJ3uOtEeSoXCIACw4Gzg","ZRiOLxQtEeWM2iIAC0KUpw",t,2015-06-17 18:37:01.145
d235fb54ad258037707b6efbade1e76e954d84a5,"POZJ3uOtEeSoXCIACw4Gzg","8N1Azz62EeWm9SIAC5HAew",t,2015-08-14 10:06:18.446
d235fb54ad258037707b6efbade1e76e954d84a5,"POZJ3uOtEeSoXCIACw4Gzg","ZRiOLxQtEeWM2iIAC0KUpw",t,2015-06-29 12:08:14.002
adb2b8500d20558357e419aa4eff47c50bd1a471,"POZJ3uOtEeSoXCIACw4Gzg","ZRiOLxQtEeWM2iIAC0KUpw",t,2015-06-29 09:10:07.846
0d12d6522a98d9872f9eb01c8beca1743ec8b301,"POZJ3uOtEeSoXCIACw4Gzg","8N1Azz62EeWm9SIAC5HAew",t,2015-08-09 18:17:45.933
0d12d6522a98d9872f9eb01c8beca1743ec8b301,"POZJ3uOtEeSoXCIACw4Gzg","8N1Azz62EeWm9SIAC5HAew",f,2015-08-09 18:17:44.317
0d12d6522a98d9872f9eb01c8beca1743ec8b301,"POZJ3uOtEeSoXCIACw4Gzg","8N1Azz62EeWm9SIAC5HAew",t,2015-08-09 16:51:55.10
6bf51fdb77bdd3eb7cd9ff48735671232162db5c,"POZJ3uOtEeSoXCIACw4Gzg","yZUOvvpDEeWnyw45DXyCTw",t,2016-04-04 09:01:15.681
2d11043f943057f7002c97b7b0d309ce613843dc,"POZJ3uOtEeSoXCIACw4Gzg","ZRiOLxQtEeWM2iIAC0KUpw",t,2015-06-16 16:21:41.146
2d11043f943057f7002c97b7b0d309ce613843dc,"POZJ3uOtEeSoXCIACw4Gzg","ZRiOLxQtEeWM2iIAC0KUpw",t,2015-06-16 16:21:47.887
2d11043f943057f7002c97b7b0d309ce613843dc,"POZJ3uOtEeSoXCIACw4Gzg","ZRiOLxQtEeWM2iIAC0KUpw",f,2015-06-16 16:21:44.084
a845dcf0f9e78c6dab73009140a5452640503298,"POZJ3uOtEeSoXCIACw4Gzg","hjR_Z3MLEeWDzg4yGnIlTw",t,2015-10-15 07:08:23.828
d3560062c8caf9e361c94cec70ad6f9fff76fff7,"POZJ3uOtEeSoXCIACw4Gzg","WrH8mhV8EeWHGCIACznL2w",t,2015-06-19 02:44:45.177
eb03136268bb62a61beb8c8614d4892404c3f9a0,"POZJ3uOtEeSoXCIACw4Gzg","WrH8mhV8EeWHGCIACznL2w",t,2015-12-07 02:54:38.682
43567b323733def3e43556b785fb25fa43889703,"POZJ3uOtEeSoXCIACw4Gzg","WrH8mhV8EeWHGCIACznL2w",t,2015-11-26 02:05:24.572
600ffea7be99fc6d41bd2221911f92ac9ee55ff2,"POZJ3uOtEeSoXCIACw4Gzg","WrH8mhV8EeWHGCIACznL2w",t,2015-07-02 05:06:42.257
162ee999c5b16f882e7deb3dcba0c4e56745258d,"POZJ3uOtEeSoXCIACw4Gzg","WrH8mhV8EeWHGCIACznL2w",t,2015-06-18 14:19:59.414
162ee999c5b16f882e7deb3dcba0c4e56745258d,"POZJ3uOtEeSoXCIACw4Gzg","WrH8mhV8EeWHGCIACznL2w",f,2015-07-21 03:11:00.066
d240c217629182ff55dff4216b94f209e06ed3e7,"POZJ3uOtEeSoXCIACw4Gzg","WrH8mhV8EeWHGCIACznL2w",f,2015-06-19 11:58:30.667
d240c217629182ff55dff4216b94f209e06ed3e7,"POZJ3uOtEeSoXCIACw4Gzg","WrH8mhV8EeWHGCIACznL2w",t,2015-06-18 06:45:10.065
191552683106db31543b7c0b349f91274832720c,"POZJ3uOtEeSoXCIACw4Gzg","WrH8mhV8EeWHGCIACznL2w",t,2015-06-18 06:34:14.179
6984ab2209f80a79ab89678418d2bb1928178616,"POZJ3uOtEeSoXCIACw4Gzg","WrH8mhV8EeWHGCIACznL2w",t,2015-07-05 03:23:43.362
46d9b0a033a84a0c59d319a5190e38b686c6ee40,"POZJ3uOtEeSoXCIACw4Gzg","WrH8mhV8EeWHGCIACznL2w",t,2015-06-18 05:39:14.664
daa5714dbddd74b3b89cab981d39dd14449c58bc,"POZJ3uOtEeSoXCIACw4Gzg","WrH8mhV8EeWHGCIACznL2w",t,2015-07-05 15:38:59.111
daf160333d7554ebada7ad8286b291b220668504,"POZJ3uOtEeSoXCIACw4Gzg","WrH8mhV8EeWHGCIACznL2w",t,2015-06-19 11:56:43.312
b13caf504abde2faae67cdbf0ac222e7d321af56,"POZJ3uOtEeSoXCIACw4Gzg","WrH8mhV8EeWHGCIACznL2w",t,2015-07-08 13:36:43.625
48165df8a8dbff6194d942e9bbf20e1f5a28cd05,"POZJ3uOtEeSoXCIACw4Gzg","u6rAtTN4EeWj5iIACwIAYw",t,2015-07-26 09:28:54.257
fdf7b295234c0bbd859a8f830339a4f98e856f70,"POZJ3uOtEeSoXCIACw4Gzg","y1W0PvzAEeWa4BJaeUokOQ",t,2016-04-07 13:01:08.11
adb2b8500d20558357e419aa4eff47c50bd1a471,"POZJ3uOtEeSoXCIACw4Gzg","u6rAtTN4EeWj5iIACwIAYw",t,2015-07-27 11:12:11.943
c5494484d437b4cca87c55c036b763f61e50caea,"POZJ3uOtEeSoXCIACw4Gzg","pH7rzMKtEeWc7QoaaZlQOQ",t,2016-02-27 06:24:50.046
fb8b2bef7cc9630da94f985a150fe2dabbae92f0,"POZJ3uOtEeSoXCIACw4Gzg","pH7rzMKtEeWc7QoaaZlQOQ",t,2016-01-24 15:17:54.999
d235fb54ad258037707b6efbade1e76e954d84a5,"POZJ3uOtEeSoXCIACw4Gzg","I-g4rilyEeWmXSIAC00EeA",t,2015-07-13 15:16:31.067
daf160333d7554ebada7ad8286b291b220668504,"POZJ3uOtEeSoXCIACw4Gzg","I-g4rilyEeWmXSIAC00EeA",t,2015-07-31 00:26:50.308
e2736aa63c87e83618a1d2136ee86b1cc1eae29b,"POZJ3uOtEeSoXCIACw4Gzg","WIFsCi3cEeWOkCIAC4UG7w",t,2015-07-19 06:06:50.586
5a1912189a3bd1c92b87dbb1ea59bf6eca379e66,"POZJ3uOtEeSoXCIACw4Gzg","PTqZlunTEeWcTQpIg9bO1w",t,2016-03-14 10:55:17.977
19cf6e5c978d57422143dc4eb6f4ddd7782eec16,"POZJ3uOtEeSoXCIACw4Gzg","nMho8xTUEeWM2iIAC0KUpw",t,2015-06-17 09:38:30.089
44eb1597b52745d209d43acebfe42e40cc24a6cc,"POZJ3uOtEeSoXCIACw4Gzg","3zZBXTFEEeWLEiIAC7PrLg",t,2015-07-23 14:12:37.747
d235fb54ad258037707b6efbade1e76e954d84a5,"POZJ3uOtEeSoXCIACw4Gzg","3zZBXTFEEeWLEiIAC7PrLg",t,2015-07-25 07:05:45.16
6f4ba59e3dce06e9d8c260210cf6f4c1561445ff,"POZJ3uOtEeSoXCIACw4Gzg","y9ErUwBSEeaZ8AoH1Zkwbw",t,2016-04-12 02:03:48.862
71cad659ad6a0f27c7aa2f7d14be2247313797ea,"POZJ3uOtEeSoXCIACw4Gzg","fnyJwx5hEeWA7CIAC5WDNQ",t,2015-06-29 13:19:38.776
faad194930bc4a015cb46cd7461e1ccd100ee7de,"POZJ3uOtEeSoXCIACw4Gzg","fnyJwx5hEeWA7CIAC5WDNQ",t,2015-07-14 04:17:36.116
2868aa42ba5653ae5cfc0726242cebb585686c0d,"POZJ3uOtEeSoXCIACw4Gzg","TSbLAswXEeW9ug73QL_FVQ",t,2016-02-05 14:46:55.575
d235fb54ad258037707b6efbade1e76e954d84a5,"POZJ3uOtEeSoXCIACw4Gzg","fnyJwx5hEeWA7CIAC5WDNQ",t,2015-06-30 11:32:05.283
3df8703c7d70ce74e39b41d17cd14e780f3df50f,"POZJ3uOtEeSoXCIACw4Gzg","RmHvvhSEEeWmISIAC9QOog",t,2015-06-17 00:03:25.399
be8f905aecdc34d6bec3124a86679aba98232b06,"POZJ3uOtEeSoXCIACw4Gzg","fnyJwx5hEeWA7CIAC5WDNQ",t,2016-01-10 11:58:03.633
496dc708cfc3cc34aeb838427cbc6046cce48a45,"POZJ3uOtEeSoXCIACw4Gzg","RmHvvhSEEeWmISIAC9QOog",t,2015-06-18 05:27:23.284
9ef4740f69805f76f1ee21ee8d7541769c437f5f,"POZJ3uOtEeSoXCIACw4Gzg","epLJRhreEeWHGCIACznL2w",t,2015-06-25 02:04:14.65
9ef4740f69805f76f1ee21ee8d7541769c437f5f,"POZJ3uOtEeSoXCIACw4Gzg","epLJRhreEeWHGCIACznL2w",f,2015-06-25 02:12:42.017
df442be2c49a141c3a907e7e82e95370127f92c2,"POZJ3uOtEeSoXCIACw4Gzg","epLJRhreEeWHGCIACznL2w",t,2015-07-08 13:28:58.08
da7adc4d384b7bfa9785879b0d6941a11635bc20,"POZJ3uOtEeSoXCIACw4Gzg","kcaBe8XGEeWjNw6BzriyBQ",t,2016-01-28 13:53:54.493
ada77f3d1d502cef10394570987920ccd7256e7f,"POZJ3uOtEeSoXCIACw4Gzg","d5a7pBf9EeWHGCIACznL2w",t,2015-08-08 16:11:01.501
ffe0bf197d2aa103380997d402131d15ab9282fb,"POZJ3uOtEeSoXCIACw4Gzg","d5a7pBf9EeWHGCIACznL2w",t,2016-03-19 06:36:22.716
66fc3c9d6c970faffe2fcd5da876b5935ebab641,"POZJ3uOtEeSoXCIACw4Gzg","d5a7pBf9EeWHGCIACznL2w",t,2015-06-22 02:03:12.221
70c9b997fd515a3407a39496fe4c2e7b833310ae,"POZJ3uOtEeSoXCIACw4Gzg","d5a7pBf9EeWHGCIACznL2w",t,2015-06-21 10:08:30.541
e2736aa63c87e83618a1d2136ee86b1cc1eae29b,"POZJ3uOtEeSoXCIACw4Gzg","c6uzGSwxEeWOkCIAC4UG7w",t,2015-07-17 03:11:01.057
d80c9b0f1ea4694140761ba1b93a5fc0ff051c6e,"POZJ3uOtEeSoXCIACw4Gzg","moDdDRVjEeWYoCIAC5MBcw",t,2015-06-18 02:42:04.317
b6185b5a683814163ee84d628cad344807e0a150,"POZJ3uOtEeSoXCIACw4Gzg","moDdDRVjEeWYoCIAC5MBcw",t,2015-06-24 12:08:27.272
4997094470415c0801b7ea09960a1cb95a161413,"POZJ3uOtEeSoXCIACw4Gzg","moDdDRVjEeWYoCIAC5MBcw",t,2015-06-26 03:36:12.193
f9d62e2e218d82e045676cf806d0b3f32a11a082,"POZJ3uOtEeSoXCIACw4Gzg","8CrQI9hXEeWOeA4jiPAy1w",t,2016-02-21 04:59:50.804
62fb88676cbf757c91d02da29e247e44d18150ae,"POZJ3uOtEeSoXCIACw4Gzg","i4SyzUNCEeW-OhK375__6Q",t,2015-08-20 13:18:44.97
14c2b1a048786f53a9a03dcf54808b4369943a07,"POZJ3uOtEeSoXCIACw4Gzg","i4SyzUNCEeW-OhK375__6Q",t,2015-08-15 11:41:19.256
9c532520d5b7d0a5557d3ac5f3815792485e707a,"POZJ3uOtEeSoXCIACw4Gzg","TNcUzRUCEeWYoCIAC5MBcw",t,2015-06-17 15:05:32.822
496dc708cfc3cc34aeb838427cbc6046cce48a45,"POZJ3uOtEeSoXCIACw4Gzg","TNcUzRUCEeWYoCIAC5MBcw",t,2015-06-17 21:51:31.536
c8dc5dea924e604873948e991855275872f9eafc,"POZJ3uOtEeSoXCIACw4Gzg","bRxm8lnHEeWkVgp3YUjFSw",t,2015-09-13 03:27:56.882
b13caf504abde2faae67cdbf0ac222e7d321af56,"POZJ3uOtEeSoXCIACw4Gzg","Bf7ufiUsEeW_lSIAC0kOqg",t,2015-07-08 04:44:31.428
c2587e7c291e94e6c8600fdf1b78f12e34c1b6f2,"POZJ3uOtEeSoXCIACw4Gzg","8jn6plxrEeWWvApdRud_EQ",t,2016-01-08 19:05:15.898
c4e76af6020a812e5c076bb8797f5cad1eb3044f,"POZJ3uOtEeSoXCIACw4Gzg","rU2-Oj_XEeWeYyIAC1WQXA",t,2015-08-11 03:18:46.32
5d171d77aca8d9ec29c62978fb8fa061eac4dc7d,"POZJ3uOtEeSoXCIACw4Gzg","8jn6plxrEeWWvApdRud_EQ",t,2015-09-16 12:10:40.016
162ee999c5b16f882e7deb3dcba0c4e56745258d,"POZJ3uOtEeSoXCIACw4Gzg","G1dKsBpmEeWd3iIAC7VAtA",t,2015-07-21 02:00:51.859
162ee999c5b16f882e7deb3dcba0c4e56745258d,"POZJ3uOtEeSoXCIACw4Gzg","G1dKsBpmEeWd3iIAC7VAtA",f,2015-07-21 02:01:00.311
162ee999c5b16f882e7deb3dcba0c4e56745258d,"POZJ3uOtEeSoXCIACw4Gzg","G1dKsBpmEeWd3iIAC7VAtA",t,2015-07-21 02:00:58.517
162ee999c5b16f882e7deb3dcba0c4e56745258d,"POZJ3uOtEeSoXCIACw4Gzg","G1dKsBpmEeWd3iIAC7VAtA",f,2015-07-21 02:00:54.208
d34db49aa47eddcf3cf596d98f01d4a44e6d08d9,"POZJ3uOtEeSoXCIACw4Gzg","mWvN-BmCEeWA7CIAC5WDNQ",t,2015-06-23 08:34:01.576
ed98da8dcb0860716248d4ee1ead6c7c6ab3c9cd,"POZJ3uOtEeSoXCIACw4Gzg","G1dKsBpmEeWd3iIAC7VAtA",t,2015-06-24 11:42:35.264
c3ea45a654f0053b5e7a7d0594a82c72be8ff8e2,"POZJ3uOtEeSoXCIACw4Gzg","DwTsxP2aEeWS4Ar9qFG8UQ",t,2016-04-08 14:56:22.429
6f4ba59e3dce06e9d8c260210cf6f4c1561445ff,"POZJ3uOtEeSoXCIACw4Gzg","DwTsxP2aEeWS4Ar9qFG8UQ",t,2016-04-10 07:55:34.075
6c5d3733fa763d3c9d88732f2c14f44519149ff0,"POZJ3uOtEeSoXCIACw4Gzg","kj_dLP2DEeWZDQ5TnbLmpw",t,2016-04-08 12:15:24.132
da7adc4d384b7bfa9785879b0d6941a11635bc20,"POZJ3uOtEeSoXCIACw4Gzg","q51KkyfuEeWo2yIACzUEBg",t,2015-07-11 17:02:53.992
13a238baafcd37c01c4eed6c3129ac2c5d3dd8f8,"POZJ3uOtEeSoXCIACw4Gzg","ZfcWbZoZEeWNbBIwwhtGwQ",t,2015-12-03 23:55:58.054
fb8b2bef7cc9630da94f985a150fe2dabbae92f0,"POZJ3uOtEeSoXCIACw4Gzg","6Z8mfMNmEeW_UhLKov_F2Q",t,2016-01-25 13:24:07.857
c7926be0d4f3e37a19eefe419a339a43d2596ba1,"POZJ3uOtEeSoXCIACw4Gzg","xPwgWFBjEeWUBw792DK9fQ",t,2015-09-01 04:41:54.177
66afaf54380b4003cb46ff9cee94441f2d2f559e,"POZJ3uOtEeSoXCIACw4Gzg","1YHvGxWZEeWA7CIAC5WDNQ",t,2015-06-18 09:10:16.122
2ad40d6a043a1bc5cc1a25a621521463fb6c7458,"POZJ3uOtEeSoXCIACw4Gzg","e8iZBgBWEeapRBJSZ0Y3Bw",t,2016-04-12 02:30:12.584
a1dd855b59f5e5cc0dc1f851553181ecac26973a,"POZJ3uOtEeSoXCIACw4Gzg","q1uoNSk-EeWSQSIAC5cRKQ",t,2015-07-13 09:08:04.452
cd597a91ba58cbcf9e0588f3246b3a5f739c69a1,"POZJ3uOtEeSoXCIACw4Gzg","CbRJQixkEeWTqyIAC44O4Q",t,2015-07-17 09:13:07.619
4d420435417052450f9f8bc2d7a665f2e4554897,"POZJ3uOtEeSoXCIACw4Gzg","CbRJQixkEeWTqyIAC44O4Q",t,2015-07-18 08:18:24.674
1115a3d8d8099f51bf4f11a1f1df325e70cf3267,"POZJ3uOtEeSoXCIACw4Gzg","znJuv3vTEeWtPhJmZh_6JQ",t,2015-10-26 11:22:13.679
a458e796c597d88b0d0b790d8f813be3b29938ac,"POZJ3uOtEeSoXCIACw4Gzg","1Eso7kkeEeWBRg5dvElQww",t,2015-08-22 22:40:46.445
b05a9cb070e50397ba0f99e6fb57d78a0abd85c7,"POZJ3uOtEeSoXCIACw4Gzg","1Eso7kkeEeWBRg5dvElQww",t,2015-12-11 12:50:21.541
2a39e6a98f1c89a22c6a4061d8a2e4c39a862744,"POZJ3uOtEeSoXCIACw4Gzg","u5BLBxgPEeWmISIAC9QOog",t,2015-06-21 12:19:15.531
df442be2c49a141c3a907e7e82e95370127f92c2,"POZJ3uOtEeSoXCIACw4Gzg","YkGiJm5sEeWy9BLlActDnw",t,2015-10-09 09:59:08.899
1115a3d8d8099f51bf4f11a1f1df325e70cf3267,"POZJ3uOtEeSoXCIACw4Gzg","YkGiJm5sEeWy9BLlActDnw",t,2015-10-12 10:08:33.501
f9d62e2e218d82e045676cf806d0b3f32a11a082,"POZJ3uOtEeSoXCIACw4Gzg","YkGiJm5sEeWy9BLlActDnw",t,2016-02-23 01:17:22.045
f9d62e2e218d82e045676cf806d0b3f32a11a082,"POZJ3uOtEeSoXCIACw4Gzg","-ce3YMXGEeWdGw5KNOdybw",t,2016-02-21 05:09:14.738
da7adc4d384b7bfa9785879b0d6941a11635bc20,"POZJ3uOtEeSoXCIACw4Gzg","-ce3YMXGEeWdGw5KNOdybw",t,2016-01-28 13:56:48.992
965d307469473b578a8607a357924882fa377c24,"POZJ3uOtEeSoXCIACw4Gzg","-ce3YMXGEeWdGw5KNOdybw",t,2016-02-07 04:41:58.732
adb2b8500d20558357e419aa4eff47c50bd1a471,"POZJ3uOtEeSoXCIACw4Gzg","dtlaPnhUEeWDzg4yGnIlTw",t,2016-01-22 06:37:04.251
1115a3d8d8099f51bf4f11a1f1df325e70cf3267,"POZJ3uOtEeSoXCIACw4Gzg","dtlaPnhUEeWDzg4yGnIlTw",t,2015-10-22 00:33:07.155
f6537d4cd87c3b93bde608ea394eda8d91c6cd55,"POZJ3uOtEeSoXCIACw4Gzg","IL_PRxPOEeWHGCIACznL2w",t,2015-06-16 05:47:23.764
7c4018e6519d57d9850d99f830ae587f10730a86,"POZJ3uOtEeSoXCIACw4Gzg","IL_PRxPOEeWHGCIACznL2w",t,2015-06-30 13:05:21.763
a90c1cc35b410824c9d54a5700e2b395d408e3f3,"POZJ3uOtEeSoXCIACw4Gzg","IL_PRxPOEeWHGCIACznL2w",t,2015-06-16 07:17:21.283
6bb70f3f60d1e63828692f4d6e9d147689581bab,"POZJ3uOtEeSoXCIACw4Gzg","IL_PRxPOEeWHGCIACznL2w",t,2015-06-16 03:21:05.419
bc229ab5c805864da836b32828a132973f8c4834,"POZJ3uOtEeSoXCIACw4Gzg","IL_PRxPOEeWHGCIACznL2w",t,2015-06-16 02:51:11.954
d80c9b0f1ea4694140761ba1b93a5fc0ff051c6e,"POZJ3uOtEeSoXCIACw4Gzg","IL_PRxPOEeWHGCIACznL2w",t,2015-06-16 06:56:15.636
6cf8e719ca74167f1e1578851f6590d19ca16b15,"POZJ3uOtEeSoXCIACw4Gzg","IL_PRxPOEeWHGCIACznL2w",t,2015-06-16 02:19:33.862
9861c74fdb5c1f3d08a173b0765de94ba09f5f73,"POZJ3uOtEeSoXCIACw4Gzg","FEzVfTHWEeWV8SIACyyfnQ",t,2015-07-24 07:32:03.831
d235fb54ad258037707b6efbade1e76e954d84a5,"POZJ3uOtEeSoXCIACw4Gzg","FEzVfTHWEeWV8SIACyyfnQ",t,2015-07-25 09:13:15.82
1115a3d8d8099f51bf4f11a1f1df325e70cf3267,"POZJ3uOtEeSoXCIACw4Gzg","FEzVfTHWEeWV8SIACyyfnQ",t,2015-10-08 23:23:08.08
ed98da8dcb0860716248d4ee1ead6c7c6ab3c9cd,"POZJ3uOtEeSoXCIACw4Gzg","QRlHwRpbEeWA7CIAC5WDNQ",t,2015-06-24 10:24:54.143
8c079997066fc534a26245f5949c77c23650ab84,"POZJ3uOtEeSoXCIACw4Gzg","QRlHwRpbEeWA7CIAC5WDNQ",t,2015-07-12 03:53:39.114
8c079997066fc534a26245f5949c77c23650ab84,"POZJ3uOtEeSoXCIACw4Gzg","QRlHwRpbEeWA7CIAC5WDNQ",f,2015-07-12 03:53:43.746
daf160333d7554ebada7ad8286b291b220668504,"POZJ3uOtEeSoXCIACw4Gzg","QRlHwRpbEeWA7CIAC5WDNQ",t,2015-06-26 12:09:51.038
4997094470415c0801b7ea09960a1cb95a161413,"POZJ3uOtEeSoXCIACw4Gzg","QRlHwRpbEeWA7CIAC5WDNQ",t,2015-06-26 03:52:07.539
1115a3d8d8099f51bf4f11a1f1df325e70cf3267,"POZJ3uOtEeSoXCIACw4Gzg","gkkkpnmuEeWb4g4qCdqdUQ",t,2015-10-25 03:58:16.561
a845dcf0f9e78c6dab73009140a5452640503298,"POZJ3uOtEeSoXCIACw4Gzg","gkkkpnmuEeWb4g4qCdqdUQ",f,2015-10-25 21:39:31.057
a845dcf0f9e78c6dab73009140a5452640503298,"POZJ3uOtEeSoXCIACw4Gzg","gkkkpnmuEeWb4g4qCdqdUQ",t,2015-10-25 21:39:34.263
a845dcf0f9e78c6dab73009140a5452640503298,"POZJ3uOtEeSoXCIACw4Gzg","gkkkpnmuEeWb4g4qCdqdUQ",t,2015-10-23 17:50:12.216
746c5424b5a458af08b09047be7afb880034219e,"POZJ3uOtEeSoXCIACw4Gzg","gkkkpnmuEeWb4g4qCdqdUQ",f,2015-10-25 12:26:13.54
746c5424b5a458af08b09047be7afb880034219e,"POZJ3uOtEeSoXCIACw4Gzg","gkkkpnmuEeWb4g4qCdqdUQ",t,2015-10-25 12:26:17.793
746c5424b5a458af08b09047be7afb880034219e,"POZJ3uOtEeSoXCIACw4Gzg","gkkkpnmuEeWb4g4qCdqdUQ",t,2015-10-24 02:55:30.341
6b1c1b6317cb2bf02dde5c21532f0c81ae6c3c22,"POZJ3uOtEeSoXCIACw4Gzg","gkkkpnmuEeWb4g4qCdqdUQ",t,2015-11-17 03:11:51.12
05e685f0ec56c0613833590c51fa66e8079c4dcc,"POZJ3uOtEeSoXCIACw4Gzg","gkkkpnmuEeWb4g4qCdqdUQ",t,2016-03-11 03:00:00.893
4d16634dada9096f81644aaec4098487e4b29299,"POZJ3uOtEeSoXCIACw4Gzg","5tDVgjnzEeWF2iIACyygBg",t,2015-08-03 15:25:41.711
4d56b4f59c7d950f151185dc896a1ae22dcaf413,"POZJ3uOtEeSoXCIACw4Gzg","5tDVgjnzEeWF2iIACyygBg",t,2015-08-14 05:06:10.959
4d420435417052450f9f8bc2d7a665f2e4554897,"POZJ3uOtEeSoXCIACw4Gzg","5tDVgjnzEeWF2iIACyygBg",t,2015-08-04 01:57:17.303
daf160333d7554ebada7ad8286b291b220668504,"POZJ3uOtEeSoXCIACw4Gzg","iatAdBfWEeWYoCIAC5MBcw",t,2015-06-21 08:24:42.292
882a34625b9db3673642ea0d0c5f0b34017a9e9f,"POZJ3uOtEeSoXCIACw4Gzg","lSOYc0DuEeW1pBJNnBi9Yw",t,2015-08-12 12:35:15.351
989a1749510727449a37abffb0adddb7a54e98d5,"POZJ3uOtEeSoXCIACw4Gzg","XekhhNbMEeW17wrgkMLDIQ",t,2016-02-19 05:48:14.225
4cbe59d0a3abee602f70c93a76e971c8c7ec5a21,"POZJ3uOtEeSoXCIACw4Gzg","iatAdBfWEeWYoCIAC5MBcw",t,2015-06-21 05:29:50.504
fd235b9092c625358e25e5a0d2e12838a5c962f3,"POZJ3uOtEeSoXCIACw4Gzg","iatAdBfWEeWYoCIAC5MBcw",t,2015-06-21 09:32:33.174
013f629a3f25f6041f6d411fffc4be5559117549,"POZJ3uOtEeSoXCIACw4Gzg","B2eU8-teEeWeyQ6xu8k3Vw",t,2016-03-16 10:01:18.883
fdf7b295234c0bbd859a8f830339a4f98e856f70,"POZJ3uOtEeSoXCIACw4Gzg","2uH6IrzqEeWfsw41r6ikDw",t,2016-04-07 13:01:18.682
bf4c73f1c71ecea9ce9a918e347ed4858807b8e7,"POZJ3uOtEeSoXCIACw4Gzg","2uH6IrzqEeWfsw41r6ikDw",t,2016-01-17 07:20:58.601
2a39e6a98f1c89a22c6a4061d8a2e4c39a862744,"POZJ3uOtEeSoXCIACw4Gzg","wyf0PxZtEeWA7CIAC5WDNQ",t,2015-06-19 10:27:18.641
ea0d3eef9a22a8a5facab9cc03be114fa2c57f4d,"POZJ3uOtEeSoXCIACw4Gzg","wQNEbBQaEeWd3iIAC7VAtA",t,2015-06-16 11:28:04.495
8b78b1d3ab6ef4bd69b14358fc10c5d40f25de38,"POZJ3uOtEeSoXCIACw4Gzg","Gb9vsKe6EeWF2Q53QdZUbw",t,2015-12-21 08:09:04.31
716f4c6cc4d27803adc6feb8cf42b1e8dfce69f7,"POZJ3uOtEeSoXCIACw4Gzg","w30JASFbEeWYoCIAC5MBcw",t,2015-07-03 08:16:11.042
97c0a6cff5439b1f8f149152fe73f6f80be42831,"POZJ3uOtEeSoXCIACw4Gzg","w30JASFbEeWYoCIAC5MBcw",t,2015-08-29 16:55:19.853
ed714ee71cec0e30ab06b140a953395b3293510f,"POZJ3uOtEeSoXCIACw4Gzg","yiRMy5wZEeWRtBLzPmz2Ow",t,2015-12-06 13:03:48.502
459ab83f3ee8f83d360a60aba84e1fa93a838395,"POZJ3uOtEeSoXCIACw4Gzg","w30JASFbEeWYoCIAC5MBcw",t,2015-08-10 15:59:40.552
0d12d6522a98d9872f9eb01c8beca1743ec8b301,"POZJ3uOtEeSoXCIACw4Gzg","w30JASFbEeWYoCIAC5MBcw",t,2015-08-11 04:13:19.651
4997094470415c0801b7ea09960a1cb95a161413,"POZJ3uOtEeSoXCIACw4Gzg","w30JASFbEeWYoCIAC5MBcw",t,2015-07-05 02:50:48.385
746c5424b5a458af08b09047be7afb880034219e,"POZJ3uOtEeSoXCIACw4Gzg","RiK30H8REeWv4xJApgpHZw",t,2015-11-01 02:50:26.948
746c5424b5a458af08b09047be7afb880034219e,"POZJ3uOtEeSoXCIACw4Gzg","RiK30H8REeWv4xJApgpHZw",f,2015-11-01 02:50:32.07
1283f0eb5502a82c44cf367f45063b58165dbc7a,"POZJ3uOtEeSoXCIACw4Gzg","RiK30H8REeWv4xJApgpHZw",t,2015-10-30 14:19:47.317
bf4c73f1c71ecea9ce9a918e347ed4858807b8e7,"POZJ3uOtEeSoXCIACw4Gzg","RiK30H8REeWv4xJApgpHZw",t,2016-01-17 07:15:10.723
f9d62e2e218d82e045676cf806d0b3f32a11a082,"POZJ3uOtEeSoXCIACw4Gzg","KtdsANqoEeW0gBLNziwTrw",t,2016-02-24 03:39:11.324
0d81005bd0553ffcb969aec0f034e60f7a115ee5,"POZJ3uOtEeSoXCIACw4Gzg","hbvCEsCWEeWl4RIs9EHA5Q",t,2016-01-21 23:27:22.626
2a39e6a98f1c89a22c6a4061d8a2e4c39a862744,"POZJ3uOtEeSoXCIACw4Gzg","cEXLECGEEeWd3iIAC7VAtA",t,2015-07-03 13:07:20.793
b3842e927de1aa441f1677dfe8341172c6fc8b02,"POZJ3uOtEeSoXCIACw4Gzg","zFEecBXPEeWd3iIAC7VAtA",t,2015-06-19 09:47:39.459
00f96383b09ac136e7ece36b8b4151fe08ae1aa8,"POZJ3uOtEeSoXCIACw4Gzg","9pa92hY1EeWM2iIAC0KUpw",t,2015-06-19 03:47:53.104
4997094470415c0801b7ea09960a1cb95a161413,"POZJ3uOtEeSoXCIACw4Gzg","QP2PwhprEeWM2iIAC0KUpw",t,2015-06-26 03:43:10.10
9749aa786bda4e9fec697f4dfd50e46a1335aa45,"POZJ3uOtEeSoXCIACw4Gzg","zFEecBXPEeWd3iIAC7VAtA",f,2015-06-18 15:37:53.02
9749aa786bda4e9fec697f4dfd50e46a1335aa45,"POZJ3uOtEeSoXCIACw4Gzg","zFEecBXPEeWd3iIAC7VAtA",t,2015-06-18 15:36:33.57
9749aa786bda4e9fec697f4dfd50e46a1335aa45,"POZJ3uOtEeSoXCIACw4Gzg","zFEecBXPEeWd3iIAC7VAtA",t,2015-06-18 15:37:55.481
5b480b3db2da4decfab3e2e9d014ca09705da3ef,"POZJ3uOtEeSoXCIACw4Gzg","QP2PwhprEeWM2iIAC0KUpw",t,2015-06-24 12:19:25.911
13a238baafcd37c01c4eed6c3129ac2c5d3dd8f8,"POZJ3uOtEeSoXCIACw4Gzg","Tt1k3poZEeWWpRIGHRsuuw",t,2015-12-03 23:55:19.321
887109e225473b12f2bfb3ab0618c6656bcb3fa1,"POZJ3uOtEeSoXCIACw4Gzg","KntGYe6jEeWTdBIkpCpI1Q",t,2016-03-20 13:53:46.501
96c34da6d34031bf73f03f4eea05b98b713d696e,"POZJ3uOtEeSoXCIACw4Gzg","_QKA0GzdEeWWpw7gge8ZbQ",t,2015-10-07 10:27:19.331
d235fb54ad258037707b6efbade1e76e954d84a5,"POZJ3uOtEeSoXCIACw4Gzg","_QKA0GzdEeWWpw7gge8ZbQ",t,2015-10-08 23:51:10.561
0667c5dedb21c5c51512883adc2e8e0df7cc2532,"POZJ3uOtEeSoXCIACw4Gzg","Ju7gdiuCEeWw8CIACnuItg",t,2015-09-28 11:15:53.70
1e38adac43f6f3a942df58ee1cc223813c746b9e,"POZJ3uOtEeSoXCIACw4Gzg","Ju7gdiuCEeWw8CIACnuItg",t,2015-07-16 06:16:10.387
e0374c0adfa66e97a7ab358853c3930a0cd22b3c,"POZJ3uOtEeSoXCIACw4Gzg","VFfjfxtpEeWA7CIAC5WDNQ",t,2015-06-25 18:38:10.582
df442be2c49a141c3a907e7e82e95370127f92c2,"POZJ3uOtEeSoXCIACw4Gzg","VFfjfxtpEeWA7CIAC5WDNQ",t,2015-07-09 07:18:58.41
bc2e2ca92103f409422ba38a8cba6b82b7d07a5e,"POZJ3uOtEeSoXCIACw4Gzg","VFfjfxtpEeWA7CIAC5WDNQ",t,2015-08-18 00:54:06.89
2a39e6a98f1c89a22c6a4061d8a2e4c39a862744,"POZJ3uOtEeSoXCIACw4Gzg","DUUXmRZzEeWA7CIAC5WDNQ",t,2015-06-19 11:05:10.47
2fdc4063b9aa08c2b40b0a374f7670d181b2a6b2,"POZJ3uOtEeSoXCIACw4Gzg","DUUXmRZzEeWA7CIAC5WDNQ",t,2015-06-22 04:19:52.673
d2106b3f03fdea07419329e2c77228a6aa6696de,"POZJ3uOtEeSoXCIACw4Gzg","-DfVnh4lEeWYoCIAC5MBcw",t,2015-06-29 06:13:33.201
d235fb54ad258037707b6efbade1e76e954d84a5,"POZJ3uOtEeSoXCIACw4Gzg","HAcvxBmhEeWA7CIAC5WDNQ",t,2015-06-23 12:12:25.561
191552683106db31543b7c0b349f91274832720c,"POZJ3uOtEeSoXCIACw4Gzg","HAcvxBmhEeWA7CIAC5WDNQ",t,2015-06-24 05:06:31.368
5a51df8ed2cd7caf59fa0fcd72cd1e213c044167,"POZJ3uOtEeSoXCIACw4Gzg","-DfVnh4lEeWYoCIAC5MBcw",t,2015-07-10 05:36:32.523
05ae718a4d7e7237bcf0c531f71bb341c8417632,"POZJ3uOtEeSoXCIACw4Gzg","Y_Cx-xQ8EeWHGCIACznL2w",t,2015-06-18 13:38:57.129
2809c736452ffce17cc55f24ee633a78cf0b95b7,"POZJ3uOtEeSoXCIACw4Gzg","Y_Cx-xQ8EeWHGCIACznL2w",t,2015-07-05 16:55:45.026
162ee999c5b16f882e7deb3dcba0c4e56745258d,"POZJ3uOtEeSoXCIACw4Gzg","Y_Cx-xQ8EeWHGCIACznL2w",t,2015-06-18 13:09:44.29
162ee999c5b16f882e7deb3dcba0c4e56745258d,"POZJ3uOtEeSoXCIACw4Gzg","Y_Cx-xQ8EeWHGCIACznL2w",f,2015-07-21 03:11:47.722
c60c73071d6f2e2c8b7bf0f02daaec2642f9ff69,"POZJ3uOtEeSoXCIACw4Gzg","OqPTQhY5EeWYoCIAC5MBcw",t,2015-06-19 04:11:15.76
614a6cd6ff96ed9f35119a357468963732151397,"POZJ3uOtEeSoXCIACw4Gzg","Y_Cx-xQ8EeWHGCIACznL2w",t,2015-06-17 01:34:31.268
3a686f0ad845c80e217abd0dafa19648a633a5ea,"POZJ3uOtEeSoXCIACw4Gzg","Y_Cx-xQ8EeWHGCIACznL2w",t,2015-06-27 08:37:49.854
cfb47c2ccfff1cf260580537d8e3f5bc47e36697,"POZJ3uOtEeSoXCIACw4Gzg","Y_Cx-xQ8EeWHGCIACznL2w",t,2015-06-27 08:12:17.616
986d333961f8b5d57d8b33f0a217159f206516bc,"POZJ3uOtEeSoXCIACw4Gzg","Y_Cx-xQ8EeWHGCIACznL2w",t,2015-06-16 15:28:51.225
59139fc9073288367d4ec381d7cbf3eda444e8b1,"POZJ3uOtEeSoXCIACw4Gzg","Y_Cx-xQ8EeWHGCIACznL2w",t,2016-02-22 07:09:49.926
19cf6e5c978d57422143dc4eb6f4ddd7782eec16,"POZJ3uOtEeSoXCIACw4Gzg","Y_Cx-xQ8EeWHGCIACznL2w",t,2015-06-17 09:47:54.829
b6185b5a683814163ee84d628cad344807e0a150,"POZJ3uOtEeSoXCIACw4Gzg","Y_Cx-xQ8EeWHGCIACznL2w",t,2015-06-24 11:57:28.822
be8f905aecdc34d6bec3124a86679aba98232b06,"POZJ3uOtEeSoXCIACw4Gzg","Y_Cx-xQ8EeWHGCIACznL2w",t,2016-01-11 00:33:18.126
bdc7dc74d3af6dd95c6f2ac79499e7dfa30c56d1,"POZJ3uOtEeSoXCIACw4Gzg","Y_Cx-xQ8EeWHGCIACznL2w",t,2015-06-28 08:32:39.73
52713016f9423fa0353c0bd4fea88115ee9cffea,"POZJ3uOtEeSoXCIACw4Gzg","zsEUKk-GEeWoNAol4TlMSw",t,2015-08-31 02:20:11.803
d235fb54ad258037707b6efbade1e76e954d84a5,"POZJ3uOtEeSoXCIACw4Gzg","zsEUKk-GEeWoNAol4TlMSw",t,2015-09-01 06:17:20.484
4a0bb82c04cb00486c9b8408d881071a0cf16874,"POZJ3uOtEeSoXCIACw4Gzg","GCBM2zK0EeWNVyIAC0uErA",t,2015-08-06 13:01:02.265
19cf6e5c978d57422143dc4eb6f4ddd7782eec16,"POZJ3uOtEeSoXCIACw4Gzg","TqMOYBvZEeWA7CIAC5WDNQ",t,2015-06-26 07:59:44.608
fd235b9092c625358e25e5a0d2e12838a5c962f3,"POZJ3uOtEeSoXCIACw4Gzg","GCBM2zK0EeWNVyIAC0uErA",t,2015-07-25 10:01:18.519
e57e63267a7255f9d42bdab566dea7b743bdd1ad,"POZJ3uOtEeSoXCIACw4Gzg","aFQPbKAIEeWHSwq6hrcVGw",t,2015-12-11 13:09:27.559
05ae718a4d7e7237bcf0c531f71bb341c8417632,"POZJ3uOtEeSoXCIACw4Gzg","aFQPbKAIEeWHSwq6hrcVGw",t,2015-12-16 01:57:06.724
d235fb54ad258037707b6efbade1e76e954d84a5,"POZJ3uOtEeSoXCIACw4Gzg","Mc9J5hdXEeWA7CIAC5WDNQ",t,2015-06-21 13:05:15.565
404505cc8bec31d474bef4399ee08f4ee4a7adfc,"POZJ3uOtEeSoXCIACw4Gzg","Mc9J5hdXEeWA7CIAC5WDNQ",t,2015-06-20 14:18:17.015
daf160333d7554ebada7ad8286b291b220668504,"POZJ3uOtEeSoXCIACw4Gzg","Mc9J5hdXEeWA7CIAC5WDNQ",t,2015-06-21 08:20:46.465
6f4ba59e3dce06e9d8c260210cf6f4c1561445ff,"POZJ3uOtEeSoXCIACw4Gzg","jOzMnvpDEeWTnRIwzGCJxQ",t,2016-04-04 08:59:33.912
debe998bc157c505385fb0724e7cd48f8d5c5bee,"POZJ3uOtEeSoXCIACw4Gzg","JtE9ATdWEeWF2iIACyygBg",t,2015-07-31 07:31:26.292
d235fb54ad258037707b6efbade1e76e954d84a5,"POZJ3uOtEeSoXCIACw4Gzg","JtE9ATdWEeWF2iIACyygBg",t,2015-07-31 10:06:47.419
eb97dd6237034902fe374addbf21ceb9cb53361e,"POZJ3uOtEeSoXCIACw4Gzg","un6s1zQGEeWPACIACw4G5w",t,2015-07-27 02:25:20.832
7e8b3442517dd86a73893dd9d1776254032016b3,"POZJ3uOtEeSoXCIACw4Gzg","un6s1zQGEeWPACIACw4G5w",t,2015-08-30 12:15:15.805
459ab83f3ee8f83d360a60aba84e1fa93a838395,"POZJ3uOtEeSoXCIACw4Gzg","un6s1zQGEeWPACIACw4G5w",t,2015-08-10 15:51:45.446
4d420435417052450f9f8bc2d7a665f2e4554897,"POZJ3uOtEeSoXCIACw4Gzg","un6s1zQGEeWPACIACw4G5w",t,2015-07-27 06:59:45.037
9861c74fdb5c1f3d08a173b0765de94ba09f5f73,"POZJ3uOtEeSoXCIACw4Gzg","un6s1zQGEeWPACIACw4G5w",t,2015-07-27 04:47:11.704
c73b0c661644ff84dea4836c2664343d8d52a158,"POZJ3uOtEeSoXCIACw4Gzg","2sHGchrQEeWd3iIAC7VAtA",t,2016-01-01 05:23:27.882
9ef4740f69805f76f1ee21ee8d7541769c437f5f,"POZJ3uOtEeSoXCIACw4Gzg","2sHGchrQEeWd3iIAC7VAtA",t,2015-06-25 00:26:43.071
1451c696e2b0afcb98545cdd3c788a0d287cbfee,"POZJ3uOtEeSoXCIACw4Gzg","2sHGchrQEeWd3iIAC7VAtA",t,2016-01-01 06:06:51.823
86eae829a7e193292f4355b632a68159f93dd0a6,"POZJ3uOtEeSoXCIACw4Gzg","2sHGchrQEeWd3iIAC7VAtA",t,2015-12-22 21:07:22.861
86eae829a7e193292f4355b632a68159f93dd0a6,"POZJ3uOtEeSoXCIACw4Gzg","2sHGchrQEeWd3iIAC7VAtA",f,2015-12-22 21:07:26.239
cbe977c53a5fe70799003a13267cd2066baca3b0,"POZJ3uOtEeSoXCIACw4Gzg","2sHGchrQEeWd3iIAC7VAtA",f,2015-07-18 05:06:46.272
cbe977c53a5fe70799003a13267cd2066baca3b0,"POZJ3uOtEeSoXCIACw4Gzg","2sHGchrQEeWd3iIAC7VAtA",t,2015-07-18 05:06:42.386
a1dd855b59f5e5cc0dc1f851553181ecac26973a,"POZJ3uOtEeSoXCIACw4Gzg","-Xnney2-EeWTqyIAC44O4Q",t,2015-07-19 02:36:35.754
e44c837ca0f266a288ebe2379c6698a12ffefbaf,"POZJ3uOtEeSoXCIACw4Gzg","HOVQshOlEeWHGCIACznL2w",t,2015-06-16 05:22:28.098
e4c22103c597c97d163fbb4b007ff350f14b5727,"POZJ3uOtEeSoXCIACw4Gzg","HOVQshOlEeWHGCIACznL2w",t,2015-06-17 01:55:14.349
7fa4ac53ae4d34a0eee7bcd18672d055df64c680,"POZJ3uOtEeSoXCIACw4Gzg","HOVQshOlEeWHGCIACznL2w",t,2015-06-15 22:08:09.185
58560f6501f3f73f6972d60a0c0250c8776b1eb2,"POZJ3uOtEeSoXCIACw4Gzg","HOVQshOlEeWHGCIACznL2w",t,2015-08-04 19:29:38.558
e55fdbe2e555af601d22bb4962c1d10a02b875f5,"POZJ3uOtEeSoXCIACw4Gzg","HOVQshOlEeWHGCIACznL2w",t,2015-06-20 14:29:34.297
9744aa7bd61a1d48407a08745c700203d07442cd,"POZJ3uOtEeSoXCIACw4Gzg","HOVQshOlEeWHGCIACznL2w",t,2015-06-15 21:25:58.028
d235fb54ad258037707b6efbade1e76e954d84a5,"POZJ3uOtEeSoXCIACw4Gzg","-Xnney2-EeWTqyIAC44O4Q",t,2015-07-25 08:51:37.717
3df8703c7d70ce74e39b41d17cd14e780f3df50f,"POZJ3uOtEeSoXCIACw4Gzg","HOVQshOlEeWHGCIACznL2w",t,2015-06-16 23:56:58.276
1283f0eb5502a82c44cf367f45063b58165dbc7a,"POZJ3uOtEeSoXCIACw4Gzg","HOVQshOlEeWHGCIACznL2w",t,2015-06-16 09:41:44.15
4cbe59d0a3abee602f70c93a76e971c8c7ec5a21,"POZJ3uOtEeSoXCIACw4Gzg","HOVQshOlEeWHGCIACznL2w",f,2015-06-21 07:02:47.848
4cbe59d0a3abee602f70c93a76e971c8c7ec5a21,"POZJ3uOtEeSoXCIACw4Gzg","HOVQshOlEeWHGCIACznL2w",t,2015-06-21 05:39:38.152
ac42bbaef7ffacda82edb86955f70c384e204a36,"POZJ3uOtEeSoXCIACw4Gzg","HOVQshOlEeWHGCIACznL2w",t,2015-06-15 22:59:14.26
9077c8cc86062eae4e457c86b2c4283125868bdf,"POZJ3uOtEeSoXCIACw4Gzg","HOVQshOlEeWHGCIACznL2w",t,2015-09-15 19:16:55.532
3c251d5f6e6a89f72ce56638da1a4242c4b93caf,"POZJ3uOtEeSoXCIACw4Gzg","HOVQshOlEeWHGCIACznL2w",t,2015-06-16 16:33:18.381
d854feb33c383ee2c0080c6a71ebef34467aed8f,"POZJ3uOtEeSoXCIACw4Gzg","HOVQshOlEeWHGCIACznL2w",t,2015-07-01 10:13:54.902
496dc708cfc3cc34aeb838427cbc6046cce48a45,"POZJ3uOtEeSoXCIACw4Gzg","HOVQshOlEeWHGCIACznL2w",t,2015-06-15 23:07:28.794
0390508a61b1f2a939c50c5eb0aa53a19e9c9642,"POZJ3uOtEeSoXCIACw4Gzg","HOVQshOlEeWHGCIACznL2w",t,2015-06-17 11:43:21.523
ded1381769b2dec6856dc1f20594ac2198e849a5,"POZJ3uOtEeSoXCIACw4Gzg","ZjjXazqUEeWnMCIAC9gGzQ",t,2015-08-04 10:34:34.949
d2106b3f03fdea07419329e2c77228a6aa6696de,"POZJ3uOtEeSoXCIACw4Gzg","5jwbzxSrEeWmISIAC9QOog",t,2015-06-17 04:47:03.948
1115a3d8d8099f51bf4f11a1f1df325e70cf3267,"POZJ3uOtEeSoXCIACw4Gzg","u49iG19wEeW-tBLRsFjxBw",t,2015-09-20 08:22:29.261
6984ab2209f80a79ab89678418d2bb1928178616,"POZJ3uOtEeSoXCIACw4Gzg","G0UqfyLEEeWmISIAC9QOog",t,2015-07-05 03:15:37.169
d7b7cf51337bd710671fda3e372030afaec83a47,"POZJ3uOtEeSoXCIACw4Gzg","G0UqfyLEEeWmISIAC9QOog",t,2015-07-05 12:58:23.206
eb03136268bb62a61beb8c8614d4892404c3f9a0,"POZJ3uOtEeSoXCIACw4Gzg","ZvPWXZvaEeWzwg7t8Z85Vw",t,2015-12-06 05:30:03.737
3a686f0ad845c80e217abd0dafa19648a633a5ea,"POZJ3uOtEeSoXCIACw4Gzg","5cGlwxQVEeWA7CIAC5WDNQ",t,2015-06-17 02:58:10.218
c098051b4f5c6de3ac559b38fa38e415de737554,"POZJ3uOtEeSoXCIACw4Gzg","ZvPWXZvaEeWzwg7t8Z85Vw",t,2016-01-15 04:12:05.86
a8ff600c540be5cb866fc839cac4ef83cb89bfd7,"POZJ3uOtEeSoXCIACw4Gzg","5cGlwxQVEeWA7CIAC5WDNQ",t,2015-06-16 10:53:18.641
d811c6a5c7463777d58cb66f1908461d1e6c6405,"POZJ3uOtEeSoXCIACw4Gzg","FJLUQUIoEeWTMBKhOZsGeQ",t,2015-08-24 05:51:54.788
b81910dac1005a7f53e176a6078d40155258d6ee,"POZJ3uOtEeSoXCIACw4Gzg","5cGlwxQVEeWA7CIAC5WDNQ",t,2015-06-17 07:24:12.963
af574a2b84ebc73047a9cd2db579fde44d148596,"POZJ3uOtEeSoXCIACw4Gzg","FJLUQUIoEeWTMBKhOZsGeQ",t,2015-08-14 02:48:50.559
496dc708cfc3cc34aeb838427cbc6046cce48a45,"POZJ3uOtEeSoXCIACw4Gzg","5cGlwxQVEeWA7CIAC5WDNQ",t,2015-06-16 19:41:27.084
bc2e2ca92103f409422ba38a8cba6b82b7d07a5e,"POZJ3uOtEeSoXCIACw4Gzg","FJLUQUIoEeWTMBKhOZsGeQ",t,2015-08-14 01:59:21.614
3189925ebf4864ae949584c07b544afa16bb6a47,"POZJ3uOtEeSoXCIACw4Gzg","4ojdcoCZEeWFDQ4Rhv_F_Q",t,2015-11-01 13:10:12.394
1115a3d8d8099f51bf4f11a1f1df325e70cf3267,"POZJ3uOtEeSoXCIACw4Gzg","4ojdcoCZEeWFDQ4Rhv_F_Q",f,2015-11-10 05:22:32.096
1115a3d8d8099f51bf4f11a1f1df325e70cf3267,"POZJ3uOtEeSoXCIACw4Gzg","4ojdcoCZEeWFDQ4Rhv_F_Q",f,2015-11-10 04:31:09.588
1115a3d8d8099f51bf4f11a1f1df325e70cf3267,"POZJ3uOtEeSoXCIACw4Gzg","4ojdcoCZEeWFDQ4Rhv_F_Q",t,2015-11-01 15:41:36.044
1115a3d8d8099f51bf4f11a1f1df325e70cf3267,"POZJ3uOtEeSoXCIACw4Gzg","4ojdcoCZEeWFDQ4Rhv_F_Q",t,2015-11-10 04:31:12.356
9302b7490c79ead5ea5c0ac601b90ed54e810d1e,"POZJ3uOtEeSoXCIACw4Gzg","u4hyOieVEeWSQSIAC5cRKQ",t,2015-07-11 09:34:48.181
ebaf5da7c6155aabe15af3c8122f2e529dd06a7b,"POZJ3uOtEeSoXCIACw4Gzg","u4hyOieVEeWSQSIAC5cRKQ",t,2015-08-22 18:09:41.249
965d307469473b578a8607a357924882fa377c24,"POZJ3uOtEeSoXCIACw4Gzg","tbf3PxSAEeWA7CIAC5WDNQ",t,2016-02-16 08:30:37.052
d235fb54ad258037707b6efbade1e76e954d84a5,"POZJ3uOtEeSoXCIACw4Gzg","u4hyOieVEeWSQSIAC5cRKQ",t,2015-07-12 16:18:29.091
f9b470b5ad07237a01eb8b2d3f564e4823f8cfe7,"POZJ3uOtEeSoXCIACw4Gzg","tbf3PxSAEeWA7CIAC5WDNQ",t,2016-02-26 12:47:34.849
f9b470b5ad07237a01eb8b2d3f564e4823f8cfe7,"POZJ3uOtEeSoXCIACw4Gzg","tbf3PxSAEeWA7CIAC5WDNQ",f,2016-02-26 12:47:36.196
1fb0054ad719952f14f3af26f2c13da03f6eda65,"POZJ3uOtEeSoXCIACw4Gzg","tbf3PxSAEeWA7CIAC5WDNQ",t,2015-06-16 23:37:54.212
191552683106db31543b7c0b349f91274832720c,"POZJ3uOtEeSoXCIACw4Gzg","u4hyOieVEeWSQSIAC5cRKQ",t,2015-07-14 06:13:08.746
b303e4355e54c9a5f5a55d0d0e7d638f367981a1,"POZJ3uOtEeSoXCIACw4Gzg","tbf3PxSAEeWA7CIAC5WDNQ",t,2015-06-17 00:03:22.854
a7eb9b1fd7649710edc284e57020c90b2a532449,"POZJ3uOtEeSoXCIACw4Gzg","u4hyOieVEeWSQSIAC5cRKQ",t,2015-07-11 06:26:15.479
b2c15d1e0dbb37a3289c9ae4a1a965339d8be3b5,"POZJ3uOtEeSoXCIACw4Gzg","idyKoinwEeWmViIAC5MTmg",t,2015-07-16 04:32:42.675
191552683106db31543b7c0b349f91274832720c,"POZJ3uOtEeSoXCIACw4Gzg","idyKoinwEeWmViIAC5MTmg",t,2015-07-15 02:08:06.668
62e36677e249c31b4d42049123ab97a48ef70404,"POZJ3uOtEeSoXCIACw4Gzg","idyKoinwEeWmViIAC5MTmg",t,2015-07-15 05:26:21.536
62e36677e249c31b4d42049123ab97a48ef70404,"POZJ3uOtEeSoXCIACw4Gzg","idyKoinwEeWmViIAC5MTmg",t,2015-07-14 06:21:18.673
62e36677e249c31b4d42049123ab97a48ef70404,"POZJ3uOtEeSoXCIACw4Gzg","idyKoinwEeWmViIAC5MTmg",f,2015-07-15 05:26:17.417
459ab83f3ee8f83d360a60aba84e1fa93a838395,"POZJ3uOtEeSoXCIACw4Gzg","oI_-RDX8EeWNVyIAC0uErA",t,2015-08-10 15:53:44.219
deb0b159ca0a10437ff74a21cc76f844f7638705,"POZJ3uOtEeSoXCIACw4Gzg","oI_-RDX8EeWNVyIAC0uErA",t,2015-07-29 14:18:04.684
0667c5dedb21c5c51512883adc2e8e0df7cc2532,"POZJ3uOtEeSoXCIACw4Gzg","YaWVdmXREeWEHBK0qnR5nQ",t,2015-09-28 11:09:26.581
19cf6e5c978d57422143dc4eb6f4ddd7782eec16,"POZJ3uOtEeSoXCIACw4Gzg","Z8qMLB29EeWYoCIAC5MBcw",t,2015-06-28 17:45:03.227
d235fb54ad258037707b6efbade1e76e954d84a5,"POZJ3uOtEeSoXCIACw4Gzg","Z8qMLB29EeWYoCIAC5MBcw",t,2015-06-30 12:43:42.903
1ba0e2f9e7e959b36de8c1b48407df0f1e999bd1,"POZJ3uOtEeSoXCIACw4Gzg","G28A4UNnEeWPFgp1wk3USw",t,2015-08-15 16:03:02.592
6e182d19b91c38f96851cb1ab10694da15f53f55,"POZJ3uOtEeSoXCIACw4Gzg","DPFBUC9OEeWOkCIAC4UG7w",t,2015-10-19 11:32:16.575
6e182d19b91c38f96851cb1ab10694da15f53f55,"POZJ3uOtEeSoXCIACw4Gzg","DPFBUC9OEeWOkCIAC4UG7w",f,2015-10-19 11:32:14.209
6e182d19b91c38f96851cb1ab10694da15f53f55,"POZJ3uOtEeSoXCIACw4Gzg","DPFBUC9OEeWOkCIAC4UG7w",t,2015-07-21 02:13:17.69
86eae829a7e193292f4355b632a68159f93dd0a6,"POZJ3uOtEeSoXCIACw4Gzg","DPFBUC9OEeWOkCIAC4UG7w",t,2016-01-06 14:49:40.243
1115a3d8d8099f51bf4f11a1f1df325e70cf3267,"POZJ3uOtEeSoXCIACw4Gzg","DPFBUC9OEeWOkCIAC4UG7w",t,2015-10-09 04:51:10.273
7e8b3442517dd86a73893dd9d1776254032016b3,"POZJ3uOtEeSoXCIACw4Gzg","ClqcI1tbEeWWvApdRud_EQ",t,2015-09-15 03:37:07.886
d235fb54ad258037707b6efbade1e76e954d84a5,"POZJ3uOtEeSoXCIACw4Gzg","l3YWphV6EeWM2iIAC0KUpw",t,2015-06-18 16:40:09.055
b81910dac1005a7f53e176a6078d40155258d6ee,"POZJ3uOtEeSoXCIACw4Gzg","ejBUFRUHEeWd3iIAC7VAtA",t,2015-06-17 15:42:36.385
496dc708cfc3cc34aeb838427cbc6046cce48a45,"POZJ3uOtEeSoXCIACw4Gzg","ejBUFRUHEeWd3iIAC7VAtA",t,2015-06-17 21:43:28.112
daf160333d7554ebada7ad8286b291b220668504,"POZJ3uOtEeSoXCIACw4Gzg","l3YWphV6EeWM2iIAC0KUpw",t,2015-06-18 23:57:53.921
3f94dde37aee84e8d4d360db14ad689208037685,"POZJ3uOtEeSoXCIACw4Gzg","8EGVKxYsEeWYoCIAC5MBcw",t,2015-06-19 13:26:41.938
debe998bc157c505385fb0724e7cd48f8d5c5bee,"POZJ3uOtEeSoXCIACw4Gzg","KoTQfDT_EeWNVyIAC0uErA",t,2015-07-28 08:03:43.953
d3560062c8caf9e361c94cec70ad6f9fff76fff7,"POZJ3uOtEeSoXCIACw4Gzg","8EGVKxYsEeWYoCIAC5MBcw",t,2015-06-19 02:43:17.025
d235fb54ad258037707b6efbade1e76e954d84a5,"POZJ3uOtEeSoXCIACw4Gzg","8EGVKxYsEeWYoCIAC5MBcw",t,2015-06-20 00:38:31.864
6984ab2209f80a79ab89678418d2bb1928178616,"POZJ3uOtEeSoXCIACw4Gzg","8EGVKxYsEeWYoCIAC5MBcw",t,2015-07-09 09:47:45.466
19cf6e5c978d57422143dc4eb6f4ddd7782eec16,"POZJ3uOtEeSoXCIACw4Gzg","8EGVKxYsEeWYoCIAC5MBcw",t,2015-06-19 10:17:21.579
fe46a6917118fdb2e87021966e7db9918ee3cb26,"POZJ3uOtEeSoXCIACw4Gzg","8EGVKxYsEeWYoCIAC5MBcw",t,2015-06-24 06:34:58.651
b13caf504abde2faae67cdbf0ac222e7d321af56,"POZJ3uOtEeSoXCIACw4Gzg","VYVowSU8EeW_lSIAC0kOqg",t,2015-07-08 06:41:16.797
66fc3c9d6c970faffe2fcd5da876b5935ebab641,"POZJ3uOtEeSoXCIACw4Gzg","VYVowSU8EeW_lSIAC0kOqg",t,2015-08-01 03:31:17.494
c4f78f0ea44d65b4b00eb1a789b78278d0b96724,"POZJ3uOtEeSoXCIACw4Gzg","LyIsUjzUEeW2ASIACxeTpg",t,2015-09-10 03:14:30.846
4d420435417052450f9f8bc2d7a665f2e4554897,"POZJ3uOtEeSoXCIACw4Gzg","LyIsUjzUEeW2ASIACxeTpg",t,2015-08-14 01:42:37.731
6984ab2209f80a79ab89678418d2bb1928178616,"POZJ3uOtEeSoXCIACw4Gzg","LyIsUjzUEeW2ASIACxeTpg",t,2015-09-16 09:50:03.793
e96af26b9a243ac95381b5913cb5bff5f0474fbc,"POZJ3uOtEeSoXCIACw4Gzg","YpnBOJy3EeWw3Q42UmLfBQ",t,2015-12-07 07:51:55.217
1d5dec4cec413c1abfb3ff3f8f5cb25094074bf8,"POZJ3uOtEeSoXCIACw4Gzg","lAuCN0erEeW0UA4hZsSjlQ",t,2015-08-21 02:23:15.374
887109e225473b12f2bfb3ab0618c6656bcb3fa1,"POZJ3uOtEeSoXCIACw4Gzg","lAuCN0erEeW0UA4hZsSjlQ",t,2016-03-19 08:24:18.658
746c5424b5a458af08b09047be7afb880034219e,"POZJ3uOtEeSoXCIACw4Gzg","LyIsUjzUEeW2ASIACxeTpg",t,2015-10-24 02:57:05.734
c59d9ed4b0a58a7b682380f2fe4e8f233a7056e9,"POZJ3uOtEeSoXCIACw4Gzg","LyIsUjzUEeW2ASIACxeTpg",t,2015-08-07 07:16:12.641
af574a2b84ebc73047a9cd2db579fde44d148596,"POZJ3uOtEeSoXCIACw4Gzg","LyIsUjzUEeW2ASIACxeTpg",t,2015-09-18 02:13:40.758
9200de2d5414d98ec4cfb00ae7530f2c279ab2b0,"POZJ3uOtEeSoXCIACw4Gzg","LyIsUjzUEeW2ASIACxeTpg",t,2015-09-16 15:41:53.213
ecbf2032beb17bdf1de1e5a194b7d917691d4c3f,"POZJ3uOtEeSoXCIACw4Gzg","LyIsUjzUEeW2ASIACxeTpg",t,2015-10-17 07:20:32.989
d235fb54ad258037707b6efbade1e76e954d84a5,"POZJ3uOtEeSoXCIACw4Gzg","LyIsUjzUEeW2ASIACxeTpg",t,2015-08-08 10:16:17.291
3461d20e40dc1c0615abfc18400d046de0f4774e,"POZJ3uOtEeSoXCIACw4Gzg","YpnBOJy3EeWw3Q42UmLfBQ",t,2016-01-17 02:07:09.89
a8ff600c540be5cb866fc839cac4ef83cb89bfd7,"POZJ3uOtEeSoXCIACw4Gzg","jnnrPBmeEeWmISIAC9QOog",t,2015-06-24 06:57:11.688
5b480b3db2da4decfab3e2e9d014ca09705da3ef,"POZJ3uOtEeSoXCIACw4Gzg","jnnrPBmeEeWmISIAC9QOog",t,2015-06-23 14:34:36.247
5b480b3db2da4decfab3e2e9d014ca09705da3ef,"POZJ3uOtEeSoXCIACw4Gzg","jnnrPBmeEeWmISIAC9QOog",f,2015-06-23 14:34:30.771
5b480b3db2da4decfab3e2e9d014ca09705da3ef,"POZJ3uOtEeSoXCIACw4Gzg","jnnrPBmeEeWmISIAC9QOog",t,2015-06-23 11:54:09.081
191552683106db31543b7c0b349f91274832720c,"POZJ3uOtEeSoXCIACw4Gzg","Jq4KgVbOEeWlfw4wZhJSZw",t,2015-09-10 08:11:09.667
f409f5cc06ae85fb98c5e80fe1f02fa2f31c982a,"POZJ3uOtEeSoXCIACw4Gzg","Jq4KgVbOEeWlfw4wZhJSZw",t,2015-09-09 08:38:31.715
1283f0eb5502a82c44cf367f45063b58165dbc7a,"POZJ3uOtEeSoXCIACw4Gzg","ScvG9EoYEeWbVQrsfyQbuw",t,2015-08-24 04:26:28.274
c67b6f06c8d48d3c01c937b301948912950ed533,"POZJ3uOtEeSoXCIACw4Gzg","33sjv0MoEeWxOxIbgUSIFQ",t,2015-08-23 13:24:06.685
f123f7f8c241cdc1cdbf45f4cdd7458acb6d80d8,"POZJ3uOtEeSoXCIACw4Gzg","33sjv0MoEeWxOxIbgUSIFQ",t,2015-11-20 16:55:43.244
14c2b1a048786f53a9a03dcf54808b4369943a07,"POZJ3uOtEeSoXCIACw4Gzg","33sjv0MoEeWxOxIbgUSIFQ",t,2015-08-15 08:37:33.231
38e0a19a7669e352dbc260c883e3ae91e47e1692,"POZJ3uOtEeSoXCIACw4Gzg","zcsNVTLUEeWNVyIAC0uErA",t,2015-09-22 10:37:27.755
13a78647c7f043a45742efa385e9c2259f1c59fc,"POZJ3uOtEeSoXCIACw4Gzg","zcsNVTLUEeWNVyIAC0uErA",t,2015-08-05 06:44:27.554
ef49cc71159182d244c62c9fab3c32e75209d55c,"POZJ3uOtEeSoXCIACw4Gzg","zcsNVTLUEeWNVyIAC0uErA",t,2015-09-22 02:55:52.017
f84a4ef5c5d14b244e5197674421a29edaf395eb,"POZJ3uOtEeSoXCIACw4Gzg","zcsNVTLUEeWNVyIAC0uErA",t,2015-07-30 02:00:09.099
39b7ea5da618148f9e3fdfa53f63c3112703c681,"POZJ3uOtEeSoXCIACw4Gzg","zcsNVTLUEeWNVyIAC0uErA",t,2015-08-20 03:00:08.757
39b7ea5da618148f9e3fdfa53f63c3112703c681,"POZJ3uOtEeSoXCIACw4Gzg","zcsNVTLUEeWNVyIAC0uErA",f,2015-08-20 03:00:11.123
bdeabec8794c1d554eedf11be3fe97d940a83ee4,"POZJ3uOtEeSoXCIACw4Gzg","zcsNVTLUEeWNVyIAC0uErA",t,2015-08-09 14:30:01.484
0809d767401829c24bc945749d5b6d2226d2f27a,"POZJ3uOtEeSoXCIACw4Gzg","zcsNVTLUEeWNVyIAC0uErA",t,2015-11-13 15:27:39.67
ebfe726df48b562f2c9e368bbd1b9b8c543decb0,"POZJ3uOtEeSoXCIACw4Gzg","zcsNVTLUEeWNVyIAC0uErA",t,2015-07-25 13:55:27.211
d235fb54ad258037707b6efbade1e76e954d84a5,"POZJ3uOtEeSoXCIACw4Gzg","U95kzUjMEeWxHxIGetKceQ",t,2015-08-23 12:06:47.821
6e0f1bce73e13fc2ba79bfe021706f9b5d545818,"POZJ3uOtEeSoXCIACw4Gzg","U95kzUjMEeWxHxIGetKceQ",t,2015-08-27 02:11:57.599
6e9f2f9b0b81bbc258fc6a62d1cb1b7ce618b801,"POZJ3uOtEeSoXCIACw4Gzg","U95kzUjMEeWxHxIGetKceQ",t,2015-08-22 12:50:12.261
754be615cc45d802e712cb69f615927414de6aef,"POZJ3uOtEeSoXCIACw4Gzg","5WKarGTeEeW1ShIhri4C5Q",t,2015-11-07 09:32:38.937
fb8b2bef7cc9630da94f985a150fe2dabbae92f0,"POZJ3uOtEeSoXCIACw4Gzg","88Asf8daEeWQeBKXzVfQFQ",t,2016-01-30 14:08:35.537
df143648eb841cb2cb0e20123d5d87abf2af8ddc,"POZJ3uOtEeSoXCIACw4Gzg","5WKarGTeEeW1ShIhri4C5Q",t,2015-09-27 06:13:39.887
19ee1e72d537df1d317ee37920669e36bb840b49,"POZJ3uOtEeSoXCIACw4Gzg","5WKarGTeEeW1ShIhri4C5Q",t,2015-12-12 14:35:57.054
5a51df8ed2cd7caf59fa0fcd72cd1e213c044167,"POZJ3uOtEeSoXCIACw4Gzg","Mu3c4yTDEeWYoCIAC5MBcw",t,2015-07-07 16:14:09.665
496dc708cfc3cc34aeb838427cbc6046cce48a45,"POZJ3uOtEeSoXCIACw4Gzg","Nv0buROvEeWmISIAC9QOog",t,2015-06-15 23:15:21.025
ca7c6775869c10c4db606428bdff5eae26eba2e7,"POZJ3uOtEeSoXCIACw4Gzg","Nv0buROvEeWmISIAC9QOog",t,2015-06-15 22:38:16.79
c4f78f0ea44d65b4b00eb1a789b78278d0b96724,"POZJ3uOtEeSoXCIACw4Gzg","7kkQsRuZEeWYoCIAC5MBcw",t,2015-06-26 00:26:04.671
adb2b8500d20558357e419aa4eff47c50bd1a471,"POZJ3uOtEeSoXCIACw4Gzg","7kkQsRuZEeWYoCIAC5MBcw",t,2015-06-29 09:11:34.057
4997094470415c0801b7ea09960a1cb95a161413,"POZJ3uOtEeSoXCIACw4Gzg","7kkQsRuZEeWYoCIAC5MBcw",t,2015-06-26 03:17:27.682
99dd76bd02d512f875019966b3a3d9ca31e0b899,"POZJ3uOtEeSoXCIACw4Gzg","rOlCKzTeEeWj5iIACwIAYw",t,2015-07-28 04:11:09.333
d235fb54ad258037707b6efbade1e76e954d84a5,"POZJ3uOtEeSoXCIACw4Gzg","rOlCKzTeEeWj5iIACwIAYw",t,2015-07-29 14:38:18.922
62fb88676cbf757c91d02da29e247e44d18150ae,"POZJ3uOtEeSoXCIACw4Gzg","x4X-3qhHEeW2NBLvq9LZHQ",t,2015-12-22 01:03:14.862
4d16634dada9096f81644aaec4098487e4b29299,"POZJ3uOtEeSoXCIACw4Gzg","06LJTDLSEeWV8SIACyyfnQ",t,2015-08-03 15:21:44.942
9861c74fdb5c1f3d08a173b0765de94ba09f5f73,"POZJ3uOtEeSoXCIACw4Gzg","06LJTDLSEeWV8SIACyyfnQ",t,2015-07-25 13:41:18.022
404505cc8bec31d474bef4399ee08f4ee4a7adfc,"POZJ3uOtEeSoXCIACw4Gzg","06LJTDLSEeWV8SIACyyfnQ",t,2015-07-26 12:59:46.084
c2587e7c291e94e6c8600fdf1b78f12e34c1b6f2,"POZJ3uOtEeSoXCIACw4Gzg","06LJTDLSEeWV8SIACyyfnQ",t,2016-01-04 10:45:33.674
ada77f3d1d502cef10394570987920ccd7256e7f,"POZJ3uOtEeSoXCIACw4Gzg","5UfTIRPGEeWM2iIAC0KUpw",t,2015-08-08 15:50:18.256
d854feb33c383ee2c0080c6a71ebef34467aed8f,"POZJ3uOtEeSoXCIACw4Gzg","5UfTIRPGEeWM2iIAC0KUpw",t,2015-07-01 10:17:04.326
6cf8e719ca74167f1e1578851f6590d19ca16b15,"POZJ3uOtEeSoXCIACw4Gzg","5UfTIRPGEeWM2iIAC0KUpw",t,2015-06-16 02:11:00.152
ae10569ef75d3a298341b0ba53384057cd95865f,"POZJ3uOtEeSoXCIACw4Gzg","5UfTIRPGEeWM2iIAC0KUpw",t,2015-06-17 00:47:07.717
c14c50dc0e0ae698924db36c1cf2f7b753874701,"POZJ3uOtEeSoXCIACw4Gzg","5UfTIRPGEeWM2iIAC0KUpw",t,2015-06-16 02:40:31.456
8713d6457f1aba5d029134140855d3094688f268,"POZJ3uOtEeSoXCIACw4Gzg","5UfTIRPGEeWM2iIAC0KUpw",t,2015-06-22 00:53:38.602
e9200bfc8fa6d5c064a2e1a6dbb1af5f0719d702,"POZJ3uOtEeSoXCIACw4Gzg","5UfTIRPGEeWM2iIAC0KUpw",t,2015-06-16 14:47:15.503
e5a36bf23d367425a54927783b4d727dfe152a88,"POZJ3uOtEeSoXCIACw4Gzg","5UfTIRPGEeWM2iIAC0KUpw",t,2015-06-17 07:27:50.349
9110d232d77fe2fabffe75daf50f52240dc29786,"POZJ3uOtEeSoXCIACw4Gzg","5UfTIRPGEeWM2iIAC0KUpw",t,2015-06-16 01:27:47.612
3605750fa802badb5b7057576ba7f5fdf7fb78c0,"POZJ3uOtEeSoXCIACw4Gzg","5UfTIRPGEeWM2iIAC0KUpw",t,2015-06-19 13:58:53.568
5bef1010e2429d990916cdcada3da64e6913d879,"POZJ3uOtEeSoXCIACw4Gzg","5UfTIRPGEeWM2iIAC0KUpw",t,2015-06-16 02:47:03.585
4e0b3f04872a53f7d79b6cd28c509a39cbd120bb,"POZJ3uOtEeSoXCIACw4Gzg","5UfTIRPGEeWM2iIAC0KUpw",t,2015-06-16 04:51:53.34
4e0b3f04872a53f7d79b6cd28c509a39cbd120bb,"POZJ3uOtEeSoXCIACw4Gzg","5UfTIRPGEeWM2iIAC0KUpw",t,2015-06-16 04:51:48.873
4e0b3f04872a53f7d79b6cd28c509a39cbd120bb,"POZJ3uOtEeSoXCIACw4Gzg","5UfTIRPGEeWM2iIAC0KUpw",f,2015-06-16 04:51:52.325
8c3de86e0a51426396b7220500c25527cecccfdf,"POZJ3uOtEeSoXCIACw4Gzg","-KNSdinEEeWOKyIACimMGQ",t,2015-07-14 01:09:26.694
fca32cbb242009ae4ff295d396ec106dd06c33f2,"POZJ3uOtEeSoXCIACw4Gzg","SzT8KltrEeWkVgp3YUjFSw",t,2016-02-07 10:57:09.062
d235fb54ad258037707b6efbade1e76e954d84a5,"POZJ3uOtEeSoXCIACw4Gzg","SzT8KltrEeWkVgp3YUjFSw",t,2015-09-15 05:41:29.107
a845dcf0f9e78c6dab73009140a5452640503298,"POZJ3uOtEeSoXCIACw4Gzg","SzT8KltrEeWkVgp3YUjFSw",t,2015-09-15 05:33:28.627
882a34625b9db3673642ea0d0c5f0b34017a9e9f,"POZJ3uOtEeSoXCIACw4Gzg","FayOZRsoEeWd3iIAC7VAtA",t,2015-07-16 07:30:03.938
d235fb54ad258037707b6efbade1e76e954d84a5,"POZJ3uOtEeSoXCIACw4Gzg","FayOZRsoEeWd3iIAC7VAtA",t,2015-07-27 09:08:41.153
d235fb54ad258037707b6efbade1e76e954d84a5,"POZJ3uOtEeSoXCIACw4Gzg","ne5IFzN0EeWF2iIACyygBg",t,2015-07-27 08:55:35.511
3df8703c7d70ce74e39b41d17cd14e780f3df50f,"POZJ3uOtEeSoXCIACw4Gzg","K7TBDhSFEeWd3iIAC7VAtA",t,2015-06-17 00:09:50.141
404505cc8bec31d474bef4399ee08f4ee4a7adfc,"POZJ3uOtEeSoXCIACw4Gzg","FayOZRsoEeWd3iIAC7VAtA",t,2015-07-26 12:55:55.842
86eae829a7e193292f4355b632a68159f93dd0a6,"POZJ3uOtEeSoXCIACw4Gzg","FayOZRsoEeWd3iIAC7VAtA",t,2015-12-21 20:48:20.225
71cad659ad6a0f27c7aa2f7d14be2247313797ea,"POZJ3uOtEeSoXCIACw4Gzg","74BzIjLaEeWPACIACw4G5w",t,2015-07-25 14:39:20.74
c8dc5dea924e604873948e991855275872f9eafc,"POZJ3uOtEeSoXCIACw4Gzg","FayOZRsoEeWd3iIAC7VAtA",t,2015-09-13 03:10:36.194
97c0a6cff5439b1f8f149152fe73f6f80be42831,"POZJ3uOtEeSoXCIACw4Gzg","FayOZRsoEeWd3iIAC7VAtA",t,2015-08-29 16:53:48.364
191552683106db31543b7c0b349f91274832720c,"POZJ3uOtEeSoXCIACw4Gzg","FayOZRsoEeWd3iIAC7VAtA",t,2015-06-26 11:19:40.212
fd235b9092c625358e25e5a0d2e12838a5c962f3,"POZJ3uOtEeSoXCIACw4Gzg","ne5IFzN0EeWF2iIACyygBg",t,2015-07-26 08:59:26.382
ed98da8dcb0860716248d4ee1ead6c7c6ab3c9cd,"POZJ3uOtEeSoXCIACw4Gzg","FayOZRsoEeWd3iIAC7VAtA",t,2015-06-25 10:51:08.127
03cc9bf386e626817d3fa0ff906587adb706a425,"POZJ3uOtEeSoXCIACw4Gzg","FayOZRsoEeWd3iIAC7VAtA",t,2015-08-13 13:43:36.248
496dc708cfc3cc34aeb838427cbc6046cce48a45,"POZJ3uOtEeSoXCIACw4Gzg","K7TBDhSFEeWd3iIAC7VAtA",t,2015-06-17 22:00:30.557
191552683106db31543b7c0b349f91274832720c,"POZJ3uOtEeSoXCIACw4Gzg","yoDZahWKEeWmISIAC9QOog",t,2015-06-18 14:51:42.961
daf160333d7554ebada7ad8286b291b220668504,"POZJ3uOtEeSoXCIACw4Gzg","yoDZahWKEeWmISIAC9QOog",t,2015-06-18 07:26:14.543
daf160333d7554ebada7ad8286b291b220668504,"POZJ3uOtEeSoXCIACw4Gzg","yoDZahWKEeWmISIAC9QOog",t,2015-06-18 07:22:35.238
daf160333d7554ebada7ad8286b291b220668504,"POZJ3uOtEeSoXCIACw4Gzg","yoDZahWKEeWmISIAC9QOog",f,2015-06-18 07:26:11.819
daf160333d7554ebada7ad8286b291b220668504,"POZJ3uOtEeSoXCIACw4Gzg","yoDZahWKEeWmISIAC9QOog",f,2015-06-18 07:26:17.848
a8ff600c540be5cb866fc839cac4ef83cb89bfd7,"POZJ3uOtEeSoXCIACw4Gzg","EwkCNho-EeWHGCIACznL2w",t,2015-06-24 06:56:01.455
b6185b5a683814163ee84d628cad344807e0a150,"POZJ3uOtEeSoXCIACw4Gzg","EwkCNho-EeWHGCIACznL2w",t,2015-06-24 12:00:49.661
fb8b2bef7cc9630da94f985a150fe2dabbae92f0,"POZJ3uOtEeSoXCIACw4Gzg","P074PcRHEeWc7QoaaZlQOQ",t,2016-01-26 16:09:58.891
debe998bc157c505385fb0724e7cd48f8d5c5bee,"POZJ3uOtEeSoXCIACw4Gzg","li24SjUHEeWNVyIAC0uErA",t,2015-07-28 09:04:00.557
d235fb54ad258037707b6efbade1e76e954d84a5,"POZJ3uOtEeSoXCIACw4Gzg","8vgoGRcGEeWHGCIACznL2w",t,2015-06-21 13:25:23.198
d235fb54ad258037707b6efbade1e76e954d84a5,"POZJ3uOtEeSoXCIACw4Gzg","li24SjUHEeWNVyIAC0uErA",t,2015-07-29 16:02:24.366
b6185b5a683814163ee84d628cad344807e0a150,"POZJ3uOtEeSoXCIACw4Gzg","8vgoGRcGEeWHGCIACznL2w",t,2015-06-24 12:17:45.641
f42fd011afa2c6a4bcd620ee9355ad4f6062c740,"POZJ3uOtEeSoXCIACw4Gzg","8vgoGRcGEeWHGCIACznL2w",t,2015-06-20 04:43:51.848
9f206386c19ce2ef2dd9460d77ebfbc4f2a8b6a3,"POZJ3uOtEeSoXCIACw4Gzg","8vgoGRcGEeWHGCIACznL2w",t,2015-06-24 08:56:52.674
5bc259c1a0b85a38d6d8820a058fd3d4a26f87a1,"POZJ3uOtEeSoXCIACw4Gzg","8vgoGRcGEeWHGCIACznL2w",t,2015-06-21 02:40:57.315
d235fb54ad258037707b6efbade1e76e954d84a5,"POZJ3uOtEeSoXCIACw4Gzg","VAoFJB45EeWmISIAC9QOog",t,2015-06-30 13:05:17.776
e1332e76f2d5e7816a04a27245bd3e2b692090da,"POZJ3uOtEeSoXCIACw4Gzg","VAoFJB45EeWmISIAC9QOog",t,2015-06-29 08:32:07.688
214240a7bdbfcdff7dd3f25dc753cc939fc05e29,"POZJ3uOtEeSoXCIACw4Gzg","GziZ-VvEEeWKaRJGciUWiw",t,2015-09-15 16:09:13.371
ab730cace8e82300da84370c40ffbb32fbc6411d,"POZJ3uOtEeSoXCIACw4Gzg","GziZ-VvEEeWKaRJGciUWiw",t,2015-11-07 15:27:56.775
d235fb54ad258037707b6efbade1e76e954d84a5,"POZJ3uOtEeSoXCIACw4Gzg","KhW4DR8nEeWM2iIAC0KUpw",t,2015-06-30 12:54:37.514
c39ad543b07dc917dee1649ebe7c625970a9e738,"POZJ3uOtEeSoXCIACw4Gzg","GziZ-VvEEeWKaRJGciUWiw",t,2015-09-28 04:16:53.602
162ee999c5b16f882e7deb3dcba0c4e56745258d,"POZJ3uOtEeSoXCIACw4Gzg","B_SunxPxEeWmISIAC9QOog",f,2015-07-21 03:02:13.959
162ee999c5b16f882e7deb3dcba0c4e56745258d,"POZJ3uOtEeSoXCIACw4Gzg","B_SunxPxEeWmISIAC9QOog",t,2015-06-17 04:48:07.29
19cf6e5c978d57422143dc4eb6f4ddd7782eec16,"POZJ3uOtEeSoXCIACw4Gzg","B_SunxPxEeWmISIAC9QOog",t,2015-06-16 06:29:24.647
d235fb54ad258037707b6efbade1e76e954d84a5,"POZJ3uOtEeSoXCIACw4Gzg","ZtHzHFM3EeWxHxIGetKceQ",t,2015-09-09 13:24:59.565
fdea28a5636283b8c09e5d408c95d3366f23ec63,"POZJ3uOtEeSoXCIACw4Gzg","ZtHzHFM3EeWxHxIGetKceQ",t,2015-09-04 19:01:51.824
191552683106db31543b7c0b349f91274832720c,"POZJ3uOtEeSoXCIACw4Gzg","ZtHzHFM3EeWxHxIGetKceQ",t,2015-09-10 08:06:52.104
18dbc8f1906b5df7dc93d809e97c3be213af59ce,"POZJ3uOtEeSoXCIACw4Gzg","eb7Sr92hEeWAKgo1CAiqoQ",t,2016-02-27 22:28:50.715
b05a9cb070e50397ba0f99e6fb57d78a0abd85c7,"POZJ3uOtEeSoXCIACw4Gzg","xq4zc7tuEeWtFA5RrsHG3Q",t,2016-01-15 10:00:15.916
ada77f3d1d502cef10394570987920ccd7256e7f,"POZJ3uOtEeSoXCIACw4Gzg","uL4gSyxYEeWyOiIAC7aEiQ",t,2015-08-08 15:48:54.787
4a14cbd96b71b7ae479eb73b4409e4b7575e97d6,"POZJ3uOtEeSoXCIACw4Gzg","uL4gSyxYEeWyOiIAC7aEiQ",t,2015-07-17 07:52:07.334
2a39e6a98f1c89a22c6a4061d8a2e4c39a862744,"POZJ3uOtEeSoXCIACw4Gzg","Gq-EKxZrEeWHGCIACznL2w",t,2015-06-19 10:08:17.006
4d420435417052450f9f8bc2d7a665f2e4554897,"POZJ3uOtEeSoXCIACw4Gzg","uL4gSyxYEeWyOiIAC7aEiQ",t,2015-07-17 11:53:12.325
473e1c381eec90c7bdae650c476df3da3f8ca5bd,"POZJ3uOtEeSoXCIACw4Gzg","eDDxJpx4EeWi8hKHwRChpw",t,2015-12-18 06:38:22.297
473e1c381eec90c7bdae650c476df3da3f8ca5bd,"POZJ3uOtEeSoXCIACw4Gzg","eDDxJpx4EeWi8hKHwRChpw",f,2015-12-18 06:38:37.139
473e1c381eec90c7bdae650c476df3da3f8ca5bd,"POZJ3uOtEeSoXCIACw4Gzg","eDDxJpx4EeWi8hKHwRChpw",t,2015-12-18 06:38:27.214
473e1c381eec90c7bdae650c476df3da3f8ca5bd,"POZJ3uOtEeSoXCIACw4Gzg","eDDxJpx4EeWi8hKHwRChpw",t,2015-12-18 06:38:34.075
473e1c381eec90c7bdae650c476df3da3f8ca5bd,"POZJ3uOtEeSoXCIACw4Gzg","eDDxJpx4EeWi8hKHwRChpw",f,2015-12-18 06:38:24.521
473e1c381eec90c7bdae650c476df3da3f8ca5bd,"POZJ3uOtEeSoXCIACw4Gzg","eDDxJpx4EeWi8hKHwRChpw",f,2015-12-18 06:38:29.235
adb2b8500d20558357e419aa4eff47c50bd1a471,"POZJ3uOtEeSoXCIACw4Gzg","LlHk6sJMEeWXhA6W5IbXRQ",t,2016-01-24 03:40:15.539
c4c72f7c88b8cd76cedbd1062e3f82c1cb336e40,"POZJ3uOtEeSoXCIACw4Gzg","eDDxJpx4EeWi8hKHwRChpw",t,2015-12-07 00:21:33.146
