course_id,on_demand_session_id,taiwan_user_id,on_demand_sessions_membership_start_ts,on_demand_sessions_membership_end_ts
"POZJ3uOtEeSoXCIACw4Gzg","CT_Uhe-dEeWkUAr_DMJ5Lw",1c63a10d32d3a4524166a79f85b0221c6c22d975,2016-04-11 07:52:53.161,
"POZJ3uOtEeSoXCIACw4Gzg","CT_Uhe-dEeWkUAr_DMJ5Lw",8daf7a4bec3e93afe092da76a85121a49f3ab690,2016-04-08 14:05:53.21,
"POZJ3uOtEeSoXCIACw4Gzg","CT_Uhe-dEeWkUAr_DMJ5Lw",d68d180a5279ab2330291be543fc03d129e62fbf,2016-04-13 11:34:22.71,
"POZJ3uOtEeSoXCIACw4Gzg","LtDEUe-UEeWB0QpuSDkq-Q",d1201e8b9d65f6514d54414c6537bd4f3b62ba80,2016-03-31 19:54:05.854,
"POZJ3uOtEeSoXCIACw4Gzg","CT_Uhe-dEeWkUAr_DMJ5Lw",41fc8fd53687dddcda02547291f33e24ba2cc7cf,2016-04-05 13:38:42.389,
"POZJ3uOtEeSoXCIACw4Gzg","LtDEUe-UEeWB0QpuSDkq-Q",9734cd724e2db72f3245d9ee5a0dcdb767e84498,2016-04-01 02:27:45.796,
"POZJ3uOtEeSoXCIACw4Gzg","CT_Uhe-dEeWkUAr_DMJ5Lw",63493a1ea910fe9f98494a96fb5938caf95cfe91,2016-04-14 15:18:07.268,
"POZJ3uOtEeSoXCIACw4Gzg","CT_Uhe-dEeWkUAr_DMJ5Lw",a21ad04e8de6b88cec62df8ac4a0281ad3c886bc,2016-04-04 06:04:26.029,
"POZJ3uOtEeSoXCIACw4Gzg","CT_Uhe-dEeWkUAr_DMJ5Lw",343383e6cbfe3c8ee86291d01e431ceb9d88e866,2016-04-16 04:43:48.098,
"POZJ3uOtEeSoXCIACw4Gzg","LtDEUe-UEeWB0QpuSDkq-Q",01eba5edb6b62989dee8eb8e249004435bd8818c,2016-04-01 14:23:50.308,
"POZJ3uOtEeSoXCIACw4Gzg","CT_Uhe-dEeWkUAr_DMJ5Lw",56d08f4e470a295a218eb276b3db347807e9dbd7,2016-04-05 08:24:22.47,
"POZJ3uOtEeSoXCIACw4Gzg","CT_Uhe-dEeWkUAr_DMJ5Lw",91c88e702861f5d8a7d6e8a2c859c83182c06521,2016-04-05 05:28:42.465,
"POZJ3uOtEeSoXCIACw4Gzg","CT_Uhe-dEeWkUAr_DMJ5Lw",82906914b77a1de1cd70e3090a64454c288fbdfa,2016-04-06 15:32:21.10,
"POZJ3uOtEeSoXCIACw4Gzg","CT_Uhe-dEeWkUAr_DMJ5Lw",8821753e0383f6dd75b6925f39736f4ba810c9a0,2016-04-10 04:04:13.196,
"POZJ3uOtEeSoXCIACw4Gzg","LtDEUe-UEeWB0QpuSDkq-Q",ad35d06f2f5363e9fb7d9b6793c1e706c423d843,2016-04-02 05:57:29.337,
"POZJ3uOtEeSoXCIACw4Gzg","CT_Uhe-dEeWkUAr_DMJ5Lw",c6e960bd60127a757a56bd4eddb382430302131c,2016-04-13 06:54:12.377,
"POZJ3uOtEeSoXCIACw4Gzg","CT_Uhe-dEeWkUAr_DMJ5Lw",519ca3db45f2b162ae7c6389cbeacc84e395465e,2016-04-10 01:54:04.147,
"POZJ3uOtEeSoXCIACw4Gzg","CT_Uhe-dEeWkUAr_DMJ5Lw",5acb58ea35f34d463cf67152395698e24671e5cc,2016-04-15 05:14:35.23,
"POZJ3uOtEeSoXCIACw4Gzg","LtDEUe-UEeWB0QpuSDkq-Q",549123f82c04ef3e1e8c494023d118f2de70a97e,2016-03-23 23:29:51.326,
"POZJ3uOtEeSoXCIACw4Gzg","LtDEUe-UEeWB0QpuSDkq-Q",8f41add14bc74504dd3abea0f0bd5a9d7050b776,2016-04-02 05:26:13.935,
"POZJ3uOtEeSoXCIACw4Gzg","CT_Uhe-dEeWkUAr_DMJ5Lw",30a5facc4f55667e0fdde7945399dc9b6e3c87d9,2016-04-09 14:03:30.53,
"POZJ3uOtEeSoXCIACw4Gzg","LtDEUe-UEeWB0QpuSDkq-Q",b38d93bc711475339b59226aa3d6ef1e39fcd902,2016-03-29 21:32:27.726,
"POZJ3uOtEeSoXCIACw4Gzg","LtDEUe-UEeWB0QpuSDkq-Q",2ab8f0ce775bdf46d0c8222fcf63cb621b361304,2016-03-27 07:31:37.949,
"POZJ3uOtEeSoXCIACw4Gzg","LtDEUe-UEeWB0QpuSDkq-Q",744b2adf2c9f3f713598f773c56ca1165e089c40,2016-03-22 06:46:31.137,
"POZJ3uOtEeSoXCIACw4Gzg","CT_Uhe-dEeWkUAr_DMJ5Lw",7d925c3f366d98713688efda799ec45fbb9efbeb,2016-04-16 09:52:28.099,
"POZJ3uOtEeSoXCIACw4Gzg","CT_Uhe-dEeWkUAr_DMJ5Lw",0218574df242720c2de9b8532ec5fe0152e4a025,2016-04-11 17:26:45.003,
"POZJ3uOtEeSoXCIACw4Gzg","LtDEUe-UEeWB0QpuSDkq-Q",2caf818839081497794b61e1f315d4fe2c08bc6e,2016-03-29 16:17:28.568,
"POZJ3uOtEeSoXCIACw4Gzg","CT_Uhe-dEeWkUAr_DMJ5Lw",2fa17a9980f8d3a2cddc1ff8a5dd349ab5d2785d,2016-04-04 16:11:14.733,
"POZJ3uOtEeSoXCIACw4Gzg","LtDEUe-UEeWB0QpuSDkq-Q",4e419f5a1802d34e9ef99c44fb2835c39446157b,2016-03-30 14:42:49.851,
"POZJ3uOtEeSoXCIACw4Gzg","LtDEUe-UEeWB0QpuSDkq-Q",199bda56d51f3478aab32b5f3509a225785f9dea,2016-03-22 16:10:38.402,
"POZJ3uOtEeSoXCIACw4Gzg","CT_Uhe-dEeWkUAr_DMJ5Lw",2567e8e4ee8fe68f687265e1a2a658f3720a45f2,2016-04-07 01:26:08.817,
"POZJ3uOtEeSoXCIACw4Gzg","LtDEUe-UEeWB0QpuSDkq-Q",31c6d5e6eeb3af4aaefe0e593ca14176c107a2e3,2016-03-28 09:54:43.639,
"POZJ3uOtEeSoXCIACw4Gzg","LtDEUe-UEeWB0QpuSDkq-Q",772b23d5eefce9013b945cc6538990a2944b6393,2016-04-01 12:55:40.76,
"POZJ3uOtEeSoXCIACw4Gzg","CT_Uhe-dEeWkUAr_DMJ5Lw",14e96b9b26d74e94f7ff1719b6d4e25d6844668e,2016-04-09 13:03:36.839,
"POZJ3uOtEeSoXCIACw4Gzg","LtDEUe-UEeWB0QpuSDkq-Q",87beba575ae76debc4eae8685f7a9b52c146a0e6,2016-03-22 13:23:06.049,
"POZJ3uOtEeSoXCIACw4Gzg","LtDEUe-UEeWB0QpuSDkq-Q",87beba575ae76debc4eae8685f7a9b52c146a0e6,2016-03-22 12:23:25.874,2016-03-22 12:57:28.362
"POZJ3uOtEeSoXCIACw4Gzg","LtDEUe-UEeWB0QpuSDkq-Q",5cfe50bb8922a281b756e9f7509508b7eceac940,2016-03-25 07:53:45.906,
"POZJ3uOtEeSoXCIACw4Gzg","LtDEUe-UEeWB0QpuSDkq-Q",e5d915941a22e9b42329047165398a8a2f9ff159,2016-03-31 08:43:33.163,
"POZJ3uOtEeSoXCIACw4Gzg","LtDEUe-UEeWB0QpuSDkq-Q",718c2a28c295a3ac13fce52704f49b2ca44f7c62,2016-03-22 15:47:46.47,
"POZJ3uOtEeSoXCIACw4Gzg","CT_Uhe-dEeWkUAr_DMJ5Lw",b79ef010a4c8a2a75db9dac8526e723e7c297c17,2016-04-08 15:16:17.294,
"POZJ3uOtEeSoXCIACw4Gzg","LtDEUe-UEeWB0QpuSDkq-Q",8fcef3aae3c15ee56445b866caac351554252050,2016-03-27 02:58:26.531,
"POZJ3uOtEeSoXCIACw4Gzg","CT_Uhe-dEeWkUAr_DMJ5Lw",f70202b100405b0ae477c753f19966a0dfb8a3f2,2016-04-02 17:04:32.465,
"POZJ3uOtEeSoXCIACw4Gzg","CT_Uhe-dEeWkUAr_DMJ5Lw",6eb51de32ca4f6779a0306431ecb5b2ade755b48,2016-04-16 15:01:26.241,
"POZJ3uOtEeSoXCIACw4Gzg","LtDEUe-UEeWB0QpuSDkq-Q",16be4bfec315a0b41ea9533c3bfd717ca942e846,2016-03-31 13:42:48.921,
"POZJ3uOtEeSoXCIACw4Gzg","LtDEUe-UEeWB0QpuSDkq-Q",43bab1dbcbdfab3487e3679e921aaf80d7cae66f,2016-03-28 18:21:59.159,
"POZJ3uOtEeSoXCIACw4Gzg","LtDEUe-UEeWB0QpuSDkq-Q",9702b6aa7a0128e03d5d8f1293233c706d94585a,2016-03-22 08:09:45.737,
"POZJ3uOtEeSoXCIACw4Gzg","CT_Uhe-dEeWkUAr_DMJ5Lw",9c9adbecede761b0ffed6bf132bbdfd3a6441a44,2016-04-12 07:55:24.263,
"POZJ3uOtEeSoXCIACw4Gzg","CT_Uhe-dEeWkUAr_DMJ5Lw",ac94af483c6f485bbfd458917cf6f638c2059e33,2016-04-04 14:22:51.844,
"POZJ3uOtEeSoXCIACw4Gzg","LtDEUe-UEeWB0QpuSDkq-Q",6ee75cea368a01eb51b398af33550d6b46c544ea,2016-03-28 09:05:08.351,
"POZJ3uOtEeSoXCIACw4Gzg","LtDEUe-UEeWB0QpuSDkq-Q",f61934fa249838af1fc6046b3d1245c3e36b7d83,2016-04-01 04:58:50.136,
"POZJ3uOtEeSoXCIACw4Gzg","LtDEUe-UEeWB0QpuSDkq-Q",9e7677c1f0f5a32e756c1c071bc976546c615987,2016-03-29 14:49:51.063,
"POZJ3uOtEeSoXCIACw4Gzg","CT_Uhe-dEeWkUAr_DMJ5Lw",29226f3d9f36c599ee17c88e9d13c79b651e8bb2,2016-04-11 02:27:55.658,
"POZJ3uOtEeSoXCIACw4Gzg","LtDEUe-UEeWB0QpuSDkq-Q",3cca42cacfb491b46e845e191b69a749c1cc18d9,2016-03-22 14:28:06.591,
"POZJ3uOtEeSoXCIACw4Gzg","LtDEUe-UEeWB0QpuSDkq-Q",30651631fd80f25feff947fa29dc0ec63ab17736,2016-03-31 08:50:25.671,
"POZJ3uOtEeSoXCIACw4Gzg","CT_Uhe-dEeWkUAr_DMJ5Lw",89a3bd4e00032026ef854463fd98d776afef36e4,2016-04-04 01:14:52.258,
"POZJ3uOtEeSoXCIACw4Gzg","LtDEUe-UEeWB0QpuSDkq-Q",bbcda3536a86e4cda553eaeda321c3209ca8bd3d,2016-04-01 08:23:26.327,
"POZJ3uOtEeSoXCIACw4Gzg","LtDEUe-UEeWB0QpuSDkq-Q",b3abea5b82ff1e82a39fc8b116bd03fcce642b1f,2016-03-31 17:14:30.516,
"POZJ3uOtEeSoXCIACw4Gzg","LtDEUe-UEeWB0QpuSDkq-Q",e236b69c8b86ea1753539d6024c0c2e7b8d0e8f5,2016-03-24 08:14:23.621,
"POZJ3uOtEeSoXCIACw4Gzg","CT_Uhe-dEeWkUAr_DMJ5Lw",961a1dbd913821041fdb39bd32c3f35b178c01a7,2016-04-03 11:31:08.357,
"POZJ3uOtEeSoXCIACw4Gzg","CT_Uhe-dEeWkUAr_DMJ5Lw",04ea59fe246de9c37c04816b78ccb8ef87c84929,2016-04-12 11:33:47.612,
"POZJ3uOtEeSoXCIACw4Gzg","CT_Uhe-dEeWkUAr_DMJ5Lw",3d46d29543cd316a741ddacea417cb39f72554d7,2016-04-14 05:22:51.227,
"POZJ3uOtEeSoXCIACw4Gzg","CT_Uhe-dEeWkUAr_DMJ5Lw",08d66167cc4158f490a12259c67036ece4f94c53,2016-04-10 12:11:48,
"POZJ3uOtEeSoXCIACw4Gzg","CT_Uhe-dEeWkUAr_DMJ5Lw",0e587c942497a86690952bd8139c4a73717375f0,2016-04-16 06:50:25.13,
"POZJ3uOtEeSoXCIACw4Gzg","LtDEUe-UEeWB0QpuSDkq-Q",fe500d3f3054516f800595fa8a1f4feccfef6a01,2016-03-31 13:31:58.612,
"POZJ3uOtEeSoXCIACw4Gzg","CT_Uhe-dEeWkUAr_DMJ5Lw",60d1d8bf5083953d0ac98e2f2fa842d20a6e0f17,2016-04-15 06:28:30.547,
"POZJ3uOtEeSoXCIACw4Gzg","LtDEUe-UEeWB0QpuSDkq-Q",55d44148a0bbf5601d82eab9dfdd17adbb671089,2016-03-27 19:34:58.399,
"POZJ3uOtEeSoXCIACw4Gzg","LtDEUe-UEeWB0QpuSDkq-Q",7f97a309ec4406e0ee3afa3a3f8ded075d4400eb,2016-03-29 14:07:40.573,
"POZJ3uOtEeSoXCIACw4Gzg","LtDEUe-UEeWB0QpuSDkq-Q",581fe3b59edac2d7ca6a02d38bf2ea95f0b2c623,2016-04-01 08:33:57.991,
"POZJ3uOtEeSoXCIACw4Gzg","LtDEUe-UEeWB0QpuSDkq-Q",1a4fe22ec749e20e63387ad93e4d8290580a8e10,2016-03-21 23:20:27.326,
"POZJ3uOtEeSoXCIACw4Gzg","CT_Uhe-dEeWkUAr_DMJ5Lw",413f0cd8eebea70825e4e6616eee8805f6b667f6,2016-04-11 00:52:06.38,
"POZJ3uOtEeSoXCIACw4Gzg","CT_Uhe-dEeWkUAr_DMJ5Lw",5c2c009d9ceb6fdcda9feaf15e0118ca383bc010,2016-04-15 07:50:35.739,
"POZJ3uOtEeSoXCIACw4Gzg","LtDEUe-UEeWB0QpuSDkq-Q",6b07b87a3599a8f8e79060fe19d370a2b12392a1,2016-04-01 14:37:12.847,
"POZJ3uOtEeSoXCIACw4Gzg","CT_Uhe-dEeWkUAr_DMJ5Lw",3d5aefc06945f491e32762af015d77a794121975,2016-04-09 05:33:33.454,
"POZJ3uOtEeSoXCIACw4Gzg","LtDEUe-UEeWB0QpuSDkq-Q",7260b25b1e79b82fc1291a8a63a10810a159fb27,2016-03-25 00:24:59.823,
"POZJ3uOtEeSoXCIACw4Gzg","LtDEUe-UEeWB0QpuSDkq-Q",d851275b009be21c5321cd3660cb65a08e781468,2016-04-01 02:05:25.351,
"POZJ3uOtEeSoXCIACw4Gzg","LtDEUe-UEeWB0QpuSDkq-Q",e5d58f7b89d4d6151f89d31f60ebb3ee2c603b9d,2016-04-01 05:50:17.249,
"POZJ3uOtEeSoXCIACw4Gzg","LtDEUe-UEeWB0QpuSDkq-Q",01741df58ccb01fa07911426db810ea19ea17990,2016-03-22 12:44:09.649,
"POZJ3uOtEeSoXCIACw4Gzg","LtDEUe-UEeWB0QpuSDkq-Q",7d8eea2bdbd2712cb566387246705bade43ff26b,2016-03-24 02:23:32.448,2016-03-24 06:15:55.025
"POZJ3uOtEeSoXCIACw4Gzg","CT_Uhe-dEeWkUAr_DMJ5Lw",83a83ed70e5d96870f5b273c7c5401d0145dc001,2016-04-04 12:04:09.229,
"POZJ3uOtEeSoXCIACw4Gzg","CT_Uhe-dEeWkUAr_DMJ5Lw",ffee81f490db3789cb798658fc85da340a32db70,2016-04-12 16:03:57.946,
"POZJ3uOtEeSoXCIACw4Gzg","CT_Uhe-dEeWkUAr_DMJ5Lw",775bde1ba065a2a8ceec0e1e63d3d7aae0066f12,2016-04-12 04:52:45.732,
"POZJ3uOtEeSoXCIACw4Gzg","CT_Uhe-dEeWkUAr_DMJ5Lw",99a70856cd8d81221ea2beb16293a2c59931b4b2,2016-04-07 07:09:53.024,
"POZJ3uOtEeSoXCIACw4Gzg","CT_Uhe-dEeWkUAr_DMJ5Lw",697fb7353043ef5054ebb282fea495f86aea8448,2016-04-02 14:45:59.211,
"POZJ3uOtEeSoXCIACw4Gzg","LtDEUe-UEeWB0QpuSDkq-Q",afbf60c6ec47f1497b5ca957d6a0f2046349dabb,2016-03-31 09:52:02.206,
"POZJ3uOtEeSoXCIACw4Gzg","LtDEUe-UEeWB0QpuSDkq-Q",fbd22e089b7c60c9dc3df7678f48c7f0cfdff955,2016-03-30 01:29:52.939,
"POZJ3uOtEeSoXCIACw4Gzg","LtDEUe-UEeWB0QpuSDkq-Q",61db790fa07514971f88ee5264791f34c48e4ccb,2016-04-01 15:48:39.774,
"POZJ3uOtEeSoXCIACw4Gzg","CT_Uhe-dEeWkUAr_DMJ5Lw",6bc1dc7de508da9c0082c71648b6e0e978fe26a9,2016-04-06 00:00:24.857,
"POZJ3uOtEeSoXCIACw4Gzg","LtDEUe-UEeWB0QpuSDkq-Q",b528bb836c0676e566cf3f06285eeb3e67e466dc,2016-03-26 09:18:07.006,
"POZJ3uOtEeSoXCIACw4Gzg","LtDEUe-UEeWB0QpuSDkq-Q",aeb5464b948628f64a1a30b21655d7c3d60f5bb9,2016-03-31 15:03:29.536,
"POZJ3uOtEeSoXCIACw4Gzg","LtDEUe-UEeWB0QpuSDkq-Q",93dc5f2e76d169f2b6329c0b18e83da85198c76a,2016-03-24 12:58:52.755,
"POZJ3uOtEeSoXCIACw4Gzg","CT_Uhe-dEeWkUAr_DMJ5Lw",9c0822e847e5c2b439ff15c066e9ea4b54e355cb,2016-04-05 02:40:31.751,
"POZJ3uOtEeSoXCIACw4Gzg","CT_Uhe-dEeWkUAr_DMJ5Lw",3a615809760de9877411014249dbbace48c28420,2016-04-15 15:09:07.838,
"POZJ3uOtEeSoXCIACw4Gzg","CT_Uhe-dEeWkUAr_DMJ5Lw",ef390b976d6e1aa3db0087c7e1dc2689d7f18730,2016-04-13 05:33:01.92,
"POZJ3uOtEeSoXCIACw4Gzg","CT_Uhe-dEeWkUAr_DMJ5Lw",04dfcd3d756435e87e883dd60bf64dd2b1c09515,2016-04-08 09:34:42.484,
"POZJ3uOtEeSoXCIACw4Gzg","LtDEUe-UEeWB0QpuSDkq-Q",70511e8527b352df0bccfb593c872f83a16651d3,2016-03-25 14:50:52,
"POZJ3uOtEeSoXCIACw4Gzg","LtDEUe-UEeWB0QpuSDkq-Q",6c06e561d67aef56fa47fa94fadc549416309bce,2016-03-23 10:56:02.113,
"POZJ3uOtEeSoXCIACw4Gzg","LtDEUe-UEeWB0QpuSDkq-Q",e406e59bce54b94f8152b44d732c95d81240e86b,2016-03-30 15:35:35.704,
"POZJ3uOtEeSoXCIACw4Gzg","LtDEUe-UEeWB0QpuSDkq-Q",bfed9d5123f3aca132405d51ec0beccae79e5255,2016-03-23 15:24:49.59,
"POZJ3uOtEeSoXCIACw4Gzg","LtDEUe-UEeWB0QpuSDkq-Q",30d1b8955f9cc1d4bf2425bd26d04e5f5755d48a,2016-03-23 05:55:19.204,
"POZJ3uOtEeSoXCIACw4Gzg","CT_Uhe-dEeWkUAr_DMJ5Lw",cfdbbb1851ddeffe05393273679659264b2c9637,2016-04-09 09:02:30.073,
"POZJ3uOtEeSoXCIACw4Gzg","CT_Uhe-dEeWkUAr_DMJ5Lw",97fb2a14f43442e6d59f7dfea4fcef7656e7c115,2016-04-16 15:25:43.176,
"POZJ3uOtEeSoXCIACw4Gzg","CT_Uhe-dEeWkUAr_DMJ5Lw",0008277121db721ac4997117b374871135f4ff77,2016-04-12 14:00:19.40,
"POZJ3uOtEeSoXCIACw4Gzg","LtDEUe-UEeWB0QpuSDkq-Q",0754c5e134affa56d0834455653bec13f8d632f8,2016-03-30 06:40:20.45,
"POZJ3uOtEeSoXCIACw4Gzg","CT_Uhe-dEeWkUAr_DMJ5Lw",72120e595a06a2d1073ee832e7f21c5f9fb6f795,2016-04-06 06:47:35.676,
"POZJ3uOtEeSoXCIACw4Gzg","LtDEUe-UEeWB0QpuSDkq-Q",e0725da2d088a5d729ff52f29d76965f9d12168c,2016-03-27 13:22:23.476,
"POZJ3uOtEeSoXCIACw4Gzg","CT_Uhe-dEeWkUAr_DMJ5Lw",9530048955aba7643d6809de4deb76b0baa21b91,2016-04-14 15:22:44.95,
"POZJ3uOtEeSoXCIACw4Gzg","CT_Uhe-dEeWkUAr_DMJ5Lw",fab374ca7aec87b291ac37cba3ae78e98bc1499f,2016-04-15 12:26:18.672,
"POZJ3uOtEeSoXCIACw4Gzg","LtDEUe-UEeWB0QpuSDkq-Q",1b273175ec1d1445ac540a3912531ea7b69b4d0c,2016-03-29 11:27:47.441,
"POZJ3uOtEeSoXCIACw4Gzg","CT_Uhe-dEeWkUAr_DMJ5Lw",85637c37445ec76f2291d6c6df8450380104c8ca,2016-04-07 05:21:31.233,
"POZJ3uOtEeSoXCIACw4Gzg","LtDEUe-UEeWB0QpuSDkq-Q",863379e3a6f4b18aece8e7a337af96d882cc7705,2016-03-23 16:17:14.255,
"POZJ3uOtEeSoXCIACw4Gzg","LtDEUe-UEeWB0QpuSDkq-Q",1c3e743b3ca47c324c9362b58e81f5d5b26f70b2,2016-04-01 05:39:26.378,
"POZJ3uOtEeSoXCIACw4Gzg","CT_Uhe-dEeWkUAr_DMJ5Lw",453f549bcfd763b5dfb0594cde328833cf75d788,2016-04-08 11:21:34.211,
"POZJ3uOtEeSoXCIACw4Gzg","LtDEUe-UEeWB0QpuSDkq-Q",84ce5574bad0dbbefeb500703dd315e34e8a4406,2016-03-24 09:52:11.197,
"POZJ3uOtEeSoXCIACw4Gzg","CT_Uhe-dEeWkUAr_DMJ5Lw",2702ce951d36cb9e0a998c3707eacc1d576ab70f,2016-04-13 14:57:56.99,
"POZJ3uOtEeSoXCIACw4Gzg","CT_Uhe-dEeWkUAr_DMJ5Lw",7874d12e561443d58a3d6937b6c833350869b361,2016-04-02 13:50:21.437,
"POZJ3uOtEeSoXCIACw4Gzg","CT_Uhe-dEeWkUAr_DMJ5Lw",5f9db88691139fbe5b5e22ed902325e4b9aefe37,2016-04-02 13:46:11.159,
"POZJ3uOtEeSoXCIACw4Gzg","LtDEUe-UEeWB0QpuSDkq-Q",cfd5f78ed8c8c68e87d76a570409dc185b89fe7e,2016-03-24 12:02:13.216,
"POZJ3uOtEeSoXCIACw4Gzg","LtDEUe-UEeWB0QpuSDkq-Q",6528e118de689618b62124c413a4fb8e82dd8901,2016-03-28 20:25:48.928,
"POZJ3uOtEeSoXCIACw4Gzg","LtDEUe-UEeWB0QpuSDkq-Q",857137f114033eecdaddad512e2e001ce733db5f,2016-03-29 05:15:31.144,
"POZJ3uOtEeSoXCIACw4Gzg","LtDEUe-UEeWB0QpuSDkq-Q",945a6da83f5b95e59b0e93eb5705ffd264df3282,2016-03-30 03:53:37.586,
"POZJ3uOtEeSoXCIACw4Gzg","LtDEUe-UEeWB0QpuSDkq-Q",4ae81486e42976a12ffb46d12e7867d0f3596eac,2016-03-26 04:44:37.743,
"POZJ3uOtEeSoXCIACw4Gzg","LtDEUe-UEeWB0QpuSDkq-Q",cdea6983c8d19c1a0c3c34c9e9a8407997804cc8,2016-03-28 06:44:53.656,
"POZJ3uOtEeSoXCIACw4Gzg","LtDEUe-UEeWB0QpuSDkq-Q",bf4c80b5e8aca7f925ae82af45441e5a69d1ded2,2016-03-29 09:21:55.808,
"POZJ3uOtEeSoXCIACw4Gzg","LtDEUe-UEeWB0QpuSDkq-Q",c1cd8d8b572e3ecaedab17d4b64bbc360bc67218,2016-03-22 03:12:20.934,
"POZJ3uOtEeSoXCIACw4Gzg","LtDEUe-UEeWB0QpuSDkq-Q",ced443210ddb60243d79001ab438bcc5448cb327,2016-03-24 11:34:22.274,
"POZJ3uOtEeSoXCIACw4Gzg","LtDEUe-UEeWB0QpuSDkq-Q",a0a4d97c1b5c3e82e937eae6ced0d816df0a44f2,2016-03-30 15:02:44.91,
"POZJ3uOtEeSoXCIACw4Gzg","CT_Uhe-dEeWkUAr_DMJ5Lw",8be9516854b3cafa4089a252c29778c7c82e2888,2016-04-09 02:34:28.398,
"POZJ3uOtEeSoXCIACw4Gzg","LtDEUe-UEeWB0QpuSDkq-Q",ab428bab233fff51299a9f55cce85cf47045d2b8,2016-03-25 16:31:07.073,
"POZJ3uOtEeSoXCIACw4Gzg","LtDEUe-UEeWB0QpuSDkq-Q",2c5d1d819d8e7bea984cdf4840ce41aa3509de44,2016-03-26 10:54:52.53,
"POZJ3uOtEeSoXCIACw4Gzg","LtDEUe-UEeWB0QpuSDkq-Q",73514636d22192c61f695ec9d8d4935fcea804e2,2016-03-26 01:49:34.857,
"POZJ3uOtEeSoXCIACw4Gzg","LtDEUe-UEeWB0QpuSDkq-Q",3b474d377928d69fb3d654fae2b59c48a34c4209,2016-03-26 10:23:50.181,
"POZJ3uOtEeSoXCIACw4Gzg","CT_Uhe-dEeWkUAr_DMJ5Lw",dfaac358b547e592f08c59fb3e487f9cc7fafe82,2016-04-11 07:39:52.573,
"POZJ3uOtEeSoXCIACw4Gzg","CT_Uhe-dEeWkUAr_DMJ5Lw",4b24f80ae7520237c723c8eeab6ea19f190dbd42,2016-04-15 06:12:56.253,
"POZJ3uOtEeSoXCIACw4Gzg","LtDEUe-UEeWB0QpuSDkq-Q",47cd15f9d54317cd0e5f7a042292aa106ae4fbe2,2016-03-30 13:05:35.81,
"POZJ3uOtEeSoXCIACw4Gzg","LtDEUe-UEeWB0QpuSDkq-Q",867f11402febb1426c04fa7ea2153b75fcd132a8,2016-04-01 03:50:00.889,
"POZJ3uOtEeSoXCIACw4Gzg","LtDEUe-UEeWB0QpuSDkq-Q",02532bce72a9192b6701ce7d1b058d7edce970d2,2016-03-22 14:27:14.394,
"POZJ3uOtEeSoXCIACw4Gzg","LtDEUe-UEeWB0QpuSDkq-Q",c54a2ce04f353fea46f8746d543f0d6703d64fea,2016-03-22 11:20:01.447,
"POZJ3uOtEeSoXCIACw4Gzg","CT_Uhe-dEeWkUAr_DMJ5Lw",4e695144b248cf0d91f8e6983cd950f6de30e5e5,2016-04-06 00:31:10.177,2016-04-08 19:55:03.253
"POZJ3uOtEeSoXCIACw4Gzg","CT_Uhe-dEeWkUAr_DMJ5Lw",9c4224e78e91d3fa807662f6072a3bb3c44472df,2016-04-09 05:14:25.063,
"POZJ3uOtEeSoXCIACw4Gzg","CT_Uhe-dEeWkUAr_DMJ5Lw",bf1f95cf2db134da077e3e4e888b490970657d91,2016-04-08 15:22:41.221,
"POZJ3uOtEeSoXCIACw4Gzg","LtDEUe-UEeWB0QpuSDkq-Q",faf8785d13da7e64de2e04060bf872c70934a226,2016-03-27 00:14:56.747,
"POZJ3uOtEeSoXCIACw4Gzg","CT_Uhe-dEeWkUAr_DMJ5Lw",eeb266bb7d54401e5cee65598207a1cfe5ca9fbb,2016-04-14 13:01:03.833,
"POZJ3uOtEeSoXCIACw4Gzg","LtDEUe-UEeWB0QpuSDkq-Q",e13d6b370ee5c86c6ac30d7fd2e485176985157d,2016-03-30 12:30:58.407,
"POZJ3uOtEeSoXCIACw4Gzg","LtDEUe-UEeWB0QpuSDkq-Q",ff5441585e719a58329b5e8af6f88659dcca147a,2016-03-26 09:16:23.035,
"POZJ3uOtEeSoXCIACw4Gzg","CT_Uhe-dEeWkUAr_DMJ5Lw",d6e5a2b54f57d18465755d3fe37804d0aa8c3486,2016-04-10 15:57:59.142,
"POZJ3uOtEeSoXCIACw4Gzg","LtDEUe-UEeWB0QpuSDkq-Q",c37d4025bee52c3bd4dbea61b2c95802c4b4005f,2016-03-28 15:37:38.771,
"POZJ3uOtEeSoXCIACw4Gzg","LtDEUe-UEeWB0QpuSDkq-Q",97748571b8344d844ef6a4bc16479aab110dd065,2016-03-23 17:24:00.533,
"POZJ3uOtEeSoXCIACw4Gzg","LtDEUe-UEeWB0QpuSDkq-Q",8fd58f7ff7274e5693b2eeacb0e3c3afe7da8f5f,2016-03-23 13:04:42.149,
"POZJ3uOtEeSoXCIACw4Gzg","CT_Uhe-dEeWkUAr_DMJ5Lw",1531496c6bb50bf72e859b4e117c059818f4acd2,2016-04-04 01:51:00.422,
"POZJ3uOtEeSoXCIACw4Gzg","CT_Uhe-dEeWkUAr_DMJ5Lw",c62c4fb937f36a688b70b704a3ee1eca69cf632a,2016-04-02 15:12:05.839,
"POZJ3uOtEeSoXCIACw4Gzg","LtDEUe-UEeWB0QpuSDkq-Q",588b08e8453a202e3ef4a0efe2b331c9039f842f,2016-03-22 13:29:44.101,
"POZJ3uOtEeSoXCIACw4Gzg","LtDEUe-UEeWB0QpuSDkq-Q",1c95d151cc0d7d75eb4b3c56f4f830cb3a077cfe,2016-03-30 13:12:45.959,
"POZJ3uOtEeSoXCIACw4Gzg","CT_Uhe-dEeWkUAr_DMJ5Lw",3365d7ad9e298f3a7133f19e9b692e5fef510437,2016-04-02 12:09:55.65,
"POZJ3uOtEeSoXCIACw4Gzg","LtDEUe-UEeWB0QpuSDkq-Q",e88ddbb2fe91bdb45ee48f7d4561d049a887459f,2016-04-02 01:30:06.19,2016-04-09 14:49:08.814
"POZJ3uOtEeSoXCIACw4Gzg","CT_Uhe-dEeWkUAr_DMJ5Lw",92529589340636b69752a0b280ad09b9ee5ec2e6,2016-04-07 09:52:25.551,
"POZJ3uOtEeSoXCIACw4Gzg","LtDEUe-UEeWB0QpuSDkq-Q",be826fb42bb63461b5f2772cebdd52d808d3c4d6,2016-03-31 14:25:22.126,
"POZJ3uOtEeSoXCIACw4Gzg","CT_Uhe-dEeWkUAr_DMJ5Lw",068c0e4565b8917b16baf916003129a04a9cc82a,2016-04-16 11:28:08.907,
"POZJ3uOtEeSoXCIACw4Gzg","LtDEUe-UEeWB0QpuSDkq-Q",198788de8219ebf0fdcef56998217d149103616f,2016-03-22 12:45:19.526,
"POZJ3uOtEeSoXCIACw4Gzg","CT_Uhe-dEeWkUAr_DMJ5Lw",addcde170478af157279c41d98e513a47469bca3,2016-04-04 08:07:25.256,
"POZJ3uOtEeSoXCIACw4Gzg","CT_Uhe-dEeWkUAr_DMJ5Lw",5c3d35ef11f6de1ac81a7ef0d60e873e25b271bf,2016-04-09 15:31:10.659,
"POZJ3uOtEeSoXCIACw4Gzg","LtDEUe-UEeWB0QpuSDkq-Q",3304ba740da4af50c50ddbf10b35a7771dec8de4,2016-03-24 13:30:33.381,
"POZJ3uOtEeSoXCIACw4Gzg","LtDEUe-UEeWB0QpuSDkq-Q",237f7f4cf1b2123ae54e7d5070a7c660cd3853e2,2016-04-01 03:39:51.398,
"POZJ3uOtEeSoXCIACw4Gzg","CT_Uhe-dEeWkUAr_DMJ5Lw",aa9f35e4ff3cc7c590e7f780a0d0698ec113717a,2016-04-15 15:04:14.47,
"POZJ3uOtEeSoXCIACw4Gzg","CT_Uhe-dEeWkUAr_DMJ5Lw",bf1042e048b5d69f5d9f0de8f28d31b309004cf1,2016-04-16 09:45:24.18,
"POZJ3uOtEeSoXCIACw4Gzg","LtDEUe-UEeWB0QpuSDkq-Q",6acd3dbbf79810049b150a345465470482a4d7d1,2016-03-26 23:10:26.639,
"POZJ3uOtEeSoXCIACw4Gzg","LtDEUe-UEeWB0QpuSDkq-Q",ea264d6571cbd2eaa8bd02ceed4e0c9e097508c9,2016-03-22 15:04:42.004,
"POZJ3uOtEeSoXCIACw4Gzg","CT_Uhe-dEeWkUAr_DMJ5Lw",d3719d782f86445558db71c2bf27ff1e09af2f8b,2016-04-05 07:29:14.333,
"POZJ3uOtEeSoXCIACw4Gzg","LtDEUe-UEeWB0QpuSDkq-Q",032f30a35a780ebd07c9d166e971ee1c10cf93c9,2016-03-25 12:46:36.271,
"POZJ3uOtEeSoXCIACw4Gzg","CT_Uhe-dEeWkUAr_DMJ5Lw",cafe411aa1067a272b1b7e762059f6557fec26d1,2016-04-16 07:50:06.014,
"POZJ3uOtEeSoXCIACw4Gzg","LtDEUe-UEeWB0QpuSDkq-Q",bc8317bbd6c00dc6e95b75be3b6272b2112264f0,2016-03-27 21:02:16.44,
"POZJ3uOtEeSoXCIACw4Gzg","LtDEUe-UEeWB0QpuSDkq-Q",e07df7dea15e1e4f006b604fdcd2da82a2391c0a,2016-03-29 22:54:35.329,
"POZJ3uOtEeSoXCIACw4Gzg","LtDEUe-UEeWB0QpuSDkq-Q",e597c55eff92451422a9558b6f312abfc872062c,2016-04-01 03:37:28.657,
"POZJ3uOtEeSoXCIACw4Gzg","LtDEUe-UEeWB0QpuSDkq-Q",3a243f6a8204b08b190a8320639430f5592d72e4,2016-03-29 21:31:19.64,
"POZJ3uOtEeSoXCIACw4Gzg","CT_Uhe-dEeWkUAr_DMJ5Lw",56bf6bca2e948f16aada95bb67edc44e54d801c0,2016-04-15 09:48:56.738,
"POZJ3uOtEeSoXCIACw4Gzg","LtDEUe-UEeWB0QpuSDkq-Q",69a7a87da13c3e1d9899366f05ce80a2d9fa1de0,2016-03-27 09:27:54.067,
"POZJ3uOtEeSoXCIACw4Gzg","CT_Uhe-dEeWkUAr_DMJ5Lw",2d699e33cd1ad8b917d4c101c7f950dc134ffaa2,2016-04-14 00:53:20.75,
"POZJ3uOtEeSoXCIACw4Gzg","CT_Uhe-dEeWkUAr_DMJ5Lw",d9c142d63c46b89af9300a6a9d22e12c7d9b98bf,2016-04-12 07:12:31.296,
"POZJ3uOtEeSoXCIACw4Gzg","CT_Uhe-dEeWkUAr_DMJ5Lw",d1bd6a39a0b15e838a9562b9b7d94add4ace3272,2016-04-08 02:18:50.807,
"POZJ3uOtEeSoXCIACw4Gzg","CT_Uhe-dEeWkUAr_DMJ5Lw",991272182e67ca2674fcb31ecf769f1142b7a9a5,2016-04-13 19:44:08.625,
