peer_assignment_id,peer_assignment_submission_schema_part_id,peer_submission_id,peer_submission_part_free_response_text
"ZAMmhwiXEeW3OCIAC44JnQ@10","39","jGTa6zQXEeWddiIAC9pDDA",""
"ZAMmhwiXEeW3OCIAC44JnQ@10","39","CK30vGmgEeWb4g4qCdqdUQ","八等份很耗時間 可是感覺比較好看"
"ZAMmhwiXEeW3OCIAC44JnQ@10","39","H2HsDLrGEeWSBRJpSArseQ","从曲线的平滑度来说, 八等分的图比四等分的图更加平滑;<br />从绘图时间来说, 八等分的图更加耗时些, 因为等分点和辅助线更多了."
"ZAMmhwiXEeW3OCIAC44JnQ@10","39","geJR9o9AEeWSvw7ngxeQVw","自然的&#xff0c;八等分比教精細且圓滑&#xff0c;相對耗費時機多了點"
"ZAMmhwiXEeW3OCIAC44JnQ@10","39","Pzbk5l5oEeW9SwpOIwYy_Q","四等分的抛物线所需要的绘图时间显然要比八等分的要短&#xff0c;但曲线平滑度却不及八等分<br />"
"ZAMmhwiXEeW3OCIAC44JnQ@8","39","ouy-bBm0EeWHGCIACznL2w","四等分與八等分繪製出來的兩個拋物線&#xff0c;差異在於<br /><br /><ol><li>八等份的拋物線&#xff0c;點的數量為四等分的兩倍&#xff0c;相較之下&#xff0c;八等份的拋物線曲線較於四等份來的平滑&#xff0c;由此可知點的數量越多&#xff0c;曲線會較為平滑。</li><li>繪圖時間時間來說&#xff0c;上述得知八等份的拋物線&#xff0c;點的數量為四等分的兩倍&#xff0c;而點的數量越多&#xff0c;所需繪製的時間相對提升。</li></ol>"
"ZAMmhwiXEeW3OCIAC44JnQ@10","39","J2OzqMdOEeWs-BKzmUStyw",""
"ZAMmhwiXEeW3OCIAC44JnQ@10","39","V8xbmyb9EeWo2yIACzUEBg","較多的等分繪出的拋物線較平滑&#xff0c;但也耗費較多時間。"
"ZAMmhwiXEeW3OCIAC44JnQ@10","39","cDOZDj6fEeWGtiIAC7XhOg","四等分與八等分繪製出來的兩個拋物線相比&#xff0c;後者有更多參考點&#xff0c;曲線更為平滑&#xff0c;精確度更高"
"ZAMmhwiXEeW3OCIAC44JnQ@10","39","clOdjU1rEeWoNAol4TlMSw","四等分抛物線&#xff1a;繪製時間快&#xff0c;錯誤少&#xff0c;但較爲粗略&#xff1b;<br /><br />八等分抛物線&#xff1a;繪製時間慢&#xff0c;容易出錯&#xff0c;但成圖曲線更圓滑"
"ZAMmhwiXEeW3OCIAC44JnQ@10","39","81psa2cdEeWWZw7H3umBFQ","由於四邊形法是利用x軸方向為等差數列&#xff0c;y軸方向為等差級數&#xff08;或差成等差數列&#xff09;的特性&#xff0c;因此八等分法描繪出的點固然會較四等分法來的更多且更為準確&#xff0c;而且平滑曲線連接距離越短失誤越少曲線自然平滑。<br />　　　　　　　　　&#xff5c;　四等分法　&#xff5c;　八等分法<br />　　　————————————————————<br />　　　　描點精確度&#xff5c;　　較低　　&#xff5c;　　較高<br />　　　　曲線平滑度&#xff5c;　　較低　　&#xff5c;　　較高<br />　　　　繪圖時間　&#xff5c;　　較短　　&#xff5c;　　較長<br /><br />"
"ZAMmhwiXEeW3OCIAC44JnQ@9","39","CA79uBtNEeWYoCIAC5MBcw","本次作業分別以四分法與八分法繪製拋物線&#xff1a;四分法快速&#xff0c;可在短時間繪製完成&#xff0c;但拋物線連接點過少&#xff0c;點與點之間的連接會以直線方式進行連接&#xff0c;故曲線平滑度較差。而八分法繪製的拋物曲線較為精細&#xff0c;由於各連接點較為接近&#xff0c;各點連接可以更精細&#xff0c;曲線趨近於平滑狀態&#xff0c;但所花費的繪圖時間也較長。<br />總結&#xff1a;當等分點約多&#xff0c;繪製所花時間越長&#xff0c;拋物線愈趨於平滑。反之&#xff0c;則時間越短&#xff0c;拋物線愈粗糙。"
"ZAMmhwiXEeW3OCIAC44JnQ@10","39","nMOvcjuEEeW2ASIACxeTpg","因為教學視頻中是畫圓弧&#xff0c;所以做作業的時候使用的是尺規作圖【圓規幾年沒用了略有些距離差錯】 但是好像大家都是徒手畫&#xff0c;(⊙o⊙)<br /><br />兩個圓弧是同等尺寸的&#xff0c;四等分大概比八等份快2min左右。<br /><br />繪製時弧度大的地方比較圓滑精準&#xff0c;向外側延伸呈直線趨勢的後側則需要繼續加工修煉。此處八等份比四等分會更直一些<br /><br />用同種方法在紙上和cad上面畫&#xff0c;感覺紙會比軟體更方便&#xff1f; 每次畫完直線弧線還要點enter這個習慣始終沒養成……"
"ZAMmhwiXEeW3OCIAC44JnQ@10","39","mAZ7fDtnEeW2ASIACxeTpg","曲線平滑度方面&#xff0c;八等分比四等分平滑&#xff1b;八等分的繪圖時間卻比四等分需時。"
"ZAMmhwiXEeW3OCIAC44JnQ@10","39","NJ1jCy7rEeWOkCIAC4UG7w","平滑度区别还是很大的&#xff0c;八等分后&#xff0c;抛物线几乎就是平滑的曲线了&#xff0c;当然我的抛物线比较小。时间的话&#xff0c;手稍稍熟练后基本还好&#xff0c;八等分时一时激动横着分了16分&#xff0c;然而并没有用上。"
"ZAMmhwiXEeW3OCIAC44JnQ@10","39","wBPK2zzDEeWidSIAC7TGaQ","八等分較平滑&#xff0c;但繪圖耗時較多。"
"ZAMmhwiXEeW3OCIAC44JnQ@10","39","B1agESbiEeWSQSIAC5cRKQ","八等份的线条更加平滑&#xff0c;但是绘图时间较长&#xff0c;在实际中可以根据精度的需要和时间的需要绘图&#xff0c;如果精度要求高。肯以适当的增加等分的次数。"
"ZAMmhwiXEeW3OCIAC44JnQ@10","39","UM7C24PNEeW_TQrOC1clnQ",""
"ZAMmhwiXEeW3OCIAC44JnQ@10","39","d3EMk9o0EeWckg6uCoXYkQ","八等分的抛物线看起来曲线更平滑&#xff0c;更准确&#xff0c;绘图时间也更长"
"ZAMmhwiXEeW3OCIAC44JnQ@10","39","bmbkxtfZEeWsaAqtPzxiow",""
"ZAMmhwiXEeW3OCIAC44JnQ@10","39","y6uBPEscEeWUBw792DK9fQ","图片变形&#xff0c;请右键新标签打开。"
"ZAMmhwiXEeW3OCIAC44JnQ@10","39","1jbE5loTEeWYng6rkEfI9w","八等分的比四等分的更加的圆润"
"ZAMmhwiXEeW3OCIAC44JnQ@10","39","oplwkzgdEeWddiIAC9pDDA","項          目  |   四等分  |  八等分 <br />曲線平滑度  |   較   差  |  較平滑<br />繪 圖 時 間  |   時間短  |  時間長"
"ZAMmhwiXEeW3OCIAC44JnQ@10","39","k-YWvzQXEeWPACIACw4G5w",""
"ZAMmhwiXEeW3OCIAC44JnQ@8","39","JaiGahfhEeWd3iIAC7VAtA","<ul><li>曲線平滑度: 相較四等分&#xff0c;八等分的拋物線較平滑&#xff0c;靠近頂點處也較圓滑</li><li>繪圖時間: 相較四等分&#xff0c;八等分的繪圖時間較多(至少多1倍)<br /></li><li>理論上&#xff0c;畫出拋物線的四等分、八等分的交點應該左右對稱&#xff0c;但此手繪圖稿的交點對稱性還有改善空間(目前此圖稿離頂點越遠&#xff0c;對稱性越欠佳)。因此&#xff0c;等分點、等分線直線的繪製要更精準&#xff0c;宜考量使用量尺等工具&#xff0c;才能快速、正確、繪出左右對稱的交點&#xff0c;再繪出更精準的拋物線。</li></ul>"
"ZAMmhwiXEeW3OCIAC44JnQ@10","39","H9m2M-WuEeWyqwpvChh66Q",""
"ZAMmhwiXEeW3OCIAC44JnQ@10","39","z4lhyUsdEeWpgBJUo9Z-Uw","四等分与八等分绘制相比&#xff0c;前者工作量会较小但是相对的曲线准确度与平滑度会有很大折扣。而八等分虽然在工作量上有比较大的增加但是曲线的准确度与平滑度都有了较大的改善。<br /><br />在无限等分时所绘曲线将会无限接近于目标曲线。"
"ZAMmhwiXEeW3OCIAC44JnQ@10","39","xCdeq0scEeWbVQrsfyQbuw","图片变形&#xff0c;请右键新标签打开。"
"ZAMmhwiXEeW3OCIAC44JnQ@9","39","1FiSKiPnEeWd3iIAC7VAtA","四等分的抛物线画起来相对简单&#xff0c;但是曲线连接起来相对来说没有那么平滑<br />而八等分的抛物线画起来相对麻烦很多&#xff0c;但是曲线连接起来会很平滑"
"ZAMmhwiXEeW3OCIAC44JnQ@10","39","2na4S0KSEeWTMBKhOZsGeQ",""
"ZAMmhwiXEeW3OCIAC44JnQ@10","39","A1GkU8QJEeWb3QofSqIPlQ","<p>四等分绘图时间较短&#xff0c;八等分绘图时间较长&#xff1b;</p><p>八等分比四等分曲线更平滑&#xff1b;</p><p>八等分比四等分绘制更精确。</p>"
"ZAMmhwiXEeW3OCIAC44JnQ@10","39","KGS-wLrGEeWizw6inkys_w","从曲线的平滑度来说, 八等分的图比四等分的图更加平滑;<br />从绘图时间来说, 八等分的图更加耗时些, 因为等分点和辅助线更多了."
"ZAMmhwiXEeW3OCIAC44JnQ@10","39","VwOMRvXJEeWdIhI-GrEcAw","八等份手绘出来的抛物线&#xff0c;曲线更加平滑连贯&#xff0c;但是用时较四等分的要长&#xff0c;而且八等分的抛物线在绘制的过程中由于辅助线条较多较容易出错<br />"
"ZAMmhwiXEeW3OCIAC44JnQ@10","39","eeij0ylQEeWHPSIAC7MNfg","8等分抛物线绘制时间长&#xff0c;较平滑"
"ZAMmhwiXEeW3OCIAC44JnQ@8","39","2Db3RxpDEeWHGCIACznL2w","四等分绘图曲线平滑度不及八等分绘图&#xff0c;但是四等分绘图所需时间较少。"
"ZAMmhwiXEeW3OCIAC44JnQ@10","39","0yzDLl1JEeWj1gq-TlMDjw","四等分的抛物线较为粗糙&#xff0c;绘制也较容易&#xff1b;<br />八等分的抛物线比较平滑&#xff0c;绘制也比较麻烦。<br />"
"ZAMmhwiXEeW3OCIAC44JnQ@10","39","WmXB9MdPEeWYowoua7FxcQ","平滑度的相較之下&#xff0c;因八等分連接線在於間格和間接性的頻繁&#xff0c;拋物線的平滑度佳於四等分。"
"ZAMmhwiXEeW3OCIAC44JnQ@10","39","fpDP9FTtEeWoNAol4TlMSw","四等分绘制过程比较简单&#xff0c;省时省力&#xff0c;但是绘制出的抛物线平滑度较差。<br />八等分绘制耗时较长&#xff0c;但绘制出的抛物线较为平滑。"
"ZAMmhwiXEeW3OCIAC44JnQ@10","39","XdYG30jGEeWUBw792DK9fQ","曲线平滑度&#xff1a;8等分&gt;4等分<br />绘图时间&#xff1a;8等分&gt;4等分<br />总结&#xff1a;手绘是用线段模拟弧线&#xff0c;线段越短&#xff0c;精度越高&#xff0c;绘制越麻烦。还是CAD方便&#xff01;&#xff01;&#xff01;<br />图片变形的话&#xff0c;请右键&#xff0c;新标签页中打开"
"ZAMmhwiXEeW3OCIAC44JnQ@10","39","F9TLNTQUEeWF2iIACyygBg",""
"ZAMmhwiXEeW3OCIAC44JnQ@10","39","0LQW_SwqEeWyOiIAC7aEiQ","1.四等分绘制时间比八等分时间短得多。<br />2.四等分比較粗糙&#xff0c;八等分比較細比較有弧度&#xff0c;分得愈细&#xff0c;愈平滑准确。"
"ZAMmhwiXEeW3OCIAC44JnQ@10","39","mhtE5yVeEeW_lSIAC0kOqg","总体上差不多&#xff0c;八等分的更精确一些。如果画的比较圆润&#xff0c;二者是几乎一样的。八等分更圆滑一些&#xff0c;但也花了比四等分更长的时间。但由于是先画的四等分图&#xff0c;所以&#xff0c;画八等分的时候&#xff0c;比较有经验了&#xff0c;也没有花很长时间。"
"ZAMmhwiXEeW3OCIAC44JnQ@10","39","zzrO0Hb5EeWXygocDxikNQ","<p>四等分較節省時間,但較不平滑......八等分須花較多時間,但是曲線較平滑</p>"
"ZAMmhwiXEeW3OCIAC44JnQ@10","39","gW6cADQXEeWF2iIACyygBg",""
"ZAMmhwiXEeW3OCIAC44JnQ@10","39","mDqqt7hkEeWfsw41r6ikDw","<p>相较于八等份法&#xff0c;四等分法绘制出的抛物线&#xff1a;</p><p>1) 比较生硬&#xff0c;连结成的线段菱角更加分明&#xff1b;</p><p>2) 将1)中得出的线段连成平滑弧线的过程中更不容易将点全部画在曲线上&#xff0c;有更大的误差&#xff1b;</p><p>3) 四等分法用时较短&#xff0c;工作量低&#xff1b;</p><p>4) 四等分法难度较低&#xff0c;不需要过多辅助线来保证比例正确&#xff1b;同时画线数量小&#xff0c;辅助线不易相互交叠而影响绘图。</p>"
"ZAMmhwiXEeW3OCIAC44JnQ@10","39","2gLgwzQUEeWV8SIACyyfnQ","八等分繪製出來的拋物線較之四等分繪製出的拋物線曲線更為平滑&#xff0c;且繪圖所耗時間較長。"
"ZAMmhwiXEeW3OCIAC44JnQ@10","39","XP2Z4UxwEeWoNAol4TlMSw","八等分比四等分更加精细更加平滑&#xff0c;但是更加耗费时间。"
"ZAMmhwiXEeW3OCIAC44JnQ@10","39","W6gmm4B6EeWFDQ4Rhv_F_Q","四等分比八等分稍微粗糙&#xff0c;八等分更加精确"
"ZAMmhwiXEeW3OCIAC44JnQ@10","39","C-xctEACEeWv5woN2NNtkQ","八等份比四等分抛物线更平滑  绘图时间更久"
"ZAMmhwiXEeW3OCIAC44JnQ@10","39","43TcCDjEEeWF2iIACyygBg","八等分的抛物线比四等分的看起来更平滑&#xff0c;但是也需要的时间也更长"
"ZAMmhwiXEeW3OCIAC44JnQ@10","39","dQJPM7rEEeWSBRJpSArseQ",""
"ZAMmhwiXEeW3OCIAC44JnQ@10","39","BeElv1iZEeWYng6rkEfI9w","八等分画抛物线&#xff0c;相邻抛物线上交点距离更近&#xff0c;所以抛物线的弧度过度更平滑&#xff0c;更准确。绘制过程相比四等分画法繁琐些&#xff0c;多出好几条垂直延伸线。"
"ZAMmhwiXEeW3OCIAC44JnQ@10","39","oG4yw10-EeWc1Q7arAoKFQ","四等分绘制抛物线速度快&#xff0c;但是曲线不够平滑&#xff1b;八等分绘制抛物线平滑精细&#xff0c;但是需要耗费更多时间"
"ZAMmhwiXEeW3OCIAC44JnQ@10","39","vhre4DvwEeWnMCIAC9gGzQ","八等份绘制的抛物线曲面更平滑&#xff0c;但是绘画所用时间更久。"
"ZAMmhwiXEeW3OCIAC44JnQ@10","39","YlxBN49AEeWvqwoBxhpjvw","自然的&#xff0c;八等分比教精細且圓滑&#xff0c;相對耗費時機多了點"
"ZAMmhwiXEeW3OCIAC44JnQ@10","39","kXWc6OjvEeWK_Q7eN25hdw",""
"ZAMmhwiXEeW3OCIAC44JnQ@9","39","4C9FGB4nEeWmISIAC9QOog","<strong></strong>常理来说&#xff0c;应该是八等分更平滑&#xff0c;但手绘的误差较大&#xff0c;反而我绘制的八等分更不平滑了。如果画的精确的话&#xff0c;肯定是点越多越平滑也越准确。"
"ZAMmhwiXEeW3OCIAC44JnQ@10","39","jb5XOLTlEeWoGg6ulZMPEw","八等份的平滑度要比四等分好的多&#xff0c;但绘制时间要比四等分长很多&#xff0c;如果抛物线较小建议用四等分&#xff0c;如果抛物线较大等分越多画出的效果越好。"
"ZAMmhwiXEeW3OCIAC44JnQ@10","39","Sy_1B0oZEeWxHxIGetKceQ","八等分较之于四等分繪製出來的拋物線可以使曲線更加平滑"
"ZAMmhwiXEeW3OCIAC44JnQ@10","39","Cw9SASwqEeWBXCIACyUiNQ","四等分绘制时间比八等分时间短得多&#xff0c;但曲线平滑度则差得多。分得愈细&#xff0c;愈平滑准确&#xff0c;但耗时越长。"
"ZAMmhwiXEeW3OCIAC44JnQ@10","39","JUhl6jisEeWPACIACw4G5w","<ol><li><em>平滑度&#xff1b;</em><strong></strong>8等分由于点更多抛物线更平滑&#xff0c;更趋向理论抛物线</li><li>时间&#xff1b;由于点的增加绘图时间很相应增加</li><li>难度&#xff1b;4等分&lt;8等分</li></ol>"
"ZAMmhwiXEeW3OCIAC44JnQ@10","39","JfLtcTc1EeWF2iIACyygBg",""
"ZAMmhwiXEeW3OCIAC44JnQ@10","39","JzWbVieLEeWmXSIAC00EeA","比較四等分與八等分繪製出來的兩個拋物線&#xff0c;八等分的會比四等分的更為細緻圓滑&#xff0c;但在繪製上因為要畫更多的等分線和交點&#xff0c;所以繪製時間會比作四分的長。"
"ZAMmhwiXEeW3OCIAC44JnQ@9","39","VZhymB4nEeWA7CIAC5WDNQ","<strong></strong>常理来说&#xff0c;应该是八等分更平滑&#xff0c;但手绘的误差较大&#xff0c;反而我绘制的八等分更不平滑了。如果画的精确的话&#xff0c;肯定是点越多越平滑也越准确。"
"ZAMmhwiXEeW3OCIAC44JnQ@10","39","pZmXOEKTEeWBGw50Rft1Mw","八等分拋物線比四等分拋物線平滑<br />但是八等分拋物線繪製時間花費較多"
"ZAMmhwiXEeW3OCIAC44JnQ@10","39","va1tHW_TEeWb4g4qCdqdUQ","于四等分画法相比八等分画法曲线更平滑、但绘图时间大大增加。"
"ZAMmhwiXEeW3OCIAC44JnQ@10","39","zG2ZeN_ZEeWxuwqQE1HXQQ","八等分曲線較四等分平滑&#xff0c;八等分曲線繪製較四等分費時&#xff0c;(四等分:18分鐘&#xff0c;八等分31分鐘)"
"ZAMmhwiXEeW3OCIAC44JnQ@8","39","Sq3MvxavEeWM2iIAC0KUpw","八等分繪製出來的拋物線比四等分繪製出來的拋物線&#xff0c;曲線平滑度更佳&#xff0c;但繪圖時間更久&#xff0c;用到的輔助線更多&#xff0c;整體來說八等分繪製出來的拋物線會比較完整。"
"ZAMmhwiXEeW3OCIAC44JnQ@10","39","S0oeXyY8EeW_lSIAC0kOqg","曲線平滑度:八等分繪製很明顯比四等分繪製還要圓滑許多。<br /><br />繪圖時間:第二次繪製八等分法時&#xff0c;因為熟悉了繪圖方法&#xff0c;也有稍微抓到技巧&#xff0c;繪圖速度快上許多&#xff0c;但時間上硬是比四等分法多了兩分鐘&#xff0c;可謂&#34;慢工出細火阿&#34;!!"
"ZAMmhwiXEeW3OCIAC44JnQ@10","39","T0bj34PFEeW_TQrOC1clnQ","<strong></strong>四等分所绘抛物线&#xff0c;用时少&#xff0c;线条简单&#xff0c;但是精准度与平滑度不够<br />八等份所绘抛物线&#xff0c;比较精准而且平滑&#xff0c;但是线条复杂&#xff0c;用时较多"
"ZAMmhwiXEeW3OCIAC44JnQ@10","39","NEfH7FlgEeWkVgp3YUjFSw","四分法&#xff1a; 較簡單 較不準確<br />八分法&#xff1a; 較繁複 較準確"
"ZAMmhwiXEeW3OCIAC44JnQ@10","39","8uhXWENsEeWBcQqYSpqLgQ","八等分抛物线&#xff0c;更费时&#xff0c;但是线更加准确圆滑。"
"ZAMmhwiXEeW3OCIAC44JnQ@10","39","wtv9PSUmEeWAsyIACnuV7A",""
"ZAMmhwiXEeW3OCIAC44JnQ@10","39","w80KF0V2EeW-OhK375__6Q",""
"ZAMmhwiXEeW3OCIAC44JnQ@8","39","LlZo8hVQEeWd3iIAC7VAtA","八等分的线更圆滑&#xff0c;更饱满&#xff0c;四等分抛物线的棱角更分明&#xff0c;当然把等份的抛物线因为程序复杂&#xff0c;花费时间等多"
"ZAMmhwiXEeW3OCIAC44JnQ@10","39","JD3yLHlnEeWqXg7D-Kwb-Q","八等分曲线更平滑、精确&#xff0c;也花费更多时间"
"ZAMmhwiXEeW3OCIAC44JnQ@10","39","RX1FFoPNEeWXhBLVaZurhQ",""
"ZAMmhwiXEeW3OCIAC44JnQ@10","39","s90dnzzDEeW2ASIACxeTpg","八等分較平滑&#xff0c;但繪圖耗時較多。"
"ZAMmhwiXEeW3OCIAC44JnQ@10","39","u8ZUhmB3EeWNhRIQkbjhXw","与四等分相比&#xff0c;八等分的抛物线更加精准&#xff0c;曲线平滑度更平滑&#xff0c;绘画时间同时更长。"
"ZAMmhwiXEeW3OCIAC44JnQ@10","39","cBWRULhkEeWSBRJpSArseQ","<p>相较于八等份法&#xff0c;四等分法绘制出的抛物线&#xff1a;</p><p>1) 比较生硬&#xff0c;连结成的线段菱角更加分明&#xff1b;</p><p>2) 将1)中得出的线段连成平滑弧线的过程中更不容易将点全部画在曲线上&#xff0c;有更大的误差&#xff1b;</p><p>3) 四等分法用时较短&#xff0c;工作量低&#xff1b;</p><p>4) 四等分法难度较低&#xff0c;不需要过多辅助线来保证比例正确&#xff1b;同时画线数量小&#xff0c;辅助线不易相互交叠而影响绘图。</p>"
"ZAMmhwiXEeW3OCIAC44JnQ@10","39","1iNH-jjEEeWNVyIAC0uErA","八等分的抛物线比四等分的看起来更平滑&#xff0c;但是也需要的时间也更长"
"ZAMmhwiXEeW3OCIAC44JnQ@10","39","nDRSsN_ZEeWeixKb2aASrw","八等分曲線較四等分平滑&#xff0c;八等分曲線繪製較四等分費時&#xff0c;(四等分:18分鐘&#xff0c;八等分31分鐘)"
"ZAMmhwiXEeW3OCIAC44JnQ@10","39","NNcu7zc1EeWV8SIACyyfnQ",""
"ZAMmhwiXEeW3OCIAC44JnQ@10","39","XAn8MsdPEeW4vA7MzR1oIQ","平滑度的相較之下&#xff0c;因八等分連接線在於間格和間接性的頻繁&#xff0c;拋物線的平滑度佳於四等分。"
"ZAMmhwiXEeW3OCIAC44JnQ@10","39","qh1IiZJ2EeWb8A4PYD_NBw","<ol><li>曲線平滑度&#xff1a;八等分比四等分平滑</li><li>繪圖時間:八等分耗时更長<br /></li></ol>"
"ZAMmhwiXEeW3OCIAC44JnQ@9","39","ad_Kqx4nEeWYoCIAC5MBcw","<strong></strong>常理来说&#xff0c;应该是八等分更平滑&#xff0c;但手绘的误差较大&#xff0c;反而我绘制的八等分更不平滑了。如果画的精确的话&#xff0c;肯定是点越多越平滑也越准确。"
"ZAMmhwiXEeW3OCIAC44JnQ@10","39","zNZZblOvEeWpgBJUo9Z-Uw","使用八等分画出来的抛物线比四等分画出来的抛物线更加平滑&#xff0c;曲线部分处理更好&#xff0c;在绘图时间上&#xff0c;两种方法使用时间差别bu da"
"ZAMmhwiXEeW3OCIAC44JnQ@10","39","kB0kkUPHEeWSTg7F_5iDhQ","八分的更加平滑&#xff0c;四分的绘制时间较短&#xff0c;易于连接"
"ZAMmhwiXEeW3OCIAC44JnQ@9","39","vkNmTyOXEeWM2iIAC0KUpw","与八等分绘制的抛物线相比&#xff0c;四等分绘制的抛物线构图简单、用时短&#xff0c;但不如八等分抛物线精细、平滑。"
"ZAMmhwiXEeW3OCIAC44JnQ@10","39","l7WS4dLeEeWQzA7MOZsNDQ","四等分的绘图时间比八等份的短<br />八等份的平滑度比四等分的好"
"ZAMmhwiXEeW3OCIAC44JnQ@10","39","spB5MU8YEeWbVQrsfyQbuw","四等分繪畫時間較快但曲線平滑度底, 而八等分繪畫較複雜但曲線非常平滑且準確性高"
"ZAMmhwiXEeW3OCIAC44JnQ@10","39","Lf8NRi7rEeWeoSIAC0aC-w","平滑度区别还是很大的&#xff0c;八等分后&#xff0c;抛物线几乎就是平滑的曲线了&#xff0c;当然我的抛物线比较小。时间的话&#xff0c;手稍稍熟练后基本还好&#xff0c;八等分时一时激动横着分了16分&#xff0c;然而并没有用上。"
"ZAMmhwiXEeW3OCIAC44JnQ@10","39","FZDMSlosEeWKwA728QcdyQ","绘制时间上四等分更短&#xff0c;但是曲线平滑度来说&#xff0c;还是八等分比较好。"
"ZAMmhwiXEeW3OCIAC44JnQ@10","39","jtXfq2XCEeWyfQofQFHvoQ",""
"ZAMmhwiXEeW3OCIAC44JnQ@10","39","hJoaSVWjEeWbVQrsfyQbuw","四分法&#xff1a; 简单&#xff0c;精确度差&#xff1b;<br />八分法&#xff1a; 精确&#xff0c;耗时。"
"ZAMmhwiXEeW3OCIAC44JnQ@10","39","9bbQQzJxEeWNVyIAC0uErA",""
"ZAMmhwiXEeW3OCIAC44JnQ@10","39","4fPhpGzCEeWWpw7gge8ZbQ","八等分曲線較為平滑&#xff0c;但繪圖時間較久"
"ZAMmhwiXEeW3OCIAC44JnQ@9","39","crDu0x-eEeWM2iIAC0KUpw","四分点绘制抛物线用时比较短&#xff0c;但是线条不够平滑&#xff0c;而八分点虽然有时长但线条平滑&#xff0c;且比四分点精准度要高"
"ZAMmhwiXEeW3OCIAC44JnQ@10","39","Yjmnp2XwEeWC5xInmpgAVw","等分数越多曲线越平滑&#xff0c;但是由于需要做出更细致的等份会导致绘图时间变成。"
"ZAMmhwiXEeW3OCIAC44JnQ@10","39","QmvsZG23EeWPJBI9QEQKiQ","曲線平滑度&#xff1a;八等分&gt;四等分<br />繪圖時間&#xff1a;八等分&gt;四等分"
"ZAMmhwiXEeW3OCIAC44JnQ@10","39","__NAKXf2EeWWpw7gge8ZbQ",""
"ZAMmhwiXEeW3OCIAC44JnQ@10","39","SvzwNCb9EeWerCIAC1CI_g","較多的等分繪出的拋物線較平滑&#xff0c;但也耗費較多時間。"
"ZAMmhwiXEeW3OCIAC44JnQ@9","39","vS3-uiOXEeWHGCIACznL2w","与八等分绘制的抛物线相比&#xff0c;四等分绘制的抛物线构图简单、用时短&#xff0c;但不如八等分抛物线精细、平滑。"
"ZAMmhwiXEeW3OCIAC44JnQ@10","39","nG4jjHbaEeWDzg4yGnIlTw","四等分法画抛物线相对简单、快速&#xff0c;但是曲线平滑度、准确性等不如八等份法。"
"ZAMmhwiXEeW3OCIAC44JnQ@10","39","Qi5Hh2_eEeWWpw7gge8ZbQ","八等分的拋物線的曲線平滑度較四等分圓滑,可知平行四邊形法繪製的拋物線,越多等分平滑度會越相似真實的拋物線。<br />但相對的 繪圖時間會比較長 "
"ZAMmhwiXEeW3OCIAC44JnQ@10","39","588N13DrEeWtPhJmZh_6JQ","八等分更平滑&#xff0c;但由于线更密集&#xff0c;交点容易找错&#xff0c;更适合画大尺度的抛物线。<br />"
"ZAMmhwiXEeW3OCIAC44JnQ@10","39","rCW4DVn5EeW3_Ao_CntTvw","四等分和八等分相比取得等分点要少&#xff0c;同理作的垂直线也相应少&#xff0c;画图时间短。<br />八等分相比四等分取得更多等分点和垂直线从而得到的相交点更多&#xff0c;这样表示出的抛物线上的点也更多&#xff0c;用曲线连接后平滑度更好&#xff0c;也更接近标准的抛物线&#xff0c;观感效果更好&#xff01;"
"ZAMmhwiXEeW3OCIAC44JnQ@10","39","oxKD-lROEeWxHxIGetKceQ","八等分的抛物线做法更为麻烦&#xff0c;所用时间较长&#xff0c;但是抛物线的形状更平滑。<br />四等分的抛物线作图相对较快捷&#xff0c;但是由于相关点数较少&#xff0c;导致曲线连接不光滑&#xff0c;易画错误。<br /><br />"
"ZAMmhwiXEeW3OCIAC44JnQ@10","39","X1phxmOPEeW9lgqcHapJBw","八等分的抛物线比四等分的更加平滑&#xff0c;描点更加精确&#xff0c;绘图更加费时需要更加用心。"
"ZAMmhwiXEeW3OCIAC44JnQ@10","39","ULKlI0KAEeWBHArcQOD9cw","八等分绘制出来的相对于四等分绘制出来的抛物线平滑一些。"
"ZAMmhwiXEeW3OCIAC44JnQ@9","39","uzl-tx1zEeWd3iIAC7VAtA","四等分作图较快&#xff0c;需要做的等分点少&#xff0c;但是做出的曲线不太光滑&#xff0c;精度没有八等份的图"
"ZAMmhwiXEeW3OCIAC44JnQ@10","39","FZ7FGbOPEeWjcBKYJq1ZMQ","四等分的抛物线比较多由曲线组成&#xff0c;而八等分的抛物线由于点比较多&#xff0c;线段之间比较短&#xff0c;所以曲线平滑度比四等分的高&#xff0c;但是八等分的绘图时间比久&#xff0c;因为需要等分直线为八份。<br />"
"ZAMmhwiXEeW3OCIAC44JnQ@10","39","JKUl_T8pEeWGtiIAC7XhOg","等分越多&#xff0c;曲线越平滑连贯而且越容易描绘出抛物线&#xff0c;但是等分越多相应需要的时间会更多"
"ZAMmhwiXEeW3OCIAC44JnQ@10","39","Ii8pzcThEeWjNw6BzriyBQ","8等分平滑度比4等分更高"
"ZAMmhwiXEeW3OCIAC44JnQ@10","39","zaofszKhEeWddiIAC9pDDA","<p>1.八等分点较四等分点绘制的时间更长。</p><p>2.八等分点绘制出来的抛物线更平滑。</p><p>3.八等分点较四等分点绘制要求绘制者更细心。</p>"
"ZAMmhwiXEeW3OCIAC44JnQ@10","39","RrK61z91EeWeYyIAC1WQXA","八等分曲线的平滑度更好&#xff0c;但是绘图时间更长"
"ZAMmhwiXEeW3OCIAC44JnQ@10","39","nzkvhkLKEeWBcQqYSpqLgQ","四等分和八等分均能輝指出平滑的拋物線&#xff0c;但是取點數較多的八等分法平滑度略高&#xff0c;因為點數較多兩點間距離小&#xff0c;長距離容易畫出的偏差不易出現。繪製時間上四等分快一些&#xff0c;方便快捷&#xff0c;比較適合小面積拋物線&#xff0c;發揮優勢。大面積拋物線則應選用高等分法。"
"ZAMmhwiXEeW3OCIAC44JnQ@10","39","GJK1DmamEeWyfQofQFHvoQ","八等分作圖線條多&#xff0c;若圖形小會顯得過於複雜&#xff0c;因此四等分的繪圖時間很明顯的少了許多&#xff0c;但相對的曲線不如八等分繪製出的平滑。<br />綜合來說&#xff0c;我會選擇四等分作圖&#xff0c;可節省繪圖時間用來平順曲線&#xff0c;我認為結果並不會差於八等分作圖。<br /><br />"
"ZAMmhwiXEeW3OCIAC44JnQ@10","39","nKf5sOjvEeWcTQpIg9bO1w",""
"ZAMmhwiXEeW3OCIAC44JnQ@9","39","my5mwyIiEeWd3iIAC7VAtA","八等分由于最终绘制的点较多&#xff0c;所以与四等分相比所得的抛物线平滑度更高更细腻&#xff0c;当然所需的时间也更多。"
"ZAMmhwiXEeW3OCIAC44JnQ@10","39","ofJR-E-SEeWUBw792DK9fQ","<p>四等分所绘制出来的抛物线所需要的绘图时间比八等分绘图所需时间要长&#xff1b;</p><p>四等分较八等分绘图要快&#xff1b;</p><p>八等分较四等分的曲线要平滑许多&#xff0c;操作也更为复杂&#xff1b;</p><p>很显然&#xff0c;所取点数越多则所绘图形越精确&#xff1b;</p>"
"ZAMmhwiXEeW3OCIAC44JnQ@10","39","mLERA1N4EeWbVQrsfyQbuw","八等分的抛物更加平滑&#xff0c;但是相应的用时也比较长一点"
"ZAMmhwiXEeW3OCIAC44JnQ@10","39","-imvFDWLEeWj5iIACwIAYw",""
"ZAMmhwiXEeW3OCIAC44JnQ@10","39","vh85BmB3EeW-tBLRsFjxBw","与四等分相比&#xff0c;八等分的抛物线更加精准&#xff0c;曲线平滑度更平滑&#xff0c;绘画时间同时更长。"
"ZAMmhwiXEeW3OCIAC44JnQ@10","39","XwFFGSY8EeW_ESIAC7Psdg","曲線平滑度:八等分繪製很明顯比四等分繪製還要圓滑許多。<br /><br />繪圖時間:第二次繪製八等分法時&#xff0c;因為熟悉了繪圖方法&#xff0c;也有稍微抓到技巧&#xff0c;繪圖速度快上許多&#xff0c;但時間上硬是比四等分法多了兩分鐘&#xff0c;可謂&#34;慢工出細火阿&#34;!!"
"ZAMmhwiXEeW3OCIAC44JnQ@10","39","uF5WCV04EeWNhRIQkbjhXw","四等分绘制抛物线速度快&#xff0c;但是曲线不够平滑&#xff1b;八等分绘制抛物线平滑精细&#xff0c;但是需要耗费更多时间"
"ZAMmhwiXEeW3OCIAC44JnQ@8","39","1FV3TxpDEeWHGCIACznL2w","四等分绘图曲线平滑度不及八等分绘图&#xff0c;但是四等分绘图所需时间较少。"
"ZAMmhwiXEeW3OCIAC44JnQ@10","39","IKcvnTc1EeWPACIACw4G5w",""
"ZAMmhwiXEeW3OCIAC44JnQ@9","39","bfJ2QyOPEeWHGCIACznL2w","it takes a longer time to draw the 八等分拋物線 because every single reference line has to be parallel to each other, also, it is difficult to connect each reference line to the center point, but this 八等分繪製出來的兩個拋物線 is more precise and the curve is more 平滑."
"ZAMmhwiXEeW3OCIAC44JnQ@10","39","W9Y_c4PNEeWA9w4ipzCZ2Q",""
"ZAMmhwiXEeW3OCIAC44JnQ@10","39","Lis9uXMDEeWgtQq7brjg6Q","<p>8等分线条过渡会比4等分好&#xff0c;并且更加精确。</p>"
"ZAMmhwiXEeW3OCIAC44JnQ@9","39","oXQJjyDUEeWYoCIAC5MBcw","八等分&#xff1a;分点多&#xff0c;所以更精确&#xff0c;更加平滑&#xff0c;但是比较费时间<br />四等分较快&#xff0c;但线较难掌控&#xff0c;相较于八等分&#xff0c;图越大&#xff0c;越不够平滑"
"ZAMmhwiXEeW3OCIAC44JnQ@10","39","HpbtZDc1EeWj5iIACwIAYw",""
"ZAMmhwiXEeW3OCIAC44JnQ@10","39","BDQd7jxREeW2ASIACxeTpg","<p>在绘制抛物线尺寸相同的情况下&#xff0c;八等分法会产生更多交点&#xff0c;各点之间距离较近&#xff0c;因此绘制出的抛物线比四等分更加平滑&#xff1b;但绘制八等分线所需时间更长&#xff0c;在B、C点距离较短时绘制也有所不便。因此需要根据绘制的抛物线尺寸大小合理选取等分点的数量</p>"
"ZAMmhwiXEeW3OCIAC44JnQ@10","39","N-NidDLgEeWV8SIACyyfnQ","四等分的平滑度比较低但是绘图时间短&#xff1b;八等分的平滑度高很多但是绘图时间长。"
"ZAMmhwiXEeW3OCIAC44JnQ@10","39","0vQ3_DWjEeWddiIAC9pDDA",""
"ZAMmhwiXEeW3OCIAC44JnQ@10","39","ZKfKLTGpEeWj5iIACwIAYw","<p>从平滑度上来说&#xff0c;四等分点的抛物线看上去略显粗糙&#xff0c;有明显折痕&#xff0c;八等分点的抛物线更加圆滑&#xff0c;更接近圆弧。</p><p>从绘制时间上看&#xff0c;四等分点绘制时间短&#xff0c;八等分点绘制时间长。</p><p><br /></p>"
"ZAMmhwiXEeW3OCIAC44JnQ@10","39","2QwEn1oTEeWDDBJlI9r_qw","八等分的比四等分的更加的圆润"
"ZAMmhwiXEeW3OCIAC44JnQ@10","39","OoepBG23EeWqXg7D-Kwb-Q","曲線平滑度&#xff1a;八等分&gt;四等分<br />繪圖時間&#xff1a;八等分&gt;四等分"
"ZAMmhwiXEeW3OCIAC44JnQ@10","39","6qojOWdjEeWC5xInmpgAVw","八等分畫出的拋物線曲線平滑度大於四等分畫出的拋物線曲線平滑度八等分所需的繪圖時間大於四等分的<br />而精確度則是八等分所繪之拋物線大於四等分<br />"
"ZAMmhwiXEeW3OCIAC44JnQ@10","39","1apeOCbgEeWSQSIAC5cRKQ","八等份的线条更加平滑&#xff0c;但是绘图时间较长&#xff0c;在实际中可以根据精度的需要和时间的需要绘图&#xff0c;如果精度要求高。肯以适当的增加等分的次数。"
"ZAMmhwiXEeW3OCIAC44JnQ@10","39","qI4OIZPUEeW0dw6k4EUmPw","四等分绘制抛物线用时较短&#xff0c;曲线平滑度不如八等分绘制的抛物线。更多需要靠绘者的想象完成&#xff0c;但八等分抛物线控制点较多&#xff0c;已经能比较清晰的看出曲线轮廓。"
"ZAMmhwiXEeW3OCIAC44JnQ@10","39","ZaEQbJkXEeWJSQr5zqhI6w","八等分点绘制法最后一步绘制曲线的时候相对于四等分法更容易&#xff0c;曲线也更平滑。在需要节省时间&#xff0c;对作图要求不是很高的情况下可以优先考虑少等分点。"
"ZAMmhwiXEeW3OCIAC44JnQ@9","39","1wAGUh8XEeWmISIAC9QOog","找出所有點之後&#xff0c;我刻意用直尺連出紅線&#xff0c;可以看出八等分的拋物線明顯的更加滑順&#xff0c;較多的點提供較多的細節&#xff0c;繪製出的拋物線也更趨近於連貫的曲線&#xff0c;四等分的雖然省時&#xff0c;但較不細膩&#xff0c;明顯的看出銳利的轉折。"
"ZAMmhwiXEeW3OCIAC44JnQ@9","39","3GcsER0MEeWd3iIAC7VAtA","八等份更平滑&#xff0c;需要更多时间绘制"
"ZAMmhwiXEeW3OCIAC44JnQ@10","39","7DLFtmW-EeWjjQ6zloxUzw","四等分的拋物線所花費時間較短<br />八等分的拋物線的曲線較為圓潤"
"ZAMmhwiXEeW3OCIAC44JnQ@10","39","Ok3uF3MDEeWdPxJ-h_8T7w","<p>8等分线条过渡会比4等分好&#xff0c;并且更加精确。</p>"
"ZAMmhwiXEeW3OCIAC44JnQ@10","39","saOufDymEeW2ASIACxeTpg","差異點&#xff1a;<br />1.八等分的畫圖時間較四等分久&#xff0c;步驟也較多。<br />2.八等分的曲線平滑度較四等分平滑。<br />3.整體而言&#xff0c;八等分比四等分更像拋物線。"
"ZAMmhwiXEeW3OCIAC44JnQ@10","39","mzlRIzgdEeWPACIACw4G5w","項          目  |   四等分  |  八等分 <br />曲線平滑度  |   較   差  |  較平滑<br />繪 圖 時 間  |   時間短  |  時間長"
"ZAMmhwiXEeW3OCIAC44JnQ@10","39","u1ni1l04EeWqGw6RaHDb6w","四等分绘制抛物线速度快&#xff0c;但是曲线不够平滑&#xff1b;八等分绘制抛物线平滑精细&#xff0c;但是需要耗费更多时间"
"ZAMmhwiXEeW3OCIAC44JnQ@8","39","NSL0zhWSEeWmISIAC9QOog","两者差异在于&#xff1a;八等分绘制出的抛物线取点更密集&#xff0c;形成的曲线更平滑&#xff0c;用时更多&#xff0c;适合绘制开口度大的抛物线。"
"ZAMmhwiXEeW3OCIAC44JnQ@10","39","fThitTpQEeWm9SIAC5HAew","四等分的抛物线绘制时间更短&#xff0c;但因为选取的点较少&#xff0c;所以准确度会相对较低。八等分的抛物线有更多的点可以选取&#xff0c;所以准确度会更高一些。但八等分绘制抛物线花费时间较长&#xff0c;而且在选取各等分点及绘制垂线时&#xff0c;也容易因为“手滑”导致误差。"
"ZAMmhwiXEeW3OCIAC44JnQ@10","39","vuScFI_5EeWtaw5Yq7jxwQ","四等分法&#xff0c;繪製時間短&#xff0c;可以快速取得拋物線大致的外型&#xff0c;只是在接近頂點的地方&#xff0c;沒有辦法畫出較平滑的曲線&#xff0c;曲線平滑度較低。<br />八等分法&#xff0c;繪製時間長&#xff0c;取得的拋物線外型大致與四分法相同&#xff0c;特別是在頂點的部分&#xff0c;畫出相當平滑的曲線&#xff0c;曲線平滑度較高。"
"ZAMmhwiXEeW3OCIAC44JnQ@10","39","qt0lWrH9EeWF6gpqp4BTmQ","八等份法比四等份法較平滑較花時間但較易畫製."
"ZAMmhwiXEeW3OCIAC44JnQ@10","39","ffiFWgCIEeaW0grgb0UTkQ","四等分&#xff1a;曲線棱角明顯&#xff0c;繪圖時間短。<br />八等分&#xff1a;曲線平滑精確&#xff0c;繪圖時間長&#xff0c;繪製時容易眼花。<br />總結&#xff1a;在繪圖尺寸不大的時候&#xff0c;四等分較八等分更為效率&#xff0c;適合快速表達&#xff0c;手繪熟練后也可以根據少量的交點繪出平滑的曲線。兩者拋物線的差異從頂點往上逐漸縮小&#xff0c;所以在使用四等分法時可在接近頂點部位適當多增加交點來提高準確性。"
"ZAMmhwiXEeW3OCIAC44JnQ@10","39","A6leyDisEeWF2iIACyygBg","<ol><li><em>平滑度&#xff1b;</em><strong></strong>8等分由于点更多抛物线更平滑&#xff0c;更趋向理论抛物线</li><li>时间&#xff1b;由于点的增加绘图时间很相应增加</li><li>难度&#xff1b;4等分&lt;8等分</li></ol>"
"ZAMmhwiXEeW3OCIAC44JnQ@10","39","dMm8csdPEeWwyg7SJZ3bgQ","平滑度的相較之下&#xff0c;因八等分連接線在於間格和間接性的頻繁&#xff0c;拋物線的平滑度佳於四等分。"
"ZAMmhwiXEeW3OCIAC44JnQ@10","39","kcQ53_k_EeWHHgo1wDl8Bw","四等分曲线平滑度较差&#xff0c;绘图时间较短。<br />八等分曲线平滑度较好&#xff0c;绘图时间较长。"
"ZAMmhwiXEeW3OCIAC44JnQ@10","39","2UJSD1TuEeWbVQrsfyQbuw","四等分绘制过程比较简单&#xff0c;省时省力&#xff0c;但是绘制出的抛物线平滑度较差。<br />八等分绘制耗时较长&#xff0c;但绘制出的抛物线较为平滑。"
"ZAMmhwiXEeW3OCIAC44JnQ@9","39","pLyvpB4_EeWM2iIAC0KUpw","就曲線平滑度而言&#xff0c;以八等分繪製出來的拋物線&#xff0c;相較於四等分繪製出來的拋物線&#xff0c;線條較為平滑、精確&#xff1b;<br />而繪圖時間的部分&#xff0c;以四等分繪製較以八等分繪製更快速。"
"ZAMmhwiXEeW3OCIAC44JnQ@10","39","S7z5LHMDEeWdPxJ-h_8T7w","<p>8等分线条过渡会比4等分好&#xff0c;并且更加精确。</p>"
"ZAMmhwiXEeW3OCIAC44JnQ@9","39","4Xif3x0MEeWM2iIAC0KUpw","八等份更平滑&#xff0c;需要更多时间绘制"
"ZAMmhwiXEeW3OCIAC44JnQ@10","39","BLKaO2XDEeWjjQ6zloxUzw","四等分繪圖時間較短但精確度較差<br />八等分繪圖時間較長但精確度相對較高"
"ZAMmhwiXEeW3OCIAC44JnQ@10","39","9lKcJTQTEeWj5iIACwIAYw",""
"ZAMmhwiXEeW3OCIAC44JnQ@10","39","GS0EKJS1EeWibw4zhsvrPQ","相对而言&#xff0c;四等分简洁快速&#xff0c;八等分曲线更圆滑。相同大小的抛物线&#xff0c;取点越多越精确。"
"ZAMmhwiXEeW3OCIAC44JnQ@9","39","6wxzZB5AEeWmISIAC9QOog","就曲線平滑度而言&#xff0c;以八等分繪製出來的拋物線&#xff0c;相較於四等分繪製出來的拋物線&#xff0c;線條較為平滑、精確&#xff1b;<br />而繪圖時間的部分&#xff0c;以四等分繪製較以八等分繪製更快速。"
"ZAMmhwiXEeW3OCIAC44JnQ@10","39","D9OTamqaEeWGywq_F70CwQ","點越多&#xff0c;曲線越平滑&#xff0c;費工"
"ZAMmhwiXEeW3OCIAC44JnQ@10","39","SfkysMdPEeWOrRLEo62RWw","平滑度的相較之下&#xff0c;因八等分連接線在於間格和間接性的頻繁&#xff0c;平滑度佳於四等分。"
"ZAMmhwiXEeW3OCIAC44JnQ@10","39","mVBOJTJ0EeWj5iIACwIAYw",""
"ZAMmhwiXEeW3OCIAC44JnQ@10","39","OYLr1TJyEeWNVyIAC0uErA",""
"ZAMmhwiXEeW3OCIAC44JnQ@10","39","7zap0U1pEeWxHxIGetKceQ","四等分抛物線&#xff1a;繪製時間快&#xff0c;錯誤少&#xff0c;但較爲粗略&#xff1b;<br /><br />八等分抛物線&#xff1a;繪製時間慢&#xff0c;容易出錯&#xff0c;但成圖曲線更圓滑"
"ZAMmhwiXEeW3OCIAC44JnQ@10","39","ZPEaBSUoEeW_lSIAC0kOqg","1.曲線平滑度部分, 八等分繪製所得的拋物線較為平滑, 尤以拋物線頂點處最為明顯.<br />2.繪圖時間部分, 以八等分方式繪製拋物線之時間較長, 且靠近拋物線頂點位置的輔助線較多, 需仔細確認交點位置, 始能繪出正確的拋物線."
"ZAMmhwiXEeW3OCIAC44JnQ@10","39","LAVniDisEeWPACIACw4G5w","<ol><li><em>平滑度&#xff1b;</em><strong></strong>8等分由于点更多抛物线更平滑&#xff0c;更趋向理论抛物线</li><li>时间&#xff1b;由于点的增加绘图时间很相应增加</li><li>难度&#xff1b;4等分&lt;8等分</li></ol>"
"ZAMmhwiXEeW3OCIAC44JnQ@8","39","0j_dvBpDEeWmISIAC9QOog","四等分绘图曲线平滑度不及八等分绘图&#xff0c;但是四等分绘图所需时间较少。"
"ZAMmhwiXEeW3OCIAC44JnQ@9","39","KmFdtB7rEeWd3iIAC7VAtA","四等分绘制的抛物线&#xff0c;交点有限&#xff0c;所以不够平滑&#xff0c;但相对快速&#xff1b;相比较&#xff0c;八等分绘制的抛物线交点更多&#xff0c;看起来更圆滑&#xff0c;但绘图步骤更繁琐&#xff0c;时间相对较长。"
"ZAMmhwiXEeW3OCIAC44JnQ@10","39","wdXkOD9yEeWm9SIAC5HAew","手繪拋物線_蔡诗雨"
"ZAMmhwiXEeW3OCIAC44JnQ@10","39","tr5yLTymEeWGtiIAC7XhOg","差異點&#xff1a;<br />1.八等分的畫圖時間較四等分久&#xff0c;步驟也較多。<br />2.八等分的曲線平滑度較四等分平滑。<br />3.整體而言&#xff0c;八等分比四等分更像拋物線。"
"ZAMmhwiXEeW3OCIAC44JnQ@9","39","Lercax-WEeWM2iIAC0KUpw",""
"ZAMmhwiXEeW3OCIAC44JnQ@10","39","zrog7N_ZEeWNJwrn1lDrHw","八等分曲線較四等分平滑&#xff0c;八等分曲線繪製較四等分費時&#xff0c;(四等分:18分鐘&#xff0c;八等分31分鐘)"
"ZAMmhwiXEeW3OCIAC44JnQ@10","39","JphyVSnmEeWYVCIACyevdw","四等分&#xff1a;作图比较快&#xff0c;绘制较小尺寸的抛物线的时候可以用&#xff0c;如果尺寸大一些就会不光滑。<br />八等分&#xff1a;作图更慢一些&#xff0c;但是比四等分精确&#xff0c;绘制尺寸大一些的图的时候用这个效果会比四等分要好&#xff0c;但是绘制尺寸较小的图时辅助线太乱&#xff0c;看起来会很不方便。<br />我觉得等分的数量还是要根据具体情况考虑&#xff0c;看需要的抛物线尺寸大小如何&#xff0c;需要的精确度高不高&#xff0c;还有就是画图的时间。"
"ZAMmhwiXEeW3OCIAC44JnQ@10","39","8ZK-A1AREeWoNAol4TlMSw","八等分绘制的抛物线较之四等分绘制的抛物线更平滑&#xff0c;同时需要花更多时间绘制"
"ZAMmhwiXEeW3OCIAC44JnQ@10","39","i7QyoZN0EeW0dw6k4EUmPw","<ul><li>八等分法绘制的抛物线更加平滑&#xff0c;但耗时更长</li><li>四等分发绘制的抛物线相对不太平滑&#xff0c;耗时较短</li></ul>"
"ZAMmhwiXEeW3OCIAC44JnQ@9","39","Sfc3wB1sEeWYoCIAC5MBcw","八等分绘制的抛物线比四等分的要光滑很多&#xff0c;费时也较多。"
"ZAMmhwiXEeW3OCIAC44JnQ@10","39","xV_yFG_TEeWWpw7gge8ZbQ","于四等分画法相比八等分画法曲线更平滑、但绘图时间大大增加。"
"ZAMmhwiXEeW3OCIAC44JnQ@10","39","p4DOmYCfEeWe6Qot63L7mQ","平行四邊形法 - 四等分<br />-步驟較簡單&#xff0c;輔助線比較少<br />-較快繪製拋物線<br />-線條比較不圓滑<br />-較容易有偏差<br />平行四邊形法 - 八等分<br />步驟較繁複&#xff0c;輔助線比較多<br />-較慢繪製拋物線<br />-滑線條比較圓滑<br />-較細仔和精準<br />"
"ZAMmhwiXEeW3OCIAC44JnQ@10","39","1XiJMT8JEeWm9SIAC5HAew","以四等分的拋物線相比&#xff0c;八等分的拋物線精確度更高&#xff0c;更平滑&#xff0c;所耗費的時間更多。"
"ZAMmhwiXEeW3OCIAC44JnQ@10","39","cDY87SR-EeWYoCIAC5MBcw","曲線平滑度上&#xff0c;由於八等分畫法的連接點較多&#xff0c;解析度較高&#xff0c;平滑度優於四等分法。<br />繪圖時間上&#xff0c;由於單純手繪&#xff0c;八等分畫法的時間比起四等分畫法用的沒有想像中用的多&#xff0c;但如果要準確地用尺規做等分的話&#xff0c;可能會花2倍的時間。另外由於輔助線較多八等分手繪出現失誤的機會比較大&#xff0c;需在描點的時候修正&#xff0c;讓最終圖形更接近目標。<br />"
"ZAMmhwiXEeW3OCIAC44JnQ@10","39","O4DktD8pEeWidSIAC7TGaQ","等分越多&#xff0c;曲线越平滑连贯而且越容易描绘出抛物线&#xff0c;但是等分越多相应需要的时间会更多"
"ZAMmhwiXEeW3OCIAC44JnQ@10","39","wVZxxyltEeWerCIAC1CI_g","四等分的用时较短&#xff0c;但是平滑度较差&#xff0c;八等份的用时较长&#xff0c;但是平滑度较好。"
"ZAMmhwiXEeW3OCIAC44JnQ@8","39","cBOufhWQEeWYoCIAC5MBcw",""
"ZAMmhwiXEeW3OCIAC44JnQ@8","39","kyrtqBb5EeWmISIAC9QOog","等分點越多&#xff0c;各交點越接近&#xff0c;越容易畫出平滑的拋物線。但也因為等分點多&#xff0c;所以所花費時間會較長。所以可因需求而選擇四等分或八等分。"
"ZAMmhwiXEeW3OCIAC44JnQ@10","39","UBB0Lm_-EeWgtQq7brjg6Q","八等分繪製的拋物線明顯較四等分的拋物線平滑&#xff0c;而八等分的繪圖較費時也較複雜&#xff0c;卻也更接近真實的拋物線。"
"ZAMmhwiXEeW3OCIAC44JnQ@10","39","ZdZ2bDpwEeWidSIAC7TGaQ","<em></em>八等分繪製出的曲線較平滑&#xff0c;在繪製時也有較多點可以參考&#xff0c;比較容易把線連好。"
"ZAMmhwiXEeW3OCIAC44JnQ@10","39","gWDOQyiDEeWSQSIAC5cRKQ","四等分比較粗糙&#xff0c;八等分比較細比較有弧度&#xff01;"
"ZAMmhwiXEeW3OCIAC44JnQ@10","39","rAq7IDh9EeWddiIAC9pDDA","八等分的抛物线明显比四等分更平滑&#xff0c;但绘图时间更长&#xff0c;而且要求更高得精细度"
"ZAMmhwiXEeW3OCIAC44JnQ@10","39","G2ZSLsohEeW2LwqRWtBYCQ","四等分绘制抛物线相对比较简便&#xff0c;步骤少&#xff0c;节约时间&#xff0c;但问题是线条的平滑度不足&#xff0c;比较生硬&#xff1b;<br />八等分绘制的抛物线非常平顺&#xff0c;但问题是比较耗时耗力。"
"ZAMmhwiXEeW3OCIAC44JnQ@9","39","b9WEbx4nEeWmISIAC9QOog","<strong></strong>常理来说&#xff0c;应该是八等分更平滑&#xff0c;但手绘的误差较大&#xff0c;反而我绘制的八等分更不平滑了。如果画的精确的话&#xff0c;肯定是点越多越平滑也越准确。"
"ZAMmhwiXEeW3OCIAC44JnQ@10","39","1hiijENjEeW-OhK375__6Q","八等分较于四等分&#xff0c;平滑度更高&#xff0c;但绘制时间更长"
"ZAMmhwiXEeW3OCIAC44JnQ@10","39","XC_9IGOPEeWvvQ62NDrKxQ","八等分的抛物线比四等分的更加平滑&#xff0c;描点更加精确&#xff0c;绘图更加费时需要更加用心。"
"ZAMmhwiXEeW3OCIAC44JnQ@10","39","RGWmx08YEeWBRg5dvElQww",""
"ZAMmhwiXEeW3OCIAC44JnQ@10","39","LJSxwSUoEeWeGSIACxeHVw","1.曲線平滑度部分, 八等分繪製所得的拋物線較為平滑, 尤以拋物線頂點處最為明顯.<br />2.繪圖時間部分, 以八等分方式繪製拋物線之時間較長, 且靠近拋物線頂點位置的輔助線較多, 需仔細確認輔助點位置, 始能繪出正確的拋物線."
"ZAMmhwiXEeW3OCIAC44JnQ@10","39","paRDx8J7EeW4VAonMO7H9Q","等分点越多&#xff0c;绘制出的抛物线就越精准。"
"ZAMmhwiXEeW3OCIAC44JnQ@10","39","MDaWWFHxEeWpgBJUo9Z-Uw","曲線平滑度八等分較高繪圖時間也較四等分長<br /><br />"
"ZAMmhwiXEeW3OCIAC44JnQ@10","39","zxVpAjJ0EeWNVyIAC0uErA",""
"ZAMmhwiXEeW3OCIAC44JnQ@10","39","15rt4WeOEeWfZAo8m5pcCw","四等分拋物線平滑度較差&#xff0c;繪圖時間短&#xff08;約十五分鐘&#xff09;<br />八等分拋物線平滑度較好&#xff0c;繪圖時間長&#xff08;約二十五分鐘&#xff09;<br />"
"ZAMmhwiXEeW3OCIAC44JnQ@10","39","QXThXDLgEeWj5iIACwIAYw","四等分的平滑度比较低但是绘图时间短&#xff1b;八等分的平滑度高很多但是绘图时间长。"
"ZAMmhwiXEeW3OCIAC44JnQ@10","39","EL7v0UyIEeWUBw792DK9fQ","  由于八等分有更多的交汇点&#xff0c;所以画出来的抛物线更加平滑准确&#xff0c;但是同时画起来更麻烦"
"ZAMmhwiXEeW3OCIAC44JnQ@8","39","KLZvGxfMEeWA7CIAC5WDNQ","等分的数量越多&#xff0c;越像拋物線。而且曲線平滑度越顺&#xff0c;不过繪圖時間方面比較长。"
"ZAMmhwiXEeW3OCIAC44JnQ@10","39","cyJQ5rhjEeWtFA5RrsHG3Q",""
"ZAMmhwiXEeW3OCIAC44JnQ@10","39","ASx-W4avEeWFYRKN6-z0qQ","八等份的更平滑更精确&#xff08;因为使用了更多点&#xff09;"
"ZAMmhwiXEeW3OCIAC44JnQ@10","39","-yQUpFAREeWxHxIGetKceQ","八等分绘制的抛物线较之四等分绘制的抛物线更平滑&#xff0c;同时需要花更多时间绘制"
"ZAMmhwiXEeW3OCIAC44JnQ@10","39","8v4RHISyEeWwyg6oWwzVsw","四等分抛物线曲线相对粗糙&#xff0c;绘图时间短&#xff0c;绘制简便&#xff1b;八等分抛物线曲线要更平滑&#xff0c;绘图所花费时间长"
"ZAMmhwiXEeW3OCIAC44JnQ@10","39","AJn35cohEeWPLw7gN_Q_YQ","四等分绘制抛物线相对比较简便&#xff0c;步骤少&#xff0c;节约时间&#xff0c;但问题是线条的平滑度不足&#xff0c;比较生硬&#xff1b;<br />八等分绘制的抛物线非常平顺&#xff0c;但问题是比较耗时耗力。"
"ZAMmhwiXEeW3OCIAC44JnQ@8","39","qrRkDRfgEeWYoCIAC5MBcw","<ul><li>曲線平滑度: 相較四等分&#xff0c;八等分的拋物線較平滑&#xff0c;靠近頂點處也較圓滑</li><li>繪圖時間: 相較四等分&#xff0c;八等分的繪圖時間較多(至少多1倍)<br /></li><li>理論上&#xff0c;畫出拋物線的四等分、八等分的交點應該左右對稱&#xff0c;但此手繪圖稿的交點對稱性還有改善空間(顯現離頂點越遠&#xff0c;對稱性越)。因此&#xff0c;繪製的等分點、等分線直線的繪製要更精準&#xff0c;宜考量使用量尺等工具&#xff0c;才能快速、正確、繪出左右對稱的交點&#xff0c;再繪出拋物線。</li></ul>"
"ZAMmhwiXEeW3OCIAC44JnQ@10","39","TKd9MibhEeWerCIAC1CI_g","八等分绘制出来的抛物线线条更为平滑精确&#xff0c;因为取了更多的焦点。当然与此同时因为绘制的等分点比四等分多&#xff0c;绘图时间也相应更多。"
"ZAMmhwiXEeW3OCIAC44JnQ@10","39","_LTofUV2EeWxOxIbgUSIFQ",""
"ZAMmhwiXEeW3OCIAC44JnQ@10","39","BTlFuSlQEeWuEiIACxeVug","8等分抛物线绘制时间长&#xff0c;较平滑"
"ZAMmhwiXEeW3OCIAC44JnQ@10","39","LbCzcSnmEeWNCiIACzABLQ","四等分&#xff1a;作图比较快&#xff0c;绘制较小尺寸的抛物线的时候可以用&#xff0c;如果尺寸大一些就会不光滑。<br />八等分&#xff1a;作图更慢一些&#xff0c;但是比四等分精确&#xff0c;绘制尺寸大一些的图的时候用这个效果会比四等分要好&#xff0c;但是绘制尺寸较小的图时辅助线太乱&#xff0c;看起来会很不方便。<br />我觉得等分的数量还是要根据具体情况考虑&#xff0c;看需要的抛物线尺寸大小如何&#xff0c;需要的精确度高不高&#xff0c;还有就是画图的时间。"
"ZAMmhwiXEeW3OCIAC44JnQ@10","39","magJ6egSEeWlJhJpbKSYeQ","<ol><li>八等分較之四等分會更平滑</li><li>繪圖時間上&#xff0c;八等分顯然會用時更長</li><li>總體而言&#xff0c;八等分繪圖會更加精準&#xff0c;而如果在精准度和效率上考慮的話&#xff0c;四等分在不那麼注重精准度的情況下更高效</li></ol>"
"ZAMmhwiXEeW3OCIAC44JnQ@10","39","lldm1k5iEeWpgBJUo9Z-Uw",""
"ZAMmhwiXEeW3OCIAC44JnQ@10","39","xSDJ38CyEeW_BRLjpUoXzQ","八等分的拋物線更加平滑&#xff0c;精確"
"ZAMmhwiXEeW3OCIAC44JnQ@8","39","P5iJmxhbEeWd3iIAC7VAtA","<p>1. 八等分作圖約花1.5倍四等分作圖的時間</p><p>2. 經由手眼修正以及方格紙輔助&#xff0c;曲線平滑度並沒有太大差異</p><p>3. 繪圖時內心煩躁程度&#xff0c;八等分作圖大約是四等分作圖的三倍</p>"
"ZAMmhwiXEeW3OCIAC44JnQ@8","39","O07Z8xWSEeWHGCIACznL2w","两者差异在于&#xff1a;八等分绘制出的抛物线取点更密集&#xff0c;形成的曲线更平滑&#xff0c;用时更多&#xff0c;适合绘制开口度大的抛物线。"
"ZAMmhwiXEeW3OCIAC44JnQ@10","39","ecJBj6FpEeWMNQ43fvJXFw","<p>　　　　　　          &#xff5c;　四等分法　&#xff5c;　八等分法<br />　　　————————————————————<br />　　　　描點精確度&#xff5c;　　較低　　&#xff5c;　　較高<br />　　　　曲線平滑度&#xff5c;　　較低　　&#xff5c;　　較高<br />　　　　繪圖時間　&#xff5c;　　較短　　&#xff5c;　　較長</p><p>小結: </p><p>如果希望拋物線圓滑且精準&#xff0c;等分數應盡可能多一點。(但要花費的時間較長)</p><p>一般情況下&#xff0c;應選取適量的等分數&#xff0c;以兼顧繪圖精準度和繪圖時間花費。</p>"
"ZAMmhwiXEeW3OCIAC44JnQ@10","39","acPpndfZEeWlkRK6P5OGjQ",""
"ZAMmhwiXEeW3OCIAC44JnQ@9","39","rTD_jyIiEeWHGCIACznL2w","八等分由于最终绘制的点较多&#xff0c;所以与四等分相比所得的抛物线平滑度更高更细腻精准&#xff0c;当然所需的时间也更多。"
"ZAMmhwiXEeW3OCIAC44JnQ@8","39","t9_BNBWLEeWd3iIAC7VAtA","四等分绘图时间比较短&#xff0c;但是画出来的抛物线线条棱角比较分明&#xff0c;需要自己揣摩圆滑度&#xff0c;精确度相对低。八等分绘图时间比较长&#xff0c;画出来的抛物线线条棱角没那么分明&#xff0c;相对比较圆滑&#xff0c;精确度比较高。"
"ZAMmhwiXEeW3OCIAC44JnQ@8","39","3nEbQBVBEeWYoCIAC5MBcw","1. 曲線平滑度<br />四等分&#xff1a;較不平滑<br />八等分&#xff1a;平滑<br />2. 繪圖時間<br />四等分&#xff1a;繪圖時間較短<br />八等分&#xff1a;繪圖時間較長<br />"
"ZAMmhwiXEeW3OCIAC44JnQ@10","39","xdyAf4mWEeWv8BKLWolBUQ","用八分法绘制的抛物线曲率更加平滑&#xff0c;但如果作图不精确&#xff0c;抛物线可能会变形"
"ZAMmhwiXEeW3OCIAC44JnQ@10","39","62_65jj3EeWV8SIACyyfnQ","四等分和八等分的抛物线形状上基本差不多&#xff0c;但是精细程度有明显的差异&#xff0c;八等分的抛物线更加平滑。<br />在绘图时间上&#xff0c;八等分所花费的时间远远超过四等分所花的时间。<br />另外&#xff0c;由于八等分的图形更大&#xff0c;手工绘制的难度也更大&#xff0c;尤其是做等分的时候&#xff0c;前面的线没有画好&#xff0c;导致后面的线同样有问题。"
"ZAMmhwiXEeW3OCIAC44JnQ@9","39","SV3d3SPWEeWmISIAC9QOog","四等分画法简单一点&#xff0c;八等分画法复杂一些&#xff0c;八等分因为交点多&#xff0c;抛物线应该更平滑一些"
"ZAMmhwiXEeW3OCIAC44JnQ@10","39","CgKNJilQEeWo2yIACzUEBg","8等分抛物线绘制时间长&#xff0c;较平滑"
"ZAMmhwiXEeW3OCIAC44JnQ@10","39","oba7H5kYEeWTngq0Jd-yuQ","八等分点绘制法最后一步绘制曲线的时候相对于四等分法更容易&#xff0c;曲线也更平滑。在需要节省时间&#xff0c;对作图要求不是很高的情况下可以优先考虑少等分点。"
"ZAMmhwiXEeW3OCIAC44JnQ@10","39","AAELhzWMEeWF2iIACyygBg",""
"ZAMmhwiXEeW3OCIAC44JnQ@10","39","o9uFwZaeEeWNbBIwwhtGwQ","八等分繪製出來的拋物線較平滑且精細&#xff0c;但較複雜時間需要較久"
"ZAMmhwiXEeW3OCIAC44JnQ@10","39","pihPglROEeWxHxIGetKceQ","八等分的抛物线做法更为麻烦&#xff0c;所用时间较长&#xff0c;但是抛物线的形状更平滑。<br />四等分的抛物线作图相对较快捷&#xff0c;但是由于相关点数较少&#xff0c;导致曲线连接不光滑&#xff0c;易画错误。<br /><br />"
"ZAMmhwiXEeW3OCIAC44JnQ@10","39","P8WV2khdEeWpgBJUo9Z-Uw","四等分绘制出的抛物线没有八等分绘制出的平滑&#xff0c;但是八等分辅助线比较多&#xff0c;也比较密集&#xff0c;连接时候需要很缓慢的做&#xff0c;耗费时间多。"
"ZAMmhwiXEeW3OCIAC44JnQ@8","39","kA5UbRf2EeWd3iIAC7VAtA","比较于四等分抛物线来说八等分抛物线的曲线更加平滑更加精准,连接曲线的时候因为线段较四等分短很多所以不容易出现线段走位很不准,但是相对来说作图时间更加多,平行线画起来比较耗时."
"ZAMmhwiXEeW3OCIAC44JnQ@10","39","Qi1GyiwqEeWyOiIAC7aEiQ","四等分绘制时间比八等分时间短得多&#xff0c;但曲线平滑度则差得多。分得愈细&#xff0c;愈平滑准确&#xff0c;但耗时越长。"
"ZAMmhwiXEeW3OCIAC44JnQ@9","39","e3gpAh6-EeWYoCIAC5MBcw","八等分更费时&#xff0c;但是会更平滑"
"ZAMmhwiXEeW3OCIAC44JnQ@10","39","fyBKllRpEeWpgBJUo9Z-Uw","八等分绘制相对于四等分绘制曲线比较平滑和精准"
"ZAMmhwiXEeW3OCIAC44JnQ@10","39","Q_JK015oEeW9lgqcHapJBw","四等分的抛物线所需要的绘图时间显然要比八等分的要短&#xff0c;但曲线平滑度却不及八等分<br />"
"ZAMmhwiXEeW3OCIAC44JnQ@10","39","0GoDJjKhEeWV8SIACyyfnQ","<p>1.八等分点较四等分点绘制的时间更长。</p><p>2.八等分点绘制出来的抛物线更平滑。</p><p>3.八等分点较四等分点绘制要求绘制者更细心。</p>"
"ZAMmhwiXEeW3OCIAC44JnQ@10","39","VShUb4B6EeWG5g5SVnl4ww","四等分比八等分稍微粗糙&#xff0c;八等分更加精确"
"ZAMmhwiXEeW3OCIAC44JnQ@9","39","00PGoyPnEeWA7CIAC5WDNQ","四等分的抛物线画起来相对简单&#xff0c;但是曲线连接起来相对来说没有那么平滑<br />而八等分的抛物线画起来相对麻烦很多&#xff0c;但是曲线连接起来会很平滑"
"ZAMmhwiXEeW3OCIAC44JnQ@8","39","apsT8RWQEeWd3iIAC7VAtA",""
"ZAMmhwiXEeW3OCIAC44JnQ@9","39","Vom_aSOXEeWA7CIAC5WDNQ",""
"ZAMmhwiXEeW3OCIAC44JnQ@10","39","DR4sRlosEeWkVgp3YUjFSw","绘制时间上四等分更短&#xff0c;但是曲线平滑度来说&#xff0c;还是八等分比较好。"
"ZAMmhwiXEeW3OCIAC44JnQ@10","39","NYB6sDN5EeWF2iIACyygBg",""
"ZAMmhwiXEeW3OCIAC44JnQ@10","39","VUL46jN5EeWNVyIAC0uErA",""
"ZAMmhwiXEeW3OCIAC44JnQ@10","39","NDbCg2dAEeWn7w41YP_VgQ","四等分與八等分皆可畫出很漂亮的拋物線&#xff0c;八等分雖較為平滑&#xff0c;但繪製較為麻煩&#xff0c;繪圖時間較長&#xff0c;效益並不高。"
"ZAMmhwiXEeW3OCIAC44JnQ@8","39","A4fzYhhbEeWmISIAC9QOog","<p>1. 八等分作圖約花1.5倍四等分作圖的時間</p><p>2. 經由手眼修正以及方格紙輔助&#xff0c;曲線平滑度並沒有太大差異</p><p>3. 繪圖時內心煩躁程度&#xff0c;八等分作圖大約是四等分作圖的三倍</p>"
"ZAMmhwiXEeW3OCIAC44JnQ@10","39","lqiRzy0ZEeWeoSIAC0aC-w","1.繪製時間&#xff1a;八等份比四等份較為耗時<br /><br />2.曲線平滑度&#xff1a;八等份由於分的比較細&#xff0c;曲線平滑度比四等份還要好<br />"
"ZAMmhwiXEeW3OCIAC44JnQ@10","39","6doowzQeEeWddiIAC9pDDA","八等分繪製出來的拋物線較之四等分繪製出的拋物線曲線更為平滑&#xff0c;且繪圖所耗時間較長。"
"ZAMmhwiXEeW3OCIAC44JnQ@10","39","8_NF2-YbEeWohBKTpGZ3Aw","the more focal point it has, the more accurate the parabolic curve will be."
"ZAMmhwiXEeW3OCIAC44JnQ@10","39","QyJknieBEeWHPSIAC7MNfg","八等分的曲线比四等分的曲线平滑度更高&#xff0c;但是所需时间更长"
"ZAMmhwiXEeW3OCIAC44JnQ@10","39","oMzDEnbaEeWy9BLlActDnw","四等分法画抛物线相对简单、快速&#xff0c;但是曲线平滑度、准确性等不如八等份法。"
"ZAMmhwiXEeW3OCIAC44JnQ@10","39","_cEuXCoPEeWOKyIACimMGQ","8等份的平滑度較好, 時間也花費較長<br />"
"ZAMmhwiXEeW3OCIAC44JnQ@10","39","Wa_jFwCIEealQw7xlSHNnQ","四等分&#xff1a;曲線棱角明顯&#xff0c;繪圖時間短。<br />八等分&#xff1a;曲線平滑精確&#xff0c;繪圖時間長&#xff0c;繪製時容易眼花。<br />總結&#xff1a;在繪圖尺寸不大的時候&#xff0c;四等分較八等分更為效率&#xff0c;適合快速表達&#xff0c;手繪熟練后也可以根據少量的交點繪出平滑的曲線。兩者拋物線的差異從頂點往上逐漸縮小&#xff0c;所以在使用四等分法時可在接近頂點部位適當多增加交點來提高準確性。"
"ZAMmhwiXEeW3OCIAC44JnQ@10","39","ldO3XzuEEeWeYyIAC1WQXA","因為教學視頻中是畫圓弧&#xff0c;所以做作業的時候使用的是尺規作圖【圓規幾年沒用了略有些距離差錯】 但是好像大家都是徒手畫&#xff0c;(⊙o⊙)<br /><br />兩個圓弧是同等尺寸的&#xff0c;四等分大概比八等份快2min左右。<br /><br />繪製時弧度大的地方比較圓滑精準&#xff0c;向外側延伸呈直線趨勢的後側則需要繼續加工修煉。此處八等份比四等分會更直一些<br /><br />用同種方法在紙上和cad上面畫&#xff0c;感覺紙會比軟體更方便&#xff1f; 每次畫完直線弧線還要點enter這個習慣始終沒養成……"
"ZAMmhwiXEeW3OCIAC44JnQ@10","39","mZSmFViXEeWDDBJlI9r_qw","八等分画抛物线&#xff0c;相邻抛物线上交点距离更近&#xff0c;所以抛物线的弧度过度更平滑&#xff0c;更准确。绘制过程相比四等分画法繁琐些&#xff0c;多出好几条垂直延伸线。"
"ZAMmhwiXEeW3OCIAC44JnQ@8","39","KFq7gRVQEeWd3iIAC7VAtA","八等分的线更圆滑&#xff0c;更饱满&#xff0c;四等分抛物线的棱角更分明&#xff0c;当然把等份的抛物线因为程序复杂&#xff0c;花费时间等多"
"ZAMmhwiXEeW3OCIAC44JnQ@10","39","7VCSijWjEeWPACIACw4G5w",""
"ZAMmhwiXEeW3OCIAC44JnQ@10","39","kNlMeCVBEeW_ESIAC7Psdg","八等分比四等分 绘制的抛物线更加圆润&#xff0c;但是绘图时间增加&#xff0c;因为线条及交点数增加。"
"ZAMmhwiXEeW3OCIAC44JnQ@10","39","pVcKAkLKEeWxOxIbgUSIFQ","四等分和八等分均能輝指出平滑的拋物線&#xff0c;但是取點數較多的八等分法平滑度略高&#xff0c;因為點數較多兩點間距離小&#xff0c;長距離容易畫出的偏差不易出現。繪製時間上四等分快一些&#xff0c;方便快捷&#xff0c;比較適合小面積拋物線&#xff0c;發揮優勢。大面積拋物線則應選用高等分法。"
"ZAMmhwiXEeW3OCIAC44JnQ@10","39","itV1tyiDEeWuEiIACxeVug","四等分比較粗糙&#xff0c;八等分比較細比較有弧度&#xff01;"
"ZAMmhwiXEeW3OCIAC44JnQ@8","39","x5gEYxY-EeWYoCIAC5MBcw","曲線平滑度: 八等分較佳<br />繪圖時間: 四等分較短<br /><br />"
"ZAMmhwiXEeW3OCIAC44JnQ@10","39","CRWS4bhjEeWOSBLWq6vR9Q",""
"ZAMmhwiXEeW3OCIAC44JnQ@10","39","skYejbH9EeW2NBLvq9LZHQ","八等份法比四等份法較平滑較花時間但較易畫製."
"ZAMmhwiXEeW3OCIAC44JnQ@10","39","AOeXfYPNEeW9yQ6NDqh2LQ",""
"ZAMmhwiXEeW3OCIAC44JnQ@10","39","4JfIMsTgEeWc7QoaaZlQOQ","8等分平滑度比4等分更高"
"ZAMmhwiXEeW3OCIAC44JnQ@10","39","6bozVicCEeWo2yIACzUEBg","The eight equal dividsion take longer time to sketch but it will give smoother curve than the four equal division."
"ZAMmhwiXEeW3OCIAC44JnQ@10","39","yOupkHb5EeWb4g4qCdqdUQ","<p>四等分較節省時間,但較不平滑......八等分須花較多時間,但是曲線較平滑</p>"
"ZAMmhwiXEeW3OCIAC44JnQ@10","39","pWEPJjaQEeWPACIACw4G5w","平滑度&#xff1a;八等分法較佳&#xff0c;特別是再靠近頂點處<br />繪圖時間&#xff1a;四等分法較快&#xff0c;時間大概是四分之一"
"ZAMmhwiXEeW3OCIAC44JnQ@8","39","Jlc0ahc2EeWmISIAC9QOog","从曲线平滑度上看&#xff0c;八等分绘制出的抛物线比四等分绘制出的抛物线更加光滑。<br />从绘图时间上看&#xff0c;八等分绘制出的抛物线比四等分绘制出的抛物线所用时间更长"
"ZAMmhwiXEeW3OCIAC44JnQ@10","39","pEZmEZkYEeWPmAru8qzZow","八等分点绘制法最后一步绘制曲线的时候相对于四等分法更容易&#xff0c;曲线也更平滑。在需要节省时间&#xff0c;对作图要求不是很高的情况下可以优先考虑少等分点。"
"ZAMmhwiXEeW3OCIAC44JnQ@10","39","Z4HSUyZIEeWAsyIACnuV7A","八等分的抛物线比四等分的抛物线更平滑&#xff0c;绘图时间稍长&#xff1b;四等分的抛物线辅助线少&#xff0c;看起来图更干净、简洁一些"
"ZAMmhwiXEeW3OCIAC44JnQ@10","39","Xq-o0fXJEeWwfgrZnMB2OQ","八等份手绘出来的抛物线&#xff0c;曲线更加平滑连贯&#xff0c;但是用时较四等分的要长&#xff0c;而且八等分的抛物线在绘制的过程中由于辅助线条较多较容易出错<br />"
"ZAMmhwiXEeW3OCIAC44JnQ@9","39","ZIVjGx-rEeWYoCIAC5MBcw","八等分的曲线更平滑&#xff0c;耗时稍长。"
"ZAMmhwiXEeW3OCIAC44JnQ@10","39","kk5AKVWjEeWxHxIGetKceQ","四分法&#xff1a; 简单&#xff0c;精确度差&#xff1b;<br />八分法&#xff1a; 精确&#xff0c;耗时。"
"ZAMmhwiXEeW3OCIAC44JnQ@10","39","w977ezWjEeWV8SIACyyfnQ",""
"ZAMmhwiXEeW3OCIAC44JnQ@10","39","G8IPCOt9EeWK_Q7eN25hdw","四等分&#xff1a;耗时短&#xff0c;曲线不够平滑&#xff0c;与真实抛物线差距较大&#xff1b;<br />八等分&#xff1a;耗时长&#xff0c;曲线较为平滑&#xff0c;与真实抛物线差距较小。<br />"
"ZAMmhwiXEeW3OCIAC44JnQ@10","39","fQ4QxEBgEeWv5woN2NNtkQ","四等分的抛物线绘制时间更短&#xff0c;但交点与交点之间间隔更大&#xff0c;平滑度稍逊。<br />八等分的抛物线绘制时间更长&#xff0c;但平滑度更高。"
"ZAMmhwiXEeW3OCIAC44JnQ@9","39","VL3zBiEhEeWHGCIACznL2w","八等分的曲线更平滑精确接近真实曲线&#xff0c;但是绘制难度较大耗时较长"
"ZAMmhwiXEeW3OCIAC44JnQ@10","39","UHpNNiUoEeW_ESIAC7Psdg","1.曲線平滑度部分, 八等分繪製所得的拋物線較為平滑, 尤以拋物線頂點處最為明顯.<br />2.繪圖時間部分, 以八等分方式繪製拋物線之時間較長, 且靠近拋物線頂點位置的輔助線較多, 需仔細確認交點位置, 始能繪出正確的拋物線."
"ZAMmhwiXEeW3OCIAC44JnQ@9","39","rEnH2R-WEeWYoCIAC5MBcw","<strong></strong>四等分绘制出来的抛物线较八等分的用时少&#xff0c;但八等分绘制出来的抛物线较四等分的平滑。"
"ZAMmhwiXEeW3OCIAC44JnQ@8","39","LBRRyRc2EeWd3iIAC7VAtA","从曲线平滑度上看&#xff0c;八等分绘制出的抛物线比四等分绘制出的抛物线更加光滑。<br />从绘图时间上看&#xff0c;八等分绘制出的抛物线比四等分绘制出的抛物线所用时间更长"
"ZAMmhwiXEeW3OCIAC44JnQ@10","39","5UnkCio7EeWYVCIACyevdw","八等分画法画出的抛物线较四等分法画的更平滑&#xff0c;更精确&#xff0c;用时也更长。"
"ZAMmhwiXEeW3OCIAC44JnQ@8","39","42xPexZ8EeWHGCIACznL2w","八等分較四等分為繪製須更為用心與費時&#xff0c;在越多等分後八等分較四等分更易繪製出精準的拋物線弧形。"
"ZAMmhwiXEeW3OCIAC44JnQ@10","39","wMvUji6QEeWOkCIAC4UG7w","八等分比四等分更为平滑&#xff0c;八等分绘制时间较长&#xff0c;难度较大。"
"ZAMmhwiXEeW3OCIAC44JnQ@10","39","uKtIkSn0EeWmViIAC5MTmg","<ul><li>以四等分繪製的拋物線的曲線平滑度較八等分差</li><li>四等分所需的繪圖時間較八等分短</li><li>以八等分所繪出的圖的精細程度較四等分好<br /></li></ul>"
"ZAMmhwiXEeW3OCIAC44JnQ@10","39","cfipvjxQEeWGtiIAC7XhOg","<p>在绘制抛物线尺寸相同的情况下&#xff0c;八等分法会产生更多交点&#xff0c;各点之间距离较近&#xff0c;因此绘制出的抛物线比四等分更加平滑&#xff1b;但绘制八等分线所需时间更长&#xff0c;在B、C点距离较短时绘制也有所不便。因此需要根据绘制的抛物线尺寸大小合理选取等分点的数量</p>"
"ZAMmhwiXEeW3OCIAC44JnQ@10","39","1ip3PjuOEeW2ASIACxeTpg","文件被压缩的好惨&#xff0c;<a href=\"http://1.im.guokr.com/xNoUjRS9pB8aL3PSsEMjFyXz1CIwLyE2EWW6X5AzeQcbAgAAwAMAAEpQ.jpg?imageView2/1/w/513/h/914\" target=\"_blank\" title=\"Link: http://1.im.guokr.com/xNoUjRS9pB8aL3PSsEMjFyXz1CIwLyE2EWW6X5AzeQcbAgAAwAMAAEpQ.jpg?imageView2/1/w/513/h/914\">作业请点击这里</a><br /><br /><br /><br />因為教學視頻中是畫圓弧&#xff0c;所以做作業的時候使用的是尺規作圖【圓規幾年沒用了略有些距離差錯】 但是好像大家都是徒手畫&#xff0c;(⊙o⊙)<br /><br />兩個圓弧是同等尺寸的&#xff0c;四等分大概比八等份快2min左右。<br /><br />【后来看到了要求故重新画了一遍&#xff0c;在下半部分】<br /><br />繪製時弧度大的地方比較圓滑精準&#xff0c;向外側延伸呈直線趨勢的後側則需要繼續加工修煉。此處八等份比四等分會更直一些<br /><br /><br />徒手作图好难&#xff0c;虽然互评的时候一直写的是【需要多花时间】但是好像两张图画了一个多钟还是不行》《底子不好这点是硬伤。"
"ZAMmhwiXEeW3OCIAC44JnQ@10","39","zySd6ywqEeWOkCIAC4UG7w","1.四等分绘制时间比八等分时间短得多。<br />2.四等分比較粗糙&#xff0c;八等分比較細比較有弧度&#xff0c;分得愈细&#xff0c;愈平滑准确。"
"ZAMmhwiXEeW3OCIAC44JnQ@9","39","nqB37h-WEeWM2iIAC0KUpw","<strong></strong>四等分绘制出来的抛物线较八等分的用时少&#xff0c;但八等分绘制出来的抛物线较四等分的平滑。"
"ZAMmhwiXEeW3OCIAC44JnQ@10","39","_C-ORWeOEeWEHBK0qnR5nQ","四等分拋物線平滑度較差&#xff0c;繪圖時間短&#xff08;約十五分鐘&#xff09;<br />八等分拋物線平滑度較好&#xff0c;繪圖時間長&#xff08;約二十五分鐘&#xff09;<br />"
"ZAMmhwiXEeW3OCIAC44JnQ@10","39","plw3jZUDEeWPmAru8qzZow","繪製八等分拋物線&#xff0c;側面八等分和點A直線的連接得更注意&#xff0c;而八等份的曲線平滑度好多了。"
"ZAMmhwiXEeW3OCIAC44JnQ@8","39","et-bBxjlEeWHGCIACznL2w","差异主要在于&#xff1a;<br />四等分每边产生3个抛物线上点&#xff0c;以三点定出曲线&#xff0c;凭目测较多&#xff0c;连接比较自由……画的线段少花费时间较少&#xff1b;<br />而八等分每边产生七个抛物线上点&#xff0c;以七点定出曲线&#xff0c;定位较四等分严格&#xff0c;曲线连接受到更多限制&#xff1b;画的线段较多&#xff0c;花费时间也多。<br />不过由于手绘&#xff0c;误差较大&#xff0c;所以很难说凭目测和凭不精确的定点哪个曲线更接近实际吧-_-&#xff01;"
"ZAMmhwiXEeW3OCIAC44JnQ@10","39","o3xsgGHFEeWc1Q7arAoKFQ",""
"ZAMmhwiXEeW3OCIAC44JnQ@10","39","lds21LhkEeWOSBLWq6vR9Q","<p>相较于八等份法&#xff0c;四等分法绘制出的抛物线&#xff1a;</p><p>1) 比较生硬&#xff0c;连结成的线段菱角更加分明&#xff1b;</p><p>2) 将1)中得出的线段连成平滑弧线的过程中更不容易将点全部画在曲线上&#xff0c;有更大的误差&#xff1b;</p><p>3) 四等分法用时较短&#xff0c;工作量低&#xff1b;</p><p>4) 四等分法难度较低&#xff0c;不需要过多辅助线来保证比例正确&#xff1b;同时画线数量小&#xff0c;辅助线不易相互交叠而影响绘图。</p>"
"ZAMmhwiXEeW3OCIAC44JnQ@10","39","CUG5f8QJEeWDvA7IZIDNqQ","<p>四等分绘图时间较短&#xff0c;八等分绘图时间较长&#xff1b;</p><p>八等分比四等分曲线更平滑&#xff1b;</p><p>八等分比四等分绘制更精确。</p>"
"ZAMmhwiXEeW3OCIAC44JnQ@8","39","CAsvTBfdEeWYoCIAC5MBcw","<ul><li>曲線平滑度: 相較四等分&#xff0c;八等分的拋物線較平滑&#xff0c;靠近頂點處也較圓滑</li><li>繪圖時間: 相較四等分&#xff0c;八等分的繪圖時間較多(至少多1倍)<br /></li></ul>"
"ZAMmhwiXEeW3OCIAC44JnQ@10","39","FEWaxln6EeWKaRJGciUWiw","四等分和八等分相比取得等分点要少&#xff0c;同理作的垂直线也相应少&#xff0c;画图时间短。<br />八等分相比四等分取得更多等分点和垂直线从而得到的相交点更多&#xff0c;这样表示出的抛物线上的点也更多&#xff0c;用曲线连接后平滑度更好&#xff0c;也更接近标准的抛物线&#xff0c;观感效果更好&#xff01;"
"ZAMmhwiXEeW3OCIAC44JnQ@10","39","7ebqWEKSEeWBGw50Rft1Mw",""
"ZAMmhwiXEeW3OCIAC44JnQ@8","39","nWz4GBb5EeWYoCIAC5MBcw","等分點越多&#xff0c;各交點越接近&#xff0c;越容易畫出平滑的拋物線。但也因為等分點多&#xff0c;所以所花費時間會較長。所以可因需求而選擇四等分或八等分。"
"ZAMmhwiXEeW3OCIAC44JnQ@10","39","j7Pls7hkEeWARArsHojuCw","<p>相较于八等份法&#xff0c;四等分法绘制出的抛物线&#xff1a;</p><p>1) 比较生硬&#xff0c;连结成的线段菱角更加分明&#xff1b;</p><p>2) 将1)中得出的线段连成平滑弧线的过程中更不容易将点全部画在曲线上&#xff0c;有更大的误差&#xff1b;</p><p>3) 四等分法用时较短&#xff0c;工作量低&#xff1b;</p><p>4) 四等分法难度较低&#xff0c;不需要过多辅助线来保证比例正确&#xff1b;同时画线数量小&#xff0c;辅助线不易相互交叠而影响绘图。</p>"
"ZAMmhwiXEeW3OCIAC44JnQ@10","39","TButwYITEeWL6AoNmIctaQ","八等份绘制辅助线比四等分时间长&#xff0c;但是曲线更准确平滑"
"ZAMmhwiXEeW3OCIAC44JnQ@10","39","lC81F1WjEeWpgBJUo9Z-Uw","四分法&#xff1a; 简单&#xff0c;精确度差&#xff1b;<br />八分法&#xff1a; 精确&#xff0c;耗时。"
"ZAMmhwiXEeW3OCIAC44JnQ@8","39","jILijRSnEeWd3iIAC7VAtA",""
"ZAMmhwiXEeW3OCIAC44JnQ@10","39","333zQywqEeWu2iIACucCZg","1.四等分绘制时间比八等分时间短得多。<br />2.四等分比較粗糙&#xff0c;八等分比較細比較有弧度&#xff0c;分得愈细&#xff0c;愈平滑准确。"
"ZAMmhwiXEeW3OCIAC44JnQ@10","39","EVoaamamEeWRsgp-oDfn8w","八等分作圖線條多&#xff0c;若圖形小會顯得過於複雜&#xff0c;因此四等分的繪圖時間很明顯的少了許多&#xff0c;但相對的曲線不如八等分繪製出的平滑。<br />綜合來說&#xff0c;我會選擇四等分作圖&#xff0c;可節省繪圖時間用來平順曲線&#xff0c;我認為結果並不會差於八等分作圖。<br /><br />"
"ZAMmhwiXEeW3OCIAC44JnQ@10","39","3Y7xF0-SEeWoNAol4TlMSw","<p>四等分所绘制出来的抛物线所需要的绘图时间比八等分绘图所需时间要长&#xff1b;</p><p>四等分较八等分绘图要快&#xff1b;</p><p>八等分较四等分的曲线要平滑许多&#xff0c;操作也更为复杂&#xff1b;</p><p>很显然&#xff0c;所取点数越多则所绘图形越精确&#xff1b;</p>"
"ZAMmhwiXEeW3OCIAC44JnQ@10","39","9kCxayo7EeWOKyIACimMGQ","八等分画法画出的抛物线较四等分法画的更平滑&#xff0c;更精确&#xff0c;用时也更长。"
"ZAMmhwiXEeW3OCIAC44JnQ@10","39","7wxvaWcdEeWfZAo8m5pcCw","由於四邊形法是利用x軸方向為等差數列&#xff0c;y軸方向為等差級數&#xff08;或差成等差數列&#xff09;的特性&#xff0c;因此八等分法描繪出的點固然會較四等分法來的更多且更為準確&#xff0c;而且平滑曲線連接距離越短失誤越少曲線自然平滑。<br />　　　　　　　　　&#xff5c;　四等分法　&#xff5c;　八等分法<br />　　　————————————————————<br />　　　　描點精確度&#xff5c;　　較低　　&#xff5c;　　較高<br />　　　　曲線平滑度&#xff5c;　　較低　　&#xff5c;　　較高<br />　　　　繪圖時間　&#xff5c;　　較短　　&#xff5c;　　較長<br /><br />"
"ZAMmhwiXEeW3OCIAC44JnQ@10","39","GY00xzxREeW2ASIACxeTpg","<p>在绘制抛物线尺寸相同的情况下&#xff0c;八等分法会产生更多交点&#xff0c;各点之间距离较近&#xff0c;因此绘制出的抛物线比四等分更加平滑&#xff1b;但绘制八等分线所需时间更长&#xff0c;在B、C点距离较短时绘制也有所不便。因此需要根据绘制的抛物线尺寸大小合理选取等分点的数量</p>"
"ZAMmhwiXEeW3OCIAC44JnQ@10","39","ZGS0a9VmEeW17wrgkMLDIQ","以四等分繪製之拋物線&#xff0c;繪製需要時間較少&#xff0c;但曲線平滑度較生硬&#xff1b;<br />以八等分繪製之拋物線&#xff0c;繪製時間較長&#xff0c;曲線平滑度較圓滑"
"ZAMmhwiXEeW3OCIAC44JnQ@10","39","qLu9L8J7EeWcswoHkJGdXQ","等分点越多&#xff0c;绘制出的抛物线就越精准。"
"ZAMmhwiXEeW3OCIAC44JnQ@10","39","JGGqF3IYEeWDzg4yGnIlTw","分成八等份的曲線平滑度比分成四等份的平滑度高&#xff0c;但是八等份畫的時間需要比較久"
"ZAMmhwiXEeW3OCIAC44JnQ@10","39","IyvqPJS1EeW0dw6k4EUmPw","相对而言&#xff0c;四等分简洁快速&#xff0c;八等分曲线更圆滑。相同大小的抛物线&#xff0c;取点越多越精确。"
"ZAMmhwiXEeW3OCIAC44JnQ@10","39","ORsk6PXJEeWi3hK4t5iOYw","八等份手绘出来的抛物线&#xff0c;曲线更加平滑连贯&#xff0c;但是用时较四等分的要长&#xff0c;而且八等分的抛物线在绘制的过程中由于辅助线条较多较容易出错<br />"
"ZAMmhwiXEeW3OCIAC44JnQ@10","39","PPhc_z6fEeWnMCIAC9gGzQ",""
"ZAMmhwiXEeW3OCIAC44JnQ@9","39","1yffDyPnEeWmISIAC9QOog","四等分的抛物线画起来相对简单&#xff0c;但是曲线连接起来相对来说没有那么平滑<br />而八等分的抛物线画起来相对麻烦很多&#xff0c;但是曲线连接起来会很平滑"
"ZAMmhwiXEeW3OCIAC44JnQ@10","39","seEs13VsEeWqXg7D-Kwb-Q","八等分繪製時間較久&#xff0c;但是也較精準"
"ZAMmhwiXEeW3OCIAC44JnQ@10","39","MVeXGJ6JEeWuXAoPCBK-bw","四等分拋物線交點較少&#xff0c;繪製平滑度較差&#xff0c;八等分拋物線連線即可繪製較平滑曲線&#xff0c;惟繪圖時間而言四等分較為快速&#xff0e;"
"ZAMmhwiXEeW3OCIAC44JnQ@9","39","pIxgNh8XEeWM2iIAC0KUpw","找出所有點之後&#xff0c;我刻意用直尺連出紅線&#xff0c;可以看出八等分的拋物線明顯的更加滑順&#xff0c;較多的點提供較多的細節&#xff0c;繪製出的拋物線也更趨近於連貫的曲線&#xff0c;四等分的雖然省時&#xff0c;但較不細膩&#xff0c;明顯的看出銳利的轉折。"
"ZAMmhwiXEeW3OCIAC44JnQ@10","39","aU5sdjuOEeWGtiIAC7XhOg","因為教學視頻中是畫圓弧&#xff0c;所以做作業的時候使用的是尺規作圖【圓規幾年沒用了略有些距離差錯】 但是好像大家都是徒手畫&#xff0c;(⊙o⊙)<br /><br />兩個圓弧是同等尺寸的&#xff0c;四等分大概比八等份快2min左右。<br /><br />【后来看到了要求故重新画了一遍&#xff0c;在下半部分】<br /><br />繪製時弧度大的地方比較圓滑精準&#xff0c;向外側延伸呈直線趨勢的後側則需要繼續加工修煉。此處八等份比四等分會更直一些<br /><br /><br />徒手作图好难&#xff0c;虽然互评的时候一直写的是【需要多花时间】但是好像两张图画了一个多钟还是不行》《底子不好这点是硬伤。"
"ZAMmhwiXEeW3OCIAC44JnQ@10","39","4dw0SCo7EeWmViIAC5MTmg","八等分画法画出的抛物线较四等分法画的更平滑&#xff0c;更精确&#xff0c;用时也更长。"
"ZAMmhwiXEeW3OCIAC44JnQ@9","39","UppPoSEhEeWd3iIAC7VAtA","八等分的曲线更平滑精确接近真实曲线&#xff0c;但是绘制难度较大耗时较长"
"ZAMmhwiXEeW3OCIAC44JnQ@10","39","vW58zd_ZEeWw6g4ZTeTCzQ","八等分曲線較四等分平滑&#xff0c;八等分曲線繪製較四等分費時&#xff0c;(四等分:18分鐘&#xff0c;八等分31分鐘)"
"ZAMmhwiXEeW3OCIAC44JnQ@9","39","mijb8x4_EeWA7CIAC5WDNQ","就曲線平滑度而言&#xff0c;以八等分繪製出來的拋物線&#xff0c;相較於四等分繪製出來的拋物線&#xff0c;線條較為平滑、精確&#xff1b;<br />而繪圖時間的部分&#xff0c;以四等分繪製較以八等分繪製更快速。"
"ZAMmhwiXEeW3OCIAC44JnQ@10","39","BnPaIUNtEeWxOxIbgUSIFQ","八等分抛物线&#xff0c;更费时&#xff0c;但是线更加准确圆滑。"
"ZAMmhwiXEeW3OCIAC44JnQ@9","39","iKNYCyDUEeWA7CIAC5WDNQ","八等分&#xff1a;分点多&#xff0c;所以更精确&#xff0c;更加平滑&#xff0c;但是比较费时间<br />四等分较快&#xff0c;但线较难掌控&#xff0c;相较于八等分&#xff0c;图越大&#xff0c;越不够平滑"
"ZAMmhwiXEeW3OCIAC44JnQ@10","39","SHyn-Ch9EeWHPSIAC7MNfg","四等分比較粗糙&#xff0c;八等分比較細比較有弧度&#xff01;"
"ZAMmhwiXEeW3OCIAC44JnQ@10","39","DINPHmWhEeWn7w41YP_VgQ","曲線平滑度 : 4等分&lt;8等分   <br />    繪圖時間 : 4等分&lt;8等分<br />  成就感(!?) : 4等分&lt;8等分"
"ZAMmhwiXEeW3OCIAC44JnQ@10","39","8yZFYUkkEeWUBw792DK9fQ","相比四等分绘法&#xff0c;八等分有多出一倍的交汇点用来连接成抛物线&#xff0c;画出的曲线更平滑&#xff0c;但是绘图量多出一倍。"
"ZAMmhwiXEeW3OCIAC44JnQ@10","39","r3cMON_ZEeWeeQ7TUam9FQ","八等分曲線較四等分平滑&#xff0c;八等分曲線繪製較四等分費時&#xff0c;(四等分:18分鐘&#xff0c;八等分31分鐘)"
"ZAMmhwiXEeW3OCIAC44JnQ@10","39","S-DjgFlgEeW8nxIOF_9POw","四分法&#xff1a; 較簡單 較不準確<br />八分法&#xff1a; 較繁複 較準確"
"ZAMmhwiXEeW3OCIAC44JnQ@10","39","MrEgR7hjEeWGphLhfbPAyQ",""
"ZAMmhwiXEeW3OCIAC44JnQ@10","39","disR50tXEeWpgBJUo9Z-Uw","画八等分的时候由于斜线多&#xff0c;会相互影响&#xff0c;更容易画偏&#xff0c;我觉得八等分没有四等分好看了。<br />"
"ZAMmhwiXEeW3OCIAC44JnQ@10","39","7SpQySjQEeWmXSIAC00EeA","以八等分绘制&#xff0c;在最后连结各个交点时更容易一些。以八等分绘制的整体所用时间多了。另外&#xff0c;以八等分绘出的抛物线比以四等分绘出的抛物线定位更精准一些&#xff0c;但是连结点多了&#xff0c;弧线本身的圆滑度却降低了。"
"ZAMmhwiXEeW3OCIAC44JnQ@8","39","llhK6RdMEeWM2iIAC0KUpw","八等分比四等分更加的精緻 更接近拋物線"
"ZAMmhwiXEeW3OCIAC44JnQ@10","39","zAtyXybgEeWerCIAC1CI_g","八等份的线条更加平滑&#xff0c;但是绘图时间较长&#xff0c;在实际中可以根据精度的需要和时间的需要绘图&#xff0c;如果精度要求高。肯以适当的增加等分的次数。"
"ZAMmhwiXEeW3OCIAC44JnQ@10","39","FzTy2Vn6EeWWvApdRud_EQ","四等分和八等分相比取得等分点要少&#xff0c;同理作的垂直线也相应少&#xff0c;画图时间短。<br />八等分相比四等分取得更多等分点和垂直线从而得到的相交点更多&#xff0c;这样表示出的抛物线上的点也更多&#xff0c;用曲线连接后平滑度更好&#xff0c;也更接近标准的抛物线&#xff0c;观感效果更好&#xff01;"
"ZAMmhwiXEeW3OCIAC44JnQ@10","39","BP0vHlQBEeWbVQrsfyQbuw","四等分&#xff1a;繪畫速度上比較快&#xff0c;曲線平滑度較差<br />八等分&#xff1a;繪畫速度上比較慢&#xff0c;曲線平滑度較好"
"ZAMmhwiXEeW3OCIAC44JnQ@10","39","1SfFXFoTEeWkVgp3YUjFSw","八等分的比四等分的更加的圆润"
"ZAMmhwiXEeW3OCIAC44JnQ@10","39","ChYWb0ACEeW1pBJNnBi9Yw","八等份比四等分抛物线更平滑  绘图时间更久"
"ZAMmhwiXEeW3OCIAC44JnQ@10","39","-sfxJW26EeWPJBI9QEQKiQ","曲線平滑度&#xff1a;八等分&gt;四等分<br />繪圖時間&#xff1a;八等分&gt;四等分"
"ZAMmhwiXEeW3OCIAC44JnQ@10","39","zeC2xl1JEeWtThIg5CtnjQ","四等分的抛物线较为粗糙&#xff0c;绘制也较容易&#xff1b;<br />八等分的抛物线比较平滑&#xff0c;绘制也比较麻烦。<br />"
"ZAMmhwiXEeW3OCIAC44JnQ@10","39","Pop-IkhdEeWUBw792DK9fQ","四等分绘制出的抛物线没有八等分绘制出的平滑&#xff0c;但是八等分辅助线比较多&#xff0c;也比较密集&#xff0c;连接时候需要很缓慢的做&#xff0c;耗费时间多。"
"ZAMmhwiXEeW3OCIAC44JnQ@10","39","3UwkcCbhEeWSQSIAC5cRKQ","八等分绘制出来的抛物线线条更为平滑精确&#xff0c;因为取了更多的焦点。当然与此同时因为绘制的等分点比四等分多&#xff0c;绘图时间也相应更多。"
"ZAMmhwiXEeW3OCIAC44JnQ@10","39","BE04fylQEeWo2yIACzUEBg","8等分抛物线绘制时间长&#xff0c;较平滑"
"ZAMmhwiXEeW3OCIAC44JnQ@8","39","KWHk4hfhEeWmISIAC9QOog","<ul><li>曲線平滑度: 相較四等分&#xff0c;八等分的拋物線較平滑&#xff0c;靠近頂點處也較圓滑</li><li>繪圖時間: 相較四等分&#xff0c;八等分的繪圖時間較多(至少多1倍)<br /></li><li>理論上&#xff0c;畫出拋物線的四等分、八等分的交點應該左右對稱&#xff0c;但此手繪圖稿的交點對稱性還有改善空間(目前此圖稿離頂點越遠&#xff0c;對稱性越欠佳)。因此&#xff0c;等分點、等分線直線的繪製要更精準&#xff0c;宜考量使用量尺等工具&#xff0c;才能快速、正確、繪出左右對稱的交點&#xff0c;再繪出更精準的拋物線。</li></ul>"
"ZAMmhwiXEeW3OCIAC44JnQ@10","39","LO2FvFHxEeWoNAol4TlMSw","曲線平滑度八等分較高繪圖時間也較四等分長<br /><br />"
"ZAMmhwiXEeW3OCIAC44JnQ@10","39","NxO6Vz6fEeWidSIAC7TGaQ",""
"ZAMmhwiXEeW3OCIAC44JnQ@10","39","6dL1XGzCEeWqXg7D-Kwb-Q","八等分曲線較為平滑&#xff0c;但繪圖時間較久"
"ZAMmhwiXEeW3OCIAC44JnQ@10","39","5BMP6EscEeWoNAol4TlMSw","图片变形&#xff0c;请右键新标签打开。"
"ZAMmhwiXEeW3OCIAC44JnQ@10","39","VEB5WNVmEeWQzA7MOZsNDQ","以四等分繪製之拋物線&#xff0c;繪製需要時間較少&#xff0c;但曲線平滑度較生硬&#xff1b;<br />以八等分繪製之拋物線&#xff0c;繪製時間較長&#xff0c;曲線平滑度較圓滑"
"ZAMmhwiXEeW3OCIAC44JnQ@10","39","ITgtaZNzEeWTngq0Jd-yuQ","<ul><li>八等分法绘制的抛物线更加平滑&#xff0c;但耗时更长</li><li>四等分发绘制的抛物线相对不太平滑&#xff0c;耗时较短</li></ul>"
"ZAMmhwiXEeW3OCIAC44JnQ@10","39","gnjWfDpQEeWm9SIAC5HAew","四等分的抛物线绘制时间更短&#xff0c;但因为选取的点较少&#xff0c;所以准确度会相对较低。八等分的抛物线有更多的点可以选取&#xff0c;所以准确度会更高一些。但八等分绘制抛物线花费时间较长&#xff0c;而且在选取各等分点及绘制垂线时&#xff0c;也容易因为“手滑”导致误差。"
"ZAMmhwiXEeW3OCIAC44JnQ@10","39","CZpTNEyIEeWBRg5dvElQww","  由于八等分有更多的交汇点&#xff0c;所以画出来的抛物线更加平滑准确&#xff0c;但是同时画起来更麻烦"
"ZAMmhwiXEeW3OCIAC44JnQ@10","39","Dsn1_jQhEeWj5iIACwIAYw","八等分繪製出來的拋物線較之四等分繪製出的拋物線曲線更為平滑&#xff0c;且繪圖所耗時間較長。"
"ZAMmhwiXEeW3OCIAC44JnQ@10","39","GdISgibiEeWHPSIAC7MNfg","八等分绘制出来的抛物线线条更为平滑精确&#xff0c;因为取了更多的焦点。当然与此同时因为绘制的等分点比四等分多&#xff0c;绘图时间也相应更多。"
"ZAMmhwiXEeW3OCIAC44JnQ@10","39","QLQdAikxEeWmXSIAC00EeA","<strong></strong>四等分繪製時間相對較快  但精準度也相對於八等分的拋物線來說沒辦法抓得那麼精準<br />曲線來說八等分的會比較好抓到曲線的走向  平滑度也會較為滑順"
"ZAMmhwiXEeW3OCIAC44JnQ@10","39","687lIDc0EeWV8SIACyyfnQ",""
"ZAMmhwiXEeW3OCIAC44JnQ@10","39","ci1gdV0-EeW-tBLRsFjxBw","四等分绘制抛物线速度快&#xff0c;但是曲线不够平滑&#xff1b;八等分绘制抛物线平滑精细&#xff0c;但是需要耗费更多时间"
"ZAMmhwiXEeW3OCIAC44JnQ@10","39","U6ITCmcWEeW4MQo4aS2dkw","分越多點(耗時越多)&#xff0c;畫出的線越接近拋物線(平滑)"
"ZAMmhwiXEeW3OCIAC44JnQ@10","39","yeHvNUsdEeWUBw792DK9fQ","四等分与八等分绘制相比&#xff0c;前者工作量会较小但是相对的曲线准确度与平滑度会有很大折扣。而八等分虽然在工作量上有比较大的增加但是曲线的准确度与平滑度都有了较大的改善。<br /><br />在无限等分时所绘曲线将会无限接近于目标曲线。"
"ZAMmhwiXEeW3OCIAC44JnQ@10","39","BFJdCrOPEeWiXxLB9mtqCw","四等分的抛物线比较多由曲线组成&#xff0c;而八等分的抛物线由于点比较多&#xff0c;线段之间比较短&#xff0c;所以曲线平滑度比四等分的高&#xff0c;但是八等分的绘图时间比久&#xff0c;因为需要等分直线为八份。<br />"
"ZAMmhwiXEeW3OCIAC44JnQ@10","39","EWpTsWzWEeWpCwrPNVXTlw","八等分需花較多時間繪製 但繪製出來的圖形比較平滑 因為點和點之間距離較小"
"ZAMmhwiXEeW3OCIAC44JnQ@10","39","nEjTziVeEeWAsyIACnuV7A","总体上差不多&#xff0c;八等分的更精确一些。如果画的比较圆润&#xff0c;二者是几乎一样的。八等分更圆滑一些&#xff0c;但也花了比四等分更长的时间。但由于是先画的四等分图&#xff0c;所以&#xff0c;画八等分的时候&#xff0c;比较有经验了&#xff0c;也没有花很长时间。"
"ZAMmhwiXEeW3OCIAC44JnQ@10","39","bxXMm1TtEeWbVQrsfyQbuw","四等分绘制过程比较简单&#xff0c;省时省力&#xff0c;但是绘制出的抛物线平滑度较差。<br />八等分绘制耗时较长&#xff0c;但绘制出的抛物线较为平滑。"
"ZAMmhwiXEeW3OCIAC44JnQ@10","39","bz4GO5J2EeWb8A4PYD_NBw","<ol><li>曲線平滑度&#xff1a;八等分比四等分平滑</li><li>繪圖時間:八等分耗时更長<br /></li></ol>"
"ZAMmhwiXEeW3OCIAC44JnQ@10","39","0MODqScCEeWmXSIAC00EeA","The eight equal dividsion take longer time to sketch but it will give smoother curve than the four equal division."
"ZAMmhwiXEeW3OCIAC44JnQ@9","39","ZScuHyOPEeWd3iIAC7VAtA","it takes a longer time to draw the 八等分拋物線 because every single reference line has to be parallel to each other, also, it is difficult to connect each reference line to the center point, but this 八等分繪製出來的兩個拋物線 is more precise and the curve is more 平滑."
"ZAMmhwiXEeW3OCIAC44JnQ@10","39","zkFiP0ImEeWBHArcQOD9cw","四等分曲线平滑度不如八等分&#xff0c;绘图时间四等分较少"
"ZAMmhwiXEeW3OCIAC44JnQ@10","39","I9T0bjLgEeWNVyIAC0uErA","四等分手绘抛物线_余锦"
"ZAMmhwiXEeW3OCIAC44JnQ@10","39","TI_SGmcmEeW4ng7YWNlcxQ","曲線平滑度:八等分&gt;四等分<br />繪圖時間:八等分&gt;四等分<br />精確度:八等分&gt;四等分"
"ZAMmhwiXEeW3OCIAC44JnQ@10","39","bGiuUD6fEeWGtiIAC7XhOg","四等分與八等分繪製出來的兩個拋物線相比&#xff0c;後者有更多參考點&#xff0c;曲線更為平滑&#xff0c;精確度更高"
"ZAMmhwiXEeW3OCIAC44JnQ@10","39","f5OiRFWjEeWbVQrsfyQbuw","四分法&#xff1a; 简单&#xff0c;精确度差&#xff1b;<br />八分法&#xff1a; 精确&#xff0c;耗时。"
"ZAMmhwiXEeW3OCIAC44JnQ@10","39","jQSJ40KAEeWWIQr4OsvVww","八等分绘制出来的相对于四等分绘制出来的抛物线平滑一些。"
"ZAMmhwiXEeW3OCIAC44JnQ@10","39","BIyTRzisEeWPACIACw4G5w","<ol><li><em>平滑度&#xff1b;</em><strong></strong>8等分由于点更多抛物线更平滑&#xff0c;更趋向理论抛物线</li><li>时间&#xff1b;由于点的增加绘图时间很相应增加</li><li>难度&#xff1b;4等分&lt;8等分</li></ol>"
"ZAMmhwiXEeW3OCIAC44JnQ@10","39","yYHzRSlPEeWuEiIACxeVug",""
"ZAMmhwiXEeW3OCIAC44JnQ@10","39","3OeH1y9IEeWBXCIACyUiNQ","八等份抛物线较四等分抛物线更为平滑&#xff0c;绘图时间更长。"
"ZAMmhwiXEeW3OCIAC44JnQ@10","39","f7tTbI9AEeWtaw5Yq7jxwQ","自然的&#xff0c;八等分比教精細且圓滑&#xff0c;相對耗費時機多了點"
"ZAMmhwiXEeW3OCIAC44JnQ@8","39","zn86khWLEeWd3iIAC7VAtA","四等分绘图时间比较短&#xff0c;但是画出来的抛物线线条棱角比较分明&#xff0c;需要自己揣摩圆滑度&#xff0c;精确度相对低。八等分绘图时间比较长&#xff0c;画出来的抛物线线条棱角没那么分明&#xff0c;相对比较圆滑&#xff0c;精确度比较高。"
"ZAMmhwiXEeW3OCIAC44JnQ@9","39","3J8WOR5tEeWA7CIAC5WDNQ","四等分与八等分绘制抛物线的差异&#xff1a;个人认为四等分所绘制的抛物线优点是绘制起来更方便简洁&#xff0c;缺点是所绘抛物线精确度不高&#xff0c;不是这么平滑&#xff1b;而八等分所绘制的抛物线优点是更加平滑与圆润&#xff0c;缺点是在绘制时稍加麻烦一点&#xff0c;因为等分点增多了。"
"ZAMmhwiXEeW3OCIAC44JnQ@10","39","7MgWAioPEeWIZyIAC0iPQg","8等份的平滑度較好, 時間也花費較長<br />"
"ZAMmhwiXEeW3OCIAC44JnQ@10","39","kmQMkMCyEeWB_BLnpYI0Bw",""
"ZAMmhwiXEeW3OCIAC44JnQ@10","39","JGhemJNzEeW9ThKFn3E1-Q","<ul><li>八等分法绘制的抛物线更加平滑&#xff0c;但耗时更长</li><li>四等分发绘制的抛物线相对不太平滑&#xff0c;耗时较短</li></ul>"
"ZAMmhwiXEeW3OCIAC44JnQ@10","39","57PedybhEeWerCIAC1CI_g","八等分绘制出来的抛物线线条更为平滑精确&#xff0c;因为取了更多的焦点。当然与此同时因为绘制的等分点比四等分多&#xff0c;绘图时间也相应更多。"
"ZAMmhwiXEeW3OCIAC44JnQ@10","39","6uvucTWjEeWddiIAC9pDDA",""
"ZAMmhwiXEeW3OCIAC44JnQ@10","39","D22JWLOPEeWacw7zR2f1aQ","四等分的抛物线比较多由曲线组成&#xff0c;而八等分的抛物线由于点比较多&#xff0c;线段之间比较短&#xff0c;所以曲线平滑度比四等分的高&#xff0c;但是八等分的绘图时间比久&#xff0c;因为需要等分直线为八份。<br />"
"ZAMmhwiXEeW3OCIAC44JnQ@10","39","P5bGXnMDEeWgtQq7brjg6Q","<p>8等分线条过渡会比4等分好&#xff0c;并且更加精确。</p>"
"ZAMmhwiXEeW3OCIAC44JnQ@10","39","x0FfO8CyEeW4VAonMO7H9Q","八等分的拋物線更加平滑&#xff0c;精確"
"ZAMmhwiXEeW3OCIAC44JnQ@10","39","6PLPy01pEeWxHxIGetKceQ","四等分抛物線&#xff1a;繪製時間快&#xff0c;錯誤少&#xff0c;但較爲粗略&#xff1b;<br /><br />八等分抛物線&#xff1a;繪製時間慢&#xff0c;容易出錯&#xff0c;但成圖曲線更圓滑"
"ZAMmhwiXEeW3OCIAC44JnQ@9","39","rTnzpiDUEeWHGCIACznL2w","八等分&#xff1a;分点多&#xff0c;所以更精确&#xff0c;更加平滑&#xff0c;但是比较费时间<br />四等分较快&#xff0c;但线较难掌控&#xff0c;相较于八等分&#xff0c;图越大&#xff0c;越不够平滑"
"ZAMmhwiXEeW3OCIAC44JnQ@8","39","6kT5oxfgEeWd3iIAC7VAtA","<ul><li>曲線平滑度: 相較四等分&#xff0c;八等分的拋物線較平滑&#xff0c;靠近頂點處也較圓滑</li><li>繪圖時間: 相較四等分&#xff0c;八等分的繪圖時間較多(至少多1倍)<br /></li><li>理論上&#xff0c;畫出拋物線的四等分、八等分的交點應該左右對稱&#xff0c;但此手繪圖稿的交點對稱性還有改善空間(目前此圖稿離頂點越遠&#xff0c;對稱性越欠佳)。因此&#xff0c;等分點、等分線直線的繪製要更精準&#xff0c;宜考量使用量尺等工具&#xff0c;才能快速、正確、繪出左右對稱的交點&#xff0c;再繪出拋物線。</li></ul>"
"ZAMmhwiXEeW3OCIAC44JnQ@10","39","ROIGbiwqEeWeoSIAC0aC-w","四等分绘制时间比八等分时间短得多&#xff0c;但曲线平滑度则差得多。分得愈细&#xff0c;愈平滑准确&#xff0c;但耗时越长。"
"ZAMmhwiXEeW3OCIAC44JnQ@9","39","wx1v1h-hEeWM2iIAC0KUpw","四等分&#xff1a;作图比较快&#xff0c;绘制较小尺寸的抛物线的时候可以用&#xff0c;如果尺寸大一些就会不光滑。<br />八等分&#xff1a;作图更慢一些&#xff0c;但是比四等分精确&#xff0c;绘制尺寸大一些的图的时候用这个效果会比四等分要好&#xff0c;但是绘制尺寸较小的图时辅助线太乱&#xff0c;看起来会很不方便。<br />我觉得等分的数量还是要根据具体情况考虑&#xff0c;看需要的抛物线尺寸大小如何&#xff0c;需要的精确度高不高&#xff0c;还有就是画图的时间。"
"ZAMmhwiXEeW3OCIAC44JnQ@10","39","HD6iDTQhEeWj5iIACwIAYw","八等分繪製出來的拋物線較之四等分繪製出的拋物線曲線更為平滑&#xff0c;且繪圖所耗時間較長。"
"ZAMmhwiXEeW3OCIAC44JnQ@10","39","OhGk3SbhEeWmXSIAC00EeA","八等分绘制出来的抛物线线条更为平滑精确&#xff0c;因为取了更多的焦点。当然与此同时因为绘制的等分点比四等分多&#xff0c;绘图时间也相应更多。"
"ZAMmhwiXEeW3OCIAC44JnQ@10","39","TMQTnlxsEeWKwA728QcdyQ",""
"ZAMmhwiXEeW3OCIAC44JnQ@10","39","Ghq4rLhjEeWARArsHojuCw",""
"ZAMmhwiXEeW3OCIAC44JnQ@10","39","b1sQdEPHEeWySA6VF2_0Lw","八分的更加平滑&#xff0c;四分的绘制时间较短&#xff0c;易于连接"
"ZAMmhwiXEeW3OCIAC44JnQ@10","39","-sX60VQAEeWbVQrsfyQbuw","四等分&#xff1a;繪畫速度上比較快&#xff0c;曲線平滑度較差<br />八等分&#xff1a;繪畫速度上比較慢&#xff0c;曲線平滑度較好"
"ZAMmhwiXEeW3OCIAC44JnQ@10","39","qu_15JaeEeWy0Q7ABZMsnQ","八等分繪製出來的拋物線較平滑且精細&#xff0c;但較複雜時間需要較久"
"ZAMmhwiXEeW3OCIAC44JnQ@10","39","qw2rMi0ZEeWyOiIAC7aEiQ","1.繪製時間&#xff1a;八等份比四等份較為耗時<br /><br />2.曲線平滑度&#xff1a;八等份由於分的比較細&#xff0c;曲線平滑度比四等份還要好<br />"
"ZAMmhwiXEeW3OCIAC44JnQ@10","39","Hs0x1mdAEeW4ng7YWNlcxQ","四等分與八等分皆可畫出很漂亮的拋物線&#xff0c;八等分雖較為平滑&#xff0c;但繪製較為麻煩&#xff0c;繪圖時間較長&#xff0c;效益並不高。"
"ZAMmhwiXEeW3OCIAC44JnQ@10","39","w_to4MTgEeW_BRLjpUoXzQ","8等分平滑度比4等分更高"
"ZAMmhwiXEeW3OCIAC44JnQ@10","39","8sudp2W-EeWRsgp-oDfn8w","四等分的拋物線所花費時間較短<br />八等分的拋物線的曲線較為圓潤"
"ZAMmhwiXEeW3OCIAC44JnQ@10","39","iLjsTmHFEeW9lgqcHapJBw",""
"ZAMmhwiXEeW3OCIAC44JnQ@9","39","_-AviSnlEeWmViIAC5MTmg","四等分&#xff1a;作图比较快&#xff0c;绘制较小尺寸的抛物线的时候可以用&#xff0c;如果尺寸大一些就会不光滑。<br />八等分&#xff1a;作图更慢一些&#xff0c;但是比四等分精确&#xff0c;绘制尺寸大一些的图的时候用这个效果会比四等分要好&#xff0c;但是绘制尺寸较小的图时辅助线太乱&#xff0c;看起来会很不方便。<br />我觉得等分的数量还是要根据具体情况考虑&#xff0c;看需要的抛物线尺寸大小如何&#xff0c;需要的精确度高不高&#xff0c;还有就是画图的时间。"
"ZAMmhwiXEeW3OCIAC44JnQ@10","39","JJ2lpViZEeW3_Ao_CntTvw","八等分画抛物线&#xff0c;相邻抛物线上交点距离更近&#xff0c;所以抛物线的弧度过度更平滑&#xff0c;更准确。绘制过程相比四等分画法繁琐些&#xff0c;多出好几条垂直延伸线。"
"ZAMmhwiXEeW3OCIAC44JnQ@10","39","XVlla5NzEeW70BJZtLVfGQ","<ul><li>八等分法绘制的抛物线更加平滑&#xff0c;但耗时更长</li><li>四等分发绘制的抛物线相对不太平滑&#xff0c;耗时较短</li></ul>"
"ZAMmhwiXEeW3OCIAC44JnQ@10","39","yrRR2oIUEeWXhBLVaZurhQ","八等份法绘制辅助线比四等分复杂且时间更长<br />八分法由此得到的辅助点更多&#xff0c;因此曲线更为准确平滑&#xff0c;而四分法则曲线相对不准确&#xff0c;偏差较大。"
"ZAMmhwiXEeW3OCIAC44JnQ@9","39","VN6hiSOPEeWA7CIAC5WDNQ","it takes a longer time to draw the 八等分拋物線 because every single reference line has to be parallel to each other, also, it is difficult to connect each reference line to the center point, but this 八等分繪製出來的兩個拋物線 is more precise and the curve is more 平滑."
"ZAMmhwiXEeW3OCIAC44JnQ@10","39","yDKRO2B3EeW9SwpOIwYy_Q","与四等分相比&#xff0c;八等分的抛物线更加精准&#xff0c;曲线平滑度更平滑&#xff0c;绘画时间同时更长。"
"ZAMmhwiXEeW3OCIAC44JnQ@10","39","9_neEcogEeWlTA6yOEEJIQ","四等分绘制抛物线相对比较简便&#xff0c;步骤少&#xff0c;节约时间&#xff0c;但问题是线条的平滑度不足&#xff0c;比较生硬&#xff1b;<br />八等分绘制的抛物线非常平顺&#xff0c;但问题是比较耗时耗力。"
"ZAMmhwiXEeW3OCIAC44JnQ@10","39","e8uyfE1pEeWUBw792DK9fQ","四等分抛物線&#xff1a;繪製時間快&#xff0c;錯誤少&#xff0c;但較爲粗略&#xff1b;<br /><br />八等分抛物線&#xff1a;繪製時間慢&#xff0c;容易出錯&#xff0c;但成圖曲線更圓滑"
"ZAMmhwiXEeW3OCIAC44JnQ@10","39","vXaXRG8vEeWqXg7D-Kwb-Q","八等分繪圖時間更久&#xff0c;更加平滑&#xff0c;更加接近真實。"
"ZAMmhwiXEeW3OCIAC44JnQ@10","39","X4CWQTN5EeWF2iIACyygBg",""
"ZAMmhwiXEeW3OCIAC44JnQ@10","39","QLaQNUKTEeW1sBLx200YMw","八等分拋物線比四等分拋物線平滑"
"ZAMmhwiXEeW3OCIAC44JnQ@10","39","9m8UhYPMEeW9yQ6NDqh2LQ",""
"ZAMmhwiXEeW3OCIAC44JnQ@9","39","KrLC6R1sEeWYoCIAC5MBcw","八等分绘制的抛物线比四等分的要光滑很多&#xff0c;费时也较多。"
"ZAMmhwiXEeW3OCIAC44JnQ@10","39","rnxQc08YEeWbVQrsfyQbuw","四等分繪畫時間較快但曲線平滑度底, 而八等分繪畫較複雜但曲線非常平滑且準確性高"
"ZAMmhwiXEeW3OCIAC44JnQ@10","39","bfSZa2BoEeWvvQ62NDrKxQ","八等份绘制属于前期工作比较长&#xff0c;但是曲线更平滑&#xff0c;比四等分绘制更容易绘制<br />"
"ZAMmhwiXEeW3OCIAC44JnQ@9","39","0SMVLx1zEeWmISIAC9QOog","四等分作图较快&#xff0c;需要做的等分点少&#xff0c;但是做出的曲线不太光滑&#xff0c;精度没有用八等份点做出的图高"
"ZAMmhwiXEeW3OCIAC44JnQ@10","39","rejxBTh9EeWddiIAC9pDDA","八等分的抛物线明显比四等分更平滑&#xff0c;但绘图时间更长&#xff0c;而且要求更高得精细度"
"ZAMmhwiXEeW3OCIAC44JnQ@9","39","Qm7Qix1sEeWA7CIAC5WDNQ","八等分绘制的抛物线比四等分的要光滑很多&#xff0c;费时也较多。"
"ZAMmhwiXEeW3OCIAC44JnQ@10","39","3ANpbS9IEeWOkCIAC4UG7w","八等份抛物线较四等分抛物线更为平滑&#xff0c;绘图时间更长。"
"ZAMmhwiXEeW3OCIAC44JnQ@10","39","hjg5MrTlEeW2dA51rBQ9Ew","八等份的平滑度要比四等分好的多&#xff0c;但绘制时间要比四等分长很多&#xff0c;如果抛物线较小建议用四等分&#xff0c;如果抛物线较大等分越多画出的效果越好。"
"ZAMmhwiXEeW3OCIAC44JnQ@10","39","tvAJmzh9EeWV8SIACyyfnQ","八等分的抛物线明显比四等分更平滑&#xff0c;但绘图时间更长&#xff0c;而且要求更高得精细度"
"ZAMmhwiXEeW3OCIAC44JnQ@10","39","6MDVgjQUEeWF2iIACyygBg","八等分繪製出來的拋物線較之四等分繪製出的拋物線曲線更為平滑&#xff0c;且繪圖所耗時間較長。"
"ZAMmhwiXEeW3OCIAC44JnQ@10","39","XWSZOF6VEeWvvQ62NDrKxQ","手绘抛物线时&#xff0c;四分会更加快捷曲线线形状上可能没有八分来的精细&#xff0c;但是八分会更加耗时间、过多的线夹杂在一起也会导致画面不好看&#xff0c;所以小抛物线绘制可以选择四分&#xff0c;抛物线越大可以相应选用八分甚至更大"
"ZAMmhwiXEeW3OCIAC44JnQ@10","39","V1y_AIPFEeWwyg6oWwzVsw","<strong></strong>四等分所绘抛物线&#xff0c;用时少&#xff0c;线条简单&#xff0c;但是精准度与平滑度不够<br />八等份所绘抛物线&#xff0c;比较精准而且平滑&#xff0c;但是线条复杂&#xff0c;用时较多"
"ZAMmhwiXEeW3OCIAC44JnQ@10","39","O4crQzymEeWeYyIAC1WQXA",""
"ZAMmhwiXEeW3OCIAC44JnQ@10","39","kWpBSyceEeWerCIAC1CI_g","平滑度不一样"
"ZAMmhwiXEeW3OCIAC44JnQ@10","39","M3yQRzJyEeWF2iIACyygBg",""
"ZAMmhwiXEeW3OCIAC44JnQ@10","39","AugzdWWhEeWRsgp-oDfn8w","曲線平滑度 : 4等分&lt;8等分   <br />    繪圖時間 : 4等分&lt;8等分<br />  成就感(!?) : 4等分&lt;8等分"
"ZAMmhwiXEeW3OCIAC44JnQ@10","39","CpgjK-t9EeWqSQ7kx0rpLQ","四等分&#xff1a;耗时短&#xff0c;曲线不够平滑&#xff0c;与真实抛物线差距较大&#xff1b;<br />八等分&#xff1a;耗时长&#xff0c;曲线较为平滑&#xff0c;与真实抛物线差距较小。<br />"
"ZAMmhwiXEeW3OCIAC44JnQ@9","39","aHijJSOPEeWYoCIAC5MBcw","it takes a longer time to draw the 八等分拋物線 because every single reference line has to be parallel to each other, also, it is difficult to connect each reference line to the center point, but this 八等分繪製出來的兩個拋物線 is more precise and the curve is more 平滑."
"ZAMmhwiXEeW3OCIAC44JnQ@10","39","v0R3WoIUEeWL6AoNmIctaQ","八等份法绘制辅助线比四等分复杂且时间更长<br />八分法由此得到的辅助点更多&#xff0c;因此曲线更为准确平滑&#xff0c;而四分法则曲线相对不准确&#xff0c;偏差较大。"
"ZAMmhwiXEeW3OCIAC44JnQ@10","39","Z6Cw_ZkXEeWJSQr5zqhI6w","八等分点绘制法最后一步绘制曲线的时候相对于四等分法更容易&#xff0c;曲线也更平滑。在需要节省时间&#xff0c;对作图要求不是很高的情况下可以优先考虑少等分点。"
"ZAMmhwiXEeW3OCIAC44JnQ@10","39","AZSvqGdkEeW_BRK9nue8nw","八等分畫出的拋物線曲線平滑度大於四等分畫出的拋物線曲線平滑度八等分所需的繪圖時間大於四等分的<br />而精確度則是八等分所繪之拋物線大於四等分<br />"
"ZAMmhwiXEeW3OCIAC44JnQ@10","39","6LJzzyk2EeWHPSIAC7MNfg","<strong></strong>四等分繪製時間相對較快  但精準度也相對於八等分的拋物線來說沒辦法抓得那麼精準<br />曲線來說八等分的會比較好抓到曲線的走向  平滑度也會較為滑順"
"ZAMmhwiXEeW3OCIAC44JnQ@10","39","k1yIGUKAEeWH9A5JyVdXvQ","八等分绘制出来的相对于四等分绘制出来的抛物线平滑一些。"
"ZAMmhwiXEeW3OCIAC44JnQ@9","39","0sXIsh1zEeWmISIAC9QOog","四等分作图较快&#xff0c;需要做的等分点少&#xff0c;但是做出的曲线不太光滑&#xff0c;精度没有用八等份点做出的图高"
"ZAMmhwiXEeW3OCIAC44JnQ@10","39","xwskbDLfEeWF2iIACyygBg","四等分手绘抛物线_余锦"
"ZAMmhwiXEeW3OCIAC44JnQ@10","39","WSIX5bwgEeWB9hL4Wm06nQ","绘图时&#xff0c;四等分比八等分用时要少&#xff0c;而八等分抛物线更圆滑准确&#xff0c;八等分虽然麻烦&#xff0c;但是垂直辅助线很容易画直。<br />"
"ZAMmhwiXEeW3OCIAC44JnQ@10","39","9avfknf2EeWXygocDxikNQ",""
"ZAMmhwiXEeW3OCIAC44JnQ@10","39","fgCcQ9LeEeWwoQrbIHhKaQ","四等分的绘图时间比八等份的短<br />八等份的平滑度比四等分的好"
"ZAMmhwiXEeW3OCIAC44JnQ@10","39","UJgJ1-JFEeWMlw44hRNPDQ",""
"ZAMmhwiXEeW3OCIAC44JnQ@10","39","VoeovSZIEeW_ESIAC7Psdg","八等分的抛物线比四等分的抛物线更平滑&#xff0c;绘图时间稍长&#xff1b;四等分的抛物线辅助线少&#xff0c;看起来图更干净、简洁一些"
"ZAMmhwiXEeW3OCIAC44JnQ@10","39","jdcw88CyEeWO9Q5-s5x-Xw",""
"ZAMmhwiXEeW3OCIAC44JnQ@10","39","OgdNx4eHEeW_0Q7hz41L5w","四等分与八等分的差异&#xff0c;在最后曲线的贴合度上有差异。八等分法绘制出来的抛物线&#xff0c;因为关键点彼此距离相近&#xff0c;所描绘出来的抛物线会更加精确和平滑。"
"ZAMmhwiXEeW3OCIAC44JnQ@10","39","rNmYv5UDEeWy0Q7ABZMsnQ","繪製八等分拋物線&#xff0c;側面八等分和點A直線的連接得更注意&#xff0c;而八等份的曲線平滑度好多了。"
"ZAMmhwiXEeW3OCIAC44JnQ@9","39","da8oNh-rEeWA7CIAC5WDNQ","八等分的曲线更平滑&#xff0c;耗时稍长。"
"ZAMmhwiXEeW3OCIAC44JnQ@10","39","Dt07Uy7rEeWBXCIACyUiNQ","平滑度区别还是很大的&#xff0c;八等分后&#xff0c;抛物线几乎就是平滑的曲线了&#xff0c;当然我的抛物线比较小。时间的话&#xff0c;手稍稍熟练后基本还好&#xff0c;八等分时一时激动横着分了16分&#xff0c;然而并没有用上。"
"ZAMmhwiXEeW3OCIAC44JnQ@10","39","x8FE_TvwEeWm9SIAC5HAew","八等份绘制的抛物线曲面更平滑&#xff0c;但是绘画所用时间更久。"
"ZAMmhwiXEeW3OCIAC44JnQ@10","39","HjBct1n6EeWKaRJGciUWiw","四等分和八等分相比取得等分点要少&#xff0c;同理作的垂直线也相应少&#xff0c;画图时间短。<br />八等分相比四等分取得更多等分点和垂直线从而得到的相交点更多&#xff0c;这样表示出的抛物线上的点也更多&#xff0c;用曲线连接后平滑度更好&#xff0c;也更接近标准的抛物线&#xff0c;观感效果更好&#xff01;"
"ZAMmhwiXEeW3OCIAC44JnQ@10","39","o2jD-pPUEeWy0Q7ABZMsnQ","四等分绘制抛物线用时较短&#xff0c;曲线平滑度不如八等分绘制的抛物线。更多需要靠绘者的想象完成&#xff0c;但八等分抛物线控制点较多&#xff0c;已经能比较清晰的看出曲线轮廓。"
"ZAMmhwiXEeW3OCIAC44JnQ@9","39","7I_oUB4nEeWYoCIAC5MBcw","<strong></strong>常理来说&#xff0c;应该是八等分更平滑&#xff0c;但手绘的误差较大&#xff0c;反而我绘制的八等分更不平滑了。如果画的精确的话&#xff0c;肯定是点越多越平滑也越准确。"
"ZAMmhwiXEeW3OCIAC44JnQ@10","39","TpXz0jdBEeWPACIACw4G5w","<strong></strong>四等分繪製時間相對較快  但精準度也相對於八等分的拋物線來說沒辦法抓得那麼精準<br />曲線來說八等分的會比較好抓到曲線的走向  平滑度也會較為滑順"
"ZAMmhwiXEeW3OCIAC44JnQ@10","39","NiM249o0EeW0gBLNziwTrw","八等分的抛物线看起来曲线更平滑&#xff0c;更准确&#xff0c;绘图时间也更长"
"ZAMmhwiXEeW3OCIAC44JnQ@10","39","T7-vxoITEeWTlApPZ_t2iQ","八等份绘制辅助线比四等分时间长&#xff0c;但是曲线更准确平滑"
"ZAMmhwiXEeW3OCIAC44JnQ@10","39","Eoo_dSR9EeWYoCIAC5MBcw","曲線平滑度上&#xff0c;由於八等分畫法的連接點較多&#xff0c;解析度較高&#xff0c;平滑度優於四等分法。<br />繪圖時間上&#xff0c;由於單純手繪&#xff0c;八等分畫法的時間比起四等分畫法用的沒有想像中用的多&#xff0c;但如果要準確地用尺規做等分的話&#xff0c;可能會花2倍的時間。<br />"
"ZAMmhwiXEeW3OCIAC44JnQ@10","39","EiycpVGCEeWbVQrsfyQbuw",""
"ZAMmhwiXEeW3OCIAC44JnQ@10","39","4UgZfzQeEeWF2iIACyygBg","八等分繪製出來的拋物線較之四等分繪製出的拋物線曲線更為平滑&#xff0c;且繪圖所耗時間較長。"
"ZAMmhwiXEeW3OCIAC44JnQ@10","39","5rX20ibhEeWHPSIAC7MNfg","八等分绘制出来的抛物线线条更为平滑精确&#xff0c;因为取了更多的焦点。当然与此同时因为绘制的等分点比四等分多&#xff0c;绘图时间也相应更多。"
"ZAMmhwiXEeW3OCIAC44JnQ@10","39","rQWKEzaQEeWV8SIACyyfnQ","平滑度&#xff1a;八等分法較佳&#xff0c;特別是再靠近頂點處<br />繪圖時間&#xff1a;四等分法較快&#xff0c;時間大概是四分之一"
"ZAMmhwiXEeW3OCIAC44JnQ@9","39","sCSc5iIiEeWd3iIAC7VAtA","八等分由于最终绘制的点较多&#xff0c;所以与四等分相比所得的抛物线平滑度更高更细腻精准&#xff0c;当然所需的时间也更多。"
"ZAMmhwiXEeW3OCIAC44JnQ@10","39","wdit-0pFEeWUBw792DK9fQ","八等分较之于四等分繪製出來的拋物線可以使曲線更加平滑&#xff0c;但绘图时间更长。"
"ZAMmhwiXEeW3OCIAC44JnQ@8","39","NUTK7hWREeWHGCIACznL2w",""
"ZAMmhwiXEeW3OCIAC44JnQ@10","39","_E36UWdjEeWEHBK0qnR5nQ","八等分畫出的拋物線曲線平滑度大於四等分畫出的拋物線曲線平滑度八等分所需的繪圖時間大於四等分的<br />而精確度則是八等分所繪之拋物線大於四等分<br />"
"ZAMmhwiXEeW3OCIAC44JnQ@10","39","6eSCzk1pEeWxHxIGetKceQ","四等分抛物線&#xff1a;繪製時間快&#xff0c;錯誤少&#xff0c;但較爲粗略&#xff1b;<br /><br />八等分抛物線&#xff1a;繪製時間慢&#xff0c;容易出錯&#xff0c;但成圖曲線更圓滑"
"ZAMmhwiXEeW3OCIAC44JnQ@10","39","dankuiVeEeWeUyIAC44Ejw","总体上差不多&#xff0c;八等分的更精确一些。如果画的比较圆润&#xff0c;二者是几乎一样的。八等分更圆滑一些&#xff0c;但也花了比四等分更长的时间。但由于是先画的四等分图&#xff0c;所以&#xff0c;画八等分的时候&#xff0c;比较有经验了&#xff0c;也没有花很长时间。"
"ZAMmhwiXEeW3OCIAC44JnQ@10","39","R4t8PEhdEeWBRg5dvElQww","四等分绘制出的抛物线没有八等分绘制出的平滑&#xff0c;但是八等分辅助线比较多&#xff0c;也比较密集&#xff0c;连接时候需要很缓慢的做&#xff0c;耗费时间多。"
"ZAMmhwiXEeW3OCIAC44JnQ@10","39","HICrDieLEeWuEiIACxeVug","比較四等分與八等分繪製出來的兩個拋物線&#xff0c;八等分的會比四等分的更為細緻圓滑&#xff0c;但在繪製上因為要畫更多的等分線和交點&#xff0c;所以繪製時間會比作四分的長。"
"ZAMmhwiXEeW3OCIAC44JnQ@10","39","diqWZ01rEeWUBw792DK9fQ","四等分抛物線&#xff1a;繪製時間快&#xff0c;錯誤少&#xff0c;但較爲粗略&#xff1b;<br /><br />八等分抛物線&#xff1a;繪製時間慢&#xff0c;容易出錯&#xff0c;但成圖曲線更圓滑"
"ZAMmhwiXEeW3OCIAC44JnQ@10","39","m1VSsXDAEeWPJBI9QEQKiQ","在連八等分的時候 明顯比手繪四等分還來的容易,且較為平滑<br />曲線也更接近於實際的拋物線"
"ZAMmhwiXEeW3OCIAC44JnQ@10","39","FnCS5MThEeWcswoHkJGdXQ","8等分平滑度比4等分更高"
"ZAMmhwiXEeW3OCIAC44JnQ@9","39","MIazSR7rEeWmISIAC9QOog","四等分绘制的抛物线&#xff0c;交点有限&#xff0c;所以不够平滑&#xff0c;但相对快速&#xff1b;相比较&#xff0c;八等分绘制的抛物线交点更多&#xff0c;看起来更圆滑&#xff0c;但绘图步骤更繁琐&#xff0c;时间相对较长。"
"ZAMmhwiXEeW3OCIAC44JnQ@8","39","EVGdgxfhEeWmISIAC9QOog","<ul><li>曲線平滑度: 相較四等分&#xff0c;八等分的拋物線較平滑&#xff0c;靠近頂點處也較圓滑</li><li>繪圖時間: 相較四等分&#xff0c;八等分的繪圖時間較多(至少多1倍)<br /></li><li>理論上&#xff0c;畫出拋物線的四等分、八等分的交點應該左右對稱&#xff0c;但此手繪圖稿的交點對稱性還有改善空間(目前此圖稿離頂點越遠&#xff0c;對稱性越欠佳)。因此&#xff0c;等分點、等分線直線的繪製要更精準&#xff0c;宜考量使用量尺等工具&#xff0c;才能快速、正確、繪出左右對稱的交點&#xff0c;再繪出更精準的拋物線。</li></ul>"
"ZAMmhwiXEeW3OCIAC44JnQ@10","39","imJsYPk_EeWRJQquNiz-Jw","四等分曲线平滑度较差&#xff0c;绘图时间较短。<br />八等分曲线平滑度较好&#xff0c;绘图时间较长。"
"ZAMmhwiXEeW3OCIAC44JnQ@10","39","cPR02YO7EeWaOxK2u5ceiQ",""
"ZAMmhwiXEeW3OCIAC44JnQ@10","39","-HKViIO7EeW_TQrOC1clnQ",""
"ZAMmhwiXEeW3OCIAC44JnQ@9","39","9hx6GBwKEeWd3iIAC7VAtA","曲線平滑度會隨等分數越多&#xff0c;底部曲線越平滑(八等分&gt;四等分)。<br />但等分數越多底下線段描繪也要越細才比較好點出曲線。<br /><br />"
"ZAMmhwiXEeW3OCIAC44JnQ@10","39","lAxof2XCEeW1ShIhri4C5Q",""
"ZAMmhwiXEeW3OCIAC44JnQ@10","39","TM7z-eJFEeWvegqQr6hY1w",""
"ZAMmhwiXEeW3OCIAC44JnQ@9","39","RspgDR5GEeWYoCIAC5MBcw","<ol><li>請在文字欄中&#xff0c;描述以四等分與八等分繪製出來的兩個拋物線&#xff0c;有何差異&#xff1f;(可以從曲線平滑度、繪圖時間等方面比較)</li></ol>嗯……毫無疑問的四分比較省時間&#xff0c;在畫垂直線時候比較快速。但是八分的話如果把輔助線做好了的前提下曲線完成度是要比四分好的。"
"ZAMmhwiXEeW3OCIAC44JnQ@10","39","2c4DmzuOEeWeYyIAC1WQXA","文件被压缩的好惨&#xff0c;<a href=\"http://1.im.guokr.com/xNoUjRS9pB8aL3PSsEMjFyXz1CIwLyE2EWW6X5AzeQcbAgAAwAMAAEpQ.jpg?imageView2/1/w/513/h/914\" target=\"_blank\" title=\"Link: http://1.im.guokr.com/xNoUjRS9pB8aL3PSsEMjFyXz1CIwLyE2EWW6X5AzeQcbAgAAwAMAAEpQ.jpg?imageView2/1/w/513/h/914\">作业请点击这里</a><br /><br /><br /><br />因為教學視頻中是畫圓弧&#xff0c;所以做作業的時候使用的是尺規作圖【圓規幾年沒用了略有些距離差錯】 但是好像大家都是徒手畫&#xff0c;(⊙o⊙)<br /><br />兩個圓弧是同等尺寸的&#xff0c;四等分大概比八等份快2min左右。<br /><br />【后来看到了要求故重新画了一遍&#xff0c;在下半部分】<br /><br />繪製時弧度大的地方比較圓滑精準&#xff0c;向外側延伸呈直線趨勢的後側則需要繼續加工修煉。此處八等份比四等分會更直一些<br /><br /><br />徒手作图好难&#xff0c;虽然互评的时候一直写的是【需要多花时间】但是好像两张图画了一个多钟还是不行》《底子不好这点是硬伤。"
"ZAMmhwiXEeW3OCIAC44JnQ@10","39","tBnaxjBIEeWLPiIAC5klYA","在八等分的圖中  最中心的那條垂直0線 我有用直尺畫直 來當作我的基準線<br />四等分的拋物線畫起來時間較短 不過曲線平滑度較不佳<br />八等分的拋物線畫起來費時 不過曲線平滑度比較好畫 不過...因為是手繪的方格 所以也不太準確..."
"ZAMmhwiXEeW3OCIAC44JnQ@10","39","9Io56ilQEeWHPSIAC7MNfg","8等分抛物线绘制时间长&#xff0c;较平滑"
"ZAMmhwiXEeW3OCIAC44JnQ@10","39","i4NuZegSEeWqSQ7kx0rpLQ","<ol><li>八等分較之四等分會更平滑</li><li>繪圖時間上&#xff0c;八等分顯然會用時更長</li><li>總體而言&#xff0c;八等分繪圖會更加精準&#xff0c;而如果在精准度和效率上考慮的話&#xff0c;四等分在不那麼注重精准度的情況下更高效</li></ol>"
"ZAMmhwiXEeW3OCIAC44JnQ@10","39","dtrgiZJ2EeWy0Q7ABZMsnQ","<ol><li>曲線平滑度&#xff1a;八等分比四等分平滑</li><li>繪圖時間:八等分耗时更長<br /></li></ol>"
"ZAMmhwiXEeW3OCIAC44JnQ@10","39","Xvim3l6VEeWc1Q7arAoKFQ","手绘抛物线时&#xff0c;四分会更加快捷曲线线形状上可能没有八分来的精细&#xff0c;但是八分会更加耗时间、过多的线夹杂在一起也会导致画面不好看&#xff0c;所以小抛物线绘制可以选择四分&#xff0c;抛物线越大可以相应选用八分甚至更大"
"ZAMmhwiXEeW3OCIAC44JnQ@10","39","UWdxnZ6JEeWxzwq21MK5xw","四等分拋物線交點較少&#xff0c;繪製平滑度較差&#xff0c;八等分拋物線連線即可繪製較平滑曲線&#xff0c;惟繪圖時間而言四等分較為快速&#xff0e;"
"ZAMmhwiXEeW3OCIAC44JnQ@10","39","BFX3Q4YmEeWTlApPZ_t2iQ","四等分的拋物線曲線比較僵硬&#xff0c;八等分的拋物線則較為圓滑。<br />四等分的拋物線繪圖時間較短&#xff0c;八等分的拋物線繪圖時間較長。<br />四等分的拋物線畫起來比較簡潔&#xff0c;八等分的拋物線的輔助線過密&#xff0c;畫起來較為複雜。<br />"
"ZAMmhwiXEeW3OCIAC44JnQ@10","39","_q0cS8ogEeW6rxKqeBWrYw","四等分绘制抛物线相对比较简便&#xff0c;步骤少&#xff0c;节约时间&#xff0c;但问题是线条的平滑度不足&#xff0c;比较生硬&#xff1b;<br />八等分绘制的抛物线非常平顺&#xff0c;但问题是比较耗时耗力。"
"ZAMmhwiXEeW3OCIAC44JnQ@10","39","wKwljjuOEeWnMCIAC9gGzQ","<a href=\"http://1.im.guokr.com/xNoUjRS9pB8aL3PSsEMjFyXz1CIwLyE2EWW6X5AzeQcbAgAAwAMAAEpQ.jpg?imageView2/1/w/513/h/914\" target=\"_blank\" title=\"Link: http://1.im.guokr.com/xNoUjRS9pB8aL3PSsEMjFyXz1CIwLyE2EWW6X5AzeQcbAgAAwAMAAEpQ.jpg?imageView2/1/w/513/h/914\">作业请点击这里</a><br /><br /><br /><br />因為教學視頻中是畫圓弧&#xff0c;所以做作業的時候使用的是尺規作圖【圓規幾年沒用了略有些距離差錯】 但是好像大家都是徒手畫&#xff0c;(⊙o⊙)<br /><br />兩個圓弧是同等尺寸的&#xff0c;四等分大概比八等份快2min左右。<br /><br />【后来看到了要求故重新画了一遍&#xff0c;在下半部分】<br /><br />繪製時弧度大的地方比較圓滑精準&#xff0c;向外側延伸呈直線趨勢的後側則需要繼續加工修煉。此處八等份比四等分會更直一些<br /><br /><br />徒手作图好难&#xff0c;虽然互评的时候一直写的是【需要多花时间】但是好像两张图画了一个多钟还是不行》《底子不好这点是硬伤。"
"ZAMmhwiXEeW3OCIAC44JnQ@10","39","DPh6dGzWEeWWpw7gge8ZbQ","八等分需花較多時間繪製 但繪製出來的圖形比較平滑 因為點和點之間距離較小"
"ZAMmhwiXEeW3OCIAC44JnQ@10","39","AtvcDoavEeWZCxLh4264pw","八等份的更平滑更精确&#xff08;因为使用了更多点&#xff09;"
"ZAMmhwiXEeW3OCIAC44JnQ@8","39","g-f5jhSnEeWA7CIAC5WDNQ",""
"ZAMmhwiXEeW3OCIAC44JnQ@9","39","8bir8h5AEeWd3iIAC7VAtA","就曲線平滑度而言&#xff0c;以八等分繪製出來的拋物線&#xff0c;相較於四等分繪製出來的拋物線&#xff0c;線條較為平滑、精確&#xff1b;<br />而繪圖時間的部分&#xff0c;以四等分繪製較以八等分繪製更快速。"
"ZAMmhwiXEeW3OCIAC44JnQ@10","39","-GFFyDj3EeWddiIAC9pDDA","四等分和八等分的抛物线形状上基本差不多&#xff0c;但是精细程度有明显的差异&#xff0c;八等分的抛物线更加平滑。<br />在绘图时间上&#xff0c;八等分所花费的时间远远超过四等分所花的时间。<br />另外&#xff0c;由于八等分的图形更大&#xff0c;手工绘制的难度也更大&#xff0c;尤其是做等分的时候&#xff0c;前面的线没有画好&#xff0c;导致后面的线同样有问题。"
"ZAMmhwiXEeW3OCIAC44JnQ@9","39","0vqFSx5tEeWmISIAC9QOog","四等分与八等分绘制抛物线的差异&#xff1a;个人认为四等分所绘制的抛物线优点是绘制起来更方便简洁&#xff0c;缺点是所绘抛物线精确度不高&#xff0c;不是这么平滑&#xff1b;而八等分所绘制的抛物线优点是更加平滑与圆润&#xff0c;缺点是在绘制时稍加麻烦一点&#xff0c;因为等分点增多了。"
"ZAMmhwiXEeW3OCIAC44JnQ@10","39","dZriLiueEeWL_SIACnuNyg","曲线平滑度方面来说&#xff0c;八等分绘画出的曲线更加平滑&#xff0c;更加接近实际的情况&#xff1b;四等分则较粗糙。<br /><br />绘图时间来说&#xff0c;我觉得我画八等份比画四等分时间长了不止一倍。八等份的格子更加密集&#xff0c;一旦出错要修改更困难&#xff0c;特别是最后的几根斜线。<br /><br />正确性来说&#xff0c;虽然八等份格子变小更容易等分&#xff0c;更容易画出平行线&#xff0c;但因为八等份出现偏差的几率更高&#xff0c;所以总体上来讲不见得就比四等分更加准确。不过如果图纸足够大的话可能八等份更有优势&#xff0c;八等份对纸笔技术的要求更高。<br /><br />总的来说&#xff0c;八等份比四等分可以画出更加精确圆滑的曲线。但由于两者都是手绘精确度有限&#xff0c;所以我觉得若不是尺规或有有特殊要求&#xff0c;用八等份过于繁琐&#xff0c;特别在这种参数都没有提供的情况下并不是特别必要。"
"ZAMmhwiXEeW3OCIAC44JnQ@10","39","3nKF5j3PEeWm9SIAC5HAew","八等分在畫線過程比較困難<br />但是 畫出來的線條比較精準<br />不過  我好像每次描繪右側的線條會都比較歪斜QQ"
"ZAMmhwiXEeW3OCIAC44JnQ@10","39","7wXdpDQTEeWj5iIACwIAYw",""
"ZAMmhwiXEeW3OCIAC44JnQ@9","39","A9MxLh6-EeWd3iIAC7VAtA","八等分更费时&#xff0c;但是会更平滑"
"ZAMmhwiXEeW3OCIAC44JnQ@10","39","aRzIdqFpEeWRTArgYkB6yQ","<p>　　　　　　          &#xff5c;　四等分法　&#xff5c;　八等分法<br />　　　————————————————————<br />　　　　描點精確度&#xff5c;　　較低　　&#xff5c;　　較高<br />　　　　曲線平滑度&#xff5c;　　較低　　&#xff5c;　　較高<br />　　　　繪圖時間　&#xff5c;　　較短　　&#xff5c;　　較長</p><p>小結: </p><p>如果希望拋物線圓滑且精準&#xff0c;等分數應盡可能多一點。(但要花費的時間較長)</p><p>一般情況下&#xff0c;應選取適量的等分數&#xff0c;以兼顧繪圖精準度和繪圖時間花費。</p>"
"ZAMmhwiXEeW3OCIAC44JnQ@10","39","6qMfbTQTEeWPACIACw4G5w",""
"ZAMmhwiXEeW3OCIAC44JnQ@9","39","ybA0eiOXEeWHGCIACznL2w","与八等分绘制的抛物线相比&#xff0c;四等分绘制的抛物线构图简单、用时短&#xff0c;但不如八等分抛物线精细、平滑。"
"ZAMmhwiXEeW3OCIAC44JnQ@9","39","RHFWXSPWEeWHGCIACznL2w","四等分画法简单一点&#xff0c;八等分画法复杂一些&#xff0c;八等分因为交点多&#xff0c;抛物线应该更平滑一些"
"ZAMmhwiXEeW3OCIAC44JnQ@10","39","6ktEfy9IEeWyOiIAC7aEiQ","八等份抛物线较四等分抛物线更为平滑&#xff0c;绘图时间更长。"
"ZAMmhwiXEeW3OCIAC44JnQ@10","39","fmkaWzpQEeW2ASIACxeTpg","四等分的抛物线绘制时间更短&#xff0c;但因为选取的点较少&#xff0c;所以准确度会相对较低。八等分的抛物线有更多的点可以选取&#xff0c;所以准确度会更高一些。但八等分绘制抛物线花费时间较长&#xff0c;而且在选取各等分点及绘制垂线时&#xff0c;也容易因为“手滑”导致误差。"
"ZAMmhwiXEeW3OCIAC44JnQ@10","39","lSbTqD6fEeWnMCIAC9gGzQ","四等分與八等分繪製出來的兩個拋物線相比&#xff0c;後者有更多參考點&#xff0c;曲線更為平滑&#xff0c;精確度更高&#xff0c;但相應的繪製難度更大&#xff0c;耗費時間更多&#xff0c;手繪的穩定性也會造成一定的額外誤差"
"ZAMmhwiXEeW3OCIAC44JnQ@10","39","qBhNQrLzEeWoGg6ulZMPEw",""
"ZAMmhwiXEeW3OCIAC44JnQ@10","39","Jg2xWjisEeWF2iIACyygBg","<ol><li><em>平滑度&#xff1b;</em><strong></strong>8等分由于点更多抛物线更平滑&#xff0c;更趋向理论抛物线</li><li>时间&#xff1b;由于点的增加绘图时间很相应增加</li><li>难度&#xff1b;4等分&lt;8等分</li></ol>"
"ZAMmhwiXEeW3OCIAC44JnQ@10","39","dbIb0zUvEeWddiIAC9pDDA",""
"ZAMmhwiXEeW3OCIAC44JnQ@10","39","j8NuviceEeWmXSIAC00EeA","平滑度不一样"
"ZAMmhwiXEeW3OCIAC44JnQ@10","39","S-WTBLwgEeWXjwr0-3YODw","绘图时&#xff0c;四等分比八等分用时要少&#xff0c;而八等分抛物线更圆滑准确&#xff0c;八等分虽然麻烦&#xff0c;但是垂直辅助线很容易画直。<br />"
"ZAMmhwiXEeW3OCIAC44JnQ@10","39","SVgBK0oZEeWpgBJUo9Z-Uw","八等分较之于四等分繪製出來的拋物線可以使曲線更加平滑"
"ZAMmhwiXEeW3OCIAC44JnQ@10","39","_XmIS6soEeWG0xJGD15hdw","八等分所畫出來的拋物線較四等分的更為平滑且自然&#xff0c;但在繪製時所花的時間也較多!"
"ZAMmhwiXEeW3OCIAC44JnQ@10","39","5xAq9T8JEeWidSIAC7TGaQ","以四等分的拋物線相比&#xff0c;八等分的拋物線精確度更高&#xff0c;更平滑&#xff0c;所耗費的時間更多。"
"ZAMmhwiXEeW3OCIAC44JnQ@10","39","QGo6sWcmEeWn7w41YP_VgQ","曲線平滑度:八等分&gt;四等分<br />繪圖時間:八等分&gt;四等分<br />精確度:八等分&gt;四等分"
"ZAMmhwiXEeW3OCIAC44JnQ@9","39","37SjkBtMEeWd3iIAC7VAtA","本次作業分別以四分法與八分法繪製拋物線&#xff1a;四分法快速&#xff0c;可在短時間繪製完成&#xff0c;但拋物線連接點過少&#xff0c;點與點之間的連接會以直線方式進行連接&#xff0c;故曲線平滑度較差。而八分法繪製的拋物曲線較為精細&#xff0c;由於各連接點較為接近&#xff0c;各點連接可以更精細&#xff0c;曲線趨近於平滑狀態&#xff0c;但所花費的繪圖時間也較長。<br />總結&#xff1a;當等分點約多&#xff0c;繪製所花時間越長&#xff0c;拋物線愈趨於平滑。反之&#xff0c;則時間越短&#xff0c;拋物線愈粗糙。"
"ZAMmhwiXEeW3OCIAC44JnQ@10","39","R7TlB16_EeWtThIg5CtnjQ","四等分所繪製的拋物線在連結時因參考點較少&#xff0c;因此曲線不如參考點較多的八等分來得平滑。<br /><br />八等分所需繪製時間較長。"
"ZAMmhwiXEeW3OCIAC44JnQ@10","39","DdrrXbrGEeWARArsHojuCw","从曲线的平滑度来说, 八等分的图更加平滑;<br />从绘图时间来说, 八等分的图更加耗时些, 因为等分点和辅助线更多了."
"ZAMmhwiXEeW3OCIAC44JnQ@10","39","1SO_LlOvEeWBRg5dvElQww","使用八等分画出来的抛物线比四等分画出来的抛物线更加平滑&#xff0c;曲线部分处理更好&#xff0c;在绘图时间上&#xff0c;两种方法使用时间差别bu da"
"ZAMmhwiXEeW3OCIAC44JnQ@7","39","jEuaHgxQEeW6KCIACxUSlA","以四等分繪製出來的拋物線&#xff0c;花費時間較短、但是曲線較不平滑。以八等分繪製出來的拋物線&#xff0c;花費時間則較長、曲線則較為平滑。"
"ZAMmhwiXEeW3OCIAC44JnQ@8","39","n1oKhxf2EeWHGCIACznL2w","比较于四等分抛物线来说八等分抛物线的曲线更加平滑更加精准,连接曲线的时候因为线段较四等分短很多所以不容易出现线段走位很不准,但是相对来说作图时间更加多,平行线画起来比较耗时."
"ZAMmhwiXEeW3OCIAC44JnQ@9","39","yMsH_RwYEeWA7CIAC5WDNQ","四等分拋物線平滑度較八等分不佳但繪圖時間較短&#xff0c;<br />八等分拋物線平滑度較四等分佳但繪圖時間較長。"
"ZAMmhwiXEeW3OCIAC44JnQ@10","39","W0y5ryueEeWU-CIAC7NnBw","曲线平滑度方面来说&#xff0c;八等分绘画出的曲线更加平滑&#xff0c;更加接近实际的情况&#xff1b;四等分则较粗糙。<br /><br />绘图时间来说&#xff0c;我觉得我画八等份比画四等分时间长了不止一倍。八等份的格子更加密集&#xff0c;一旦出错要修改更困难&#xff0c;特别是最后的几根斜线。<br /><br />正确性来说&#xff0c;虽然八等份格子变小更容易等分&#xff0c;更容易画出平行线&#xff0c;但因为八等份出现偏差的几率更高&#xff0c;所以总体上来讲不见得就比四等分更加准确。不过如果图纸足够大的话可能八等份更有优势&#xff0c;八等份对纸笔技术的要求更高。<br /><br />总的来说&#xff0c;八等份比四等分可以画出更加精确圆滑的曲线。但由于两者都是手绘精确度有限&#xff0c;所以我觉得若不是尺规或有有特殊要求&#xff0c;用八等份过于繁琐&#xff0c;特别在这种参数都没有提供的情况下并不是特别必要。"
"ZAMmhwiXEeW3OCIAC44JnQ@10","39","Nl56SjJyEeWNVyIAC0uErA",""
"ZAMmhwiXEeW3OCIAC44JnQ@10","39","qkgJ4yltEeWSQSIAC5cRKQ","四等分的用时较短&#xff0c;但是平滑度较差&#xff0c;八等份的用时较长&#xff0c;但是平滑度较好。"
"ZAMmhwiXEeW3OCIAC44JnQ@8","39","Q7ZcdBfMEeWd3iIAC7VAtA","等分的数量越多&#xff0c;越像拋物線。而且曲線平滑度越顺&#xff0c;不过繪圖時間方面比較长。"
"ZAMmhwiXEeW3OCIAC44JnQ@10","39","N8UF6Sh9EeWHPSIAC7MNfg","四等分比較粗糙&#xff0c;八等分比較細比較有弧度&#xff01;"
"ZAMmhwiXEeW3OCIAC44JnQ@10","39","MuVASinmEeWNCiIACzABLQ","四等分&#xff1a;作图比较快&#xff0c;绘制较小尺寸的抛物线的时候可以用&#xff0c;如果尺寸大一些就会不光滑。<br />八等分&#xff1a;作图更慢一些&#xff0c;但是比四等分精确&#xff0c;绘制尺寸大一些的图的时候用这个效果会比四等分要好&#xff0c;但是绘制尺寸较小的图时辅助线太乱&#xff0c;看起来会很不方便。<br />我觉得等分的数量还是要根据具体情况考虑&#xff0c;看需要的抛物线尺寸大小如何&#xff0c;需要的精确度高不高&#xff0c;还有就是画图的时间。"
"ZAMmhwiXEeW3OCIAC44JnQ@10","39","TQriqW_eEeWb4g4qCdqdUQ","八等分的拋物線的曲線平滑度較四等分圓滑,可知平行四邊形法繪製的拋物線,越多等分平滑度會越相似真實的拋物線。<br />但相對的 繪圖時間會比較長 "
"ZAMmhwiXEeW3OCIAC44JnQ@10","39","PmQ7m0KTEeWBHArcQOD9cw","八等分拋物線比四等分拋物線平滑"
"ZAMmhwiXEeW3OCIAC44JnQ@10","39","uUSgcE8YEeWoNAol4TlMSw","四等分繪畫時間較快但曲線平滑度底, 而八等分繪畫較複雜但曲線非常平滑且準確性高"
"ZAMmhwiXEeW3OCIAC44JnQ@8","39","LqwTvRc2EeWYoCIAC5MBcw","从曲线平滑度上看&#xff0c;八等分绘制出的抛物线比四等分绘制出的抛物线更加光滑。<br />从绘图时间上看&#xff0c;八等分绘制出的抛物线比四等分绘制出的抛物线所用时间更长"
"ZAMmhwiXEeW3OCIAC44JnQ@10","39","AkZO0sQJEeWb3QofSqIPlQ","<p>四等分绘图时间较短&#xff0c;八等分绘图时间较长&#xff1b;</p><p>八等分比四等分曲线更平滑&#xff1b;</p><p>八等分比四等分绘制更精确。</p>"
"ZAMmhwiXEeW3OCIAC44JnQ@10","39","_8wGwWXCEeWfZAo8m5pcCw","四等分繪圖時間較短但精確度較差<br />八等分繪圖時間較長但精確度相對較高"
"ZAMmhwiXEeW3OCIAC44JnQ@10","39","SluTMGXwEeW_BRK9nue8nw","等分数越多曲线越平滑&#xff0c;但是由于需要做出更细致的等份会导致绘图时间变成。"
"ZAMmhwiXEeW3OCIAC44JnQ@10","39","7iA4kTQTEeWj5iIACwIAYw",""
"ZAMmhwiXEeW3OCIAC44JnQ@10","39","9BxeooYlEeWA9w4ipzCZ2Q","四等分的拋物線曲線比較僵硬&#xff0c;八等分的拋物線則較為圓滑。<br />四等分的拋物線繪圖時間較短&#xff0c;八等分的拋物線繪圖時間較長。<br />四等分的拋物線畫起來比較簡潔&#xff0c;八等分的拋物線的輔助線過密&#xff0c;畫起來較為複雜。<br />"
"ZAMmhwiXEeW3OCIAC44JnQ@8","39","1bKEFRZ8EeWHGCIACznL2w","八等分較四等分為繪製須更為用心與費時&#xff0c;在越多等分後八等分較四等分更易繪製出精準的拋物線弧形。"
"ZAMmhwiXEeW3OCIAC44JnQ@9","39","qg0BrRwYEeWd3iIAC7VAtA","四等分拋物線平滑度較八等分不佳但繪圖時間較短&#xff0c;<br />八等分拋物線平滑度較四等分佳但繪圖時間較長。"
"ZAMmhwiXEeW3OCIAC44JnQ@10","39","fLBtL01pEeWUBw792DK9fQ","四等分抛物線&#xff1a;繪製時間快&#xff0c;錯誤少&#xff0c;但較爲粗略&#xff1b;<br /><br />八等分抛物線&#xff1a;繪製時間慢&#xff0c;容易出錯&#xff0c;但成圖曲線更圓滑"
"ZAMmhwiXEeW3OCIAC44JnQ@10","39","JcWa9oeHEeWI7RLSfyarRQ","四等分与八等分的差异&#xff0c;在最后曲线的贴合度上有差异。八等分法绘制出来的抛物线&#xff0c;因为关键点彼此距离相近&#xff0c;所描绘出来的抛物线会更加精确和平滑。"
"ZAMmhwiXEeW3OCIAC44JnQ@10","39","iALm57TlEeWjcBKYJq1ZMQ","八等份的平滑度要比四等分好的多&#xff0c;但绘制时间要比四等分长很多&#xff0c;如果抛物线较小建议用四等分&#xff0c;如果抛物线较大等分越多画出的效果越好。"
"ZAMmhwiXEeW3OCIAC44JnQ@10","39","2XGL4D3PEeWeYyIAC1WQXA","八等分在畫線過程比較困難<br />但是 畫出來的線條比較精準<br />不過  我好像每次描繪右側的線條會都比較歪斜QQ"
"ZAMmhwiXEeW3OCIAC44JnQ@10","39","kOQ40W8vEeWpCwrPNVXTlw","八等分繪圖時間更久&#xff0c;更加平滑&#xff0c;更加接近真實。"
"ZAMmhwiXEeW3OCIAC44JnQ@10","39","9-gpR226EeWDzg4yGnIlTw","曲線平滑度&#xff1a;八等分&gt;四等分<br />繪圖時間&#xff1a;八等分&gt;四等分"
"ZAMmhwiXEeW3OCIAC44JnQ@10","39","dqpF805iEeWpgBJUo9Z-Uw",""
"ZAMmhwiXEeW3OCIAC44JnQ@9","39","RNUhdR1sEeWYoCIAC5MBcw","八等分绘制的抛物线比四等分的要光滑很多&#xff0c;费时也较多。"
"ZAMmhwiXEeW3OCIAC44JnQ@10","39","k4QhKiVBEeW_ESIAC7Psdg","八等分比四等分 绘制的抛物线更加圆润&#xff0c;但是绘图时间增加&#xff0c;因为线条及交点数增加。"
"ZAMmhwiXEeW3OCIAC44JnQ@10","39","zyxBsScCEeWerCIAC1CI_g","The eight equal dividsion take longer time to sketch but it will give smoother curve than the four equal division."
"ZAMmhwiXEeW3OCIAC44JnQ@10","39","Dmzz2TJyEeWF2iIACyygBg",""
"ZAMmhwiXEeW3OCIAC44JnQ@10","39","CUmsI6spEeW2dA51rBQ9Ew","八等分所畫出來的拋物線較四等分的更為平滑且自然&#xff0c;但在繪製時所花的時間也較多!"
"ZAMmhwiXEeW3OCIAC44JnQ@10","39","cl3DoEjGEeWpgBJUo9Z-Uw","曲线平滑度&#xff1a;8等分&gt;4等分<br />绘图时间&#xff1a;8等分&gt;4等分<br />总结&#xff1a;手绘是用线段模拟弧线&#xff0c;线段越短&#xff0c;精度越高&#xff0c;绘制越麻烦。还是CAD方便&#xff01;&#xff01;&#xff01;<br />图片变形的话&#xff0c;请右键&#xff0c;新标签页中打开"
"ZAMmhwiXEeW3OCIAC44JnQ@10","39","xl21oV04EeWj1gq-TlMDjw","四等分绘制抛物线速度快&#xff0c;但是曲线不够平滑&#xff1b;八等分绘制抛物线平滑精细&#xff0c;但是需要耗费更多时间"
"ZAMmhwiXEeW3OCIAC44JnQ@10","39","WTg8LSeBEeWmXSIAC00EeA","八等分的曲线比四等分的曲线平滑度更高&#xff0c;但是所需时间更长"
"ZAMmhwiXEeW3OCIAC44JnQ@10","39","uF5IU2BoEeWqGw6RaHDb6w","八等份绘制属于前期工作比较长&#xff0c;但是曲线更平滑&#xff0c;比四等分绘制更容易绘制<br />"
"ZAMmhwiXEeW3OCIAC44JnQ@10","39","LFmTTE-UEeWxHxIGetKceQ","<p>四等分所绘制出来的抛物线所需要的绘图时间比八等分绘图所需时间要长&#xff1b;</p><p>四等分较八等分绘图要快&#xff1b;</p><p>八等分较四等分的曲线要平滑许多&#xff0c;操作也更为复杂&#xff1b;</p><p>很显然&#xff0c;所取点数越多则所绘图形越精确&#xff1b;</p>"
"ZAMmhwiXEeW3OCIAC44JnQ@10","39","bvZlZLhkEeWizw6inkys_w","<p>相较于八等份法&#xff0c;四等分法绘制出的抛物线&#xff1a;</p><p>1) 比较生硬&#xff0c;连结成的线段菱角更加分明&#xff1b;</p><p>2) 将1)中得出的线段连成平滑弧线的过程中更不容易将点全部画在曲线上&#xff0c;有更大的误差&#xff1b;</p><p>3) 四等分法用时较短&#xff0c;工作量低&#xff1b;</p><p>4) 四等分法难度较低&#xff0c;不需要过多辅助线来保证比例正确&#xff1b;同时画线数量小&#xff0c;辅助线不易相互交叠而影响绘图。</p>"
"ZAMmhwiXEeW3OCIAC44JnQ@9","39","3BZtdB1zEeWHGCIACznL2w","四等分作图较快&#xff0c;需要做的等分点少&#xff0c;但是做出的曲线不太光滑&#xff0c;精度没有用八等份点做出的图高"
"ZAMmhwiXEeW3OCIAC44JnQ@9","39","KtLWnR7mEeWHGCIACznL2w","八等分绘制的抛物线更圆滑&#xff0c;但绘图时间较长。"
"ZAMmhwiXEeW3OCIAC44JnQ@10","39","oivQMHDAEeWXygocDxikNQ","在連八等分的時候 明顯比手繪四等分還來的容易,且較為平滑<br />曲線也更接近於實際的拋物線"
"ZAMmhwiXEeW3OCIAC44JnQ@9","39","UZmISiOPEeWM2iIAC0KUpw","it takes a longer time to draw the 八等分拋物線 because every single reference line has to be parallel to each other, also, it is difficult to connect each reference line to the center point, but this 八等分繪製出來的兩個拋物線 is more precise and the curve is more 平滑."
"ZAMmhwiXEeW3OCIAC44JnQ@10","39","KrD2GXIYEeWdPxJ-h_8T7w","分成八等份的曲線平滑度比分成四等份的平滑度高&#xff0c;但是八等份畫的時間需要比較久"
"ZAMmhwiXEeW3OCIAC44JnQ@10","39","7sTe7ylQEeWSQSIAC5cRKQ","8等分抛物线绘制时间长&#xff0c;较平滑"
"ZAMmhwiXEeW3OCIAC44JnQ@8","39","emVfoRavEeWmISIAC9QOog","八等分繪製出來的拋物線比四等分繪製出來的拋物線&#xff0c;曲線平滑度更佳&#xff0c;但繪圖時間更久&#xff0c;用到的輔助線更多&#xff0c;整體來說八等分繪製出來的拋物線會比較完整。"
"ZAMmhwiXEeW3OCIAC44JnQ@10","39","eAdtJ1RpEeWUBw792DK9fQ","八等分绘制相对于四等分绘制曲线比较平滑和精准"
"ZAMmhwiXEeW3OCIAC44JnQ@10","39","rcPdwkjFEeWxHxIGetKceQ","曲线平滑度&#xff1a;8等分&gt;4等分绘图时间&#xff1a;8等分&gt;4等分<br />总结&#xff1a;手绘是用线段模拟弧线&#xff0c;线段越短&#xff0c;精度越高&#xff0c;绘制越麻烦。还是CAD方便&#xff01;&#xff01;&#xff01;"
"ZAMmhwiXEeW3OCIAC44JnQ@10","39","s68OIXVsEeWy9BLlActDnw","八等分繪製時間較久&#xff0c;但是也較精準"
"ZAMmhwiXEeW3OCIAC44JnQ@10","39","C2lo5ibiEeWo2yIACzUEBg","八等份的线条更加平滑&#xff0c;但是绘图时间较长&#xff0c;在实际中可以根据精度的需要和时间的需要绘图&#xff0c;如果精度要求高。肯以适当的增加等分的次数。"
"ZAMmhwiXEeW3OCIAC44JnQ@10","39","OwQYnkoZEeWpgBJUo9Z-Uw","八等分较之于四等分繪製出來的拋物線可以使曲線更加平滑"
"ZAMmhwiXEeW3OCIAC44JnQ@10","39","mKwgySR8EeWd3iIAC7VAtA","曲線平滑度上&#xff0c;由於八等分畫法的連接點較多&#xff0c;解析度較高&#xff0c;平滑度優於四等分法。<br />繪圖時間上&#xff0c;由於單純手繪&#xff0c;八等分畫法的時間比起四等分畫法用的沒有想像中用的多&#xff0c;但如果要準確地用尺規做等分的話&#xff0c;可能會花2倍的時間。<br />"
"ZAMmhwiXEeW3OCIAC44JnQ@9","39","qOs_hiIiEeWHGCIACznL2w","八等分由于最终绘制的点较多&#xff0c;所以与四等分相比所得的抛物线平滑度更高更细腻精准&#xff0c;当然所需的时间也更多。"
"ZAMmhwiXEeW3OCIAC44JnQ@10","39","DjNx1ut9EeWfwAohgaM63Q","四等分&#xff1a;耗时短&#xff0c;曲线不够平滑&#xff0c;与真实抛物线差距较大&#xff1b;<br />八等分&#xff1a;耗时长&#xff0c;曲线较为平滑&#xff0c;与真实抛物线差距较小。<br />"
"ZAMmhwiXEeW3OCIAC44JnQ@10","39","PNyBAJ6JEeWuXAoPCBK-bw","四等分拋物線交點較少&#xff0c;繪製平滑度較差&#xff0c;八等分拋物線連線即可繪製較平滑曲線&#xff0c;惟繪圖時間而言四等分較為快速&#xff0e;"
"ZAMmhwiXEeW3OCIAC44JnQ@8","39","738DaxY-EeWHGCIACznL2w","曲線平滑度: 八等分較佳<br />繪圖時間: 四等分較短<br /><br />"
"ZAMmhwiXEeW3OCIAC44JnQ@10","39","VnWSEW_-EeWWpw7gge8ZbQ","八等分繪製的拋物線明顯較四等分的拋物線平滑&#xff0c;而八等分的繪圖較費時也較複雜&#xff0c;卻也更接近真實的拋物線。"
"ZAMmhwiXEeW3OCIAC44JnQ@8","39","lIPIBhm0EeWM2iIAC0KUpw","四等分與八等分繪製出來的兩個拋物線&#xff0c;差異在於<br /><br /><ol><li>八等份的拋物線&#xff0c;點的數量為四等分的兩倍&#xff0c;相較之下&#xff0c;八等份的拋物線曲線較於四等份來的平滑&#xff0c;由此可知點的數量越多&#xff0c;曲線會較為平滑。</li><li>繪圖時間時間來說&#xff0c;上述得知八等份的拋物線&#xff0c;點的數量為四等分的兩倍&#xff0c;而點的數量越多&#xff0c;所需繪製的時間相對提升。</li></ol>"
"ZAMmhwiXEeW3OCIAC44JnQ@10","39","iOXslS0ZEeWTqyIAC44O4Q","1.繪製時間&#xff1a;八等份比四等份較為耗時<br /><br />2.曲線平滑度&#xff1a;八等份由於分的比較細&#xff0c;曲線平滑度比四等份還要好<br />"
"ZAMmhwiXEeW3OCIAC44JnQ@10","39","UGMg5TpwEeWGtiIAC7XhOg","<em></em>八等分繪製出的曲線較平滑&#xff0c;在繪製時也有較多點可以參考&#xff0c;比較容易把線連好。"
"ZAMmhwiXEeW3OCIAC44JnQ@10","39","X6vWojZiEeWj5iIACwIAYw","八分的图 平滑度 更佳"
"ZAMmhwiXEeW3OCIAC44JnQ@8","39","J0OmLRVQEeWd3iIAC7VAtA","八等分的线更圆滑&#xff0c;更饱满&#xff0c;四等分抛物线的棱角更分明&#xff0c;当然把等份的抛物线因为程序复杂&#xff0c;花费时间等多"
"ZAMmhwiXEeW3OCIAC44JnQ@10","39","5pRlrSo7EeWOKyIACimMGQ","八等分画法画出的抛物线较四等分法画的更平滑&#xff0c;更精确&#xff0c;用时也更长。"
"ZAMmhwiXEeW3OCIAC44JnQ@10","39","AxUkPmw9EeWGywq_F70CwQ","八等分點較多&#xff0c;曲線較為平滑<br />八等分也較為耗時"
"ZAMmhwiXEeW3OCIAC44JnQ@10","39","A8qkOGWhEeWRsgp-oDfn8w","曲線平滑度 : 4等分&lt;8等分   <br />    繪圖時間 : 4等分&lt;8等分<br />  成就感(!?) : 4等分&lt;8等分"
"ZAMmhwiXEeW3OCIAC44JnQ@10","39","KLqeJGbEEeWn7w41YP_VgQ",""
"ZAMmhwiXEeW3OCIAC44JnQ@10","39","RFbmCGXwEeW1ShIhri4C5Q","等分数越多曲线越平滑&#xff0c;但是由于需要做出更细致的等份会导致绘图时间变成。"
"ZAMmhwiXEeW3OCIAC44JnQ@10","39","EYB1bzJyEeWF2iIACyygBg",""
"ZAMmhwiXEeW3OCIAC44JnQ@10","39","mgrWoDtnEeWeYyIAC1WQXA","曲線平滑度方面&#xff0c;八等分比四等分平滑&#xff1b;八等分的繪圖時間卻比四等分需時。"
"ZAMmhwiXEeW3OCIAC44JnQ@10","39","sFoS1Fn5EeWWvApdRud_EQ","四等分和八等分相比取得等分点要少&#xff0c;同理作的垂直线也相应少&#xff0c;画图时间短。<br />八等分相比四等分取得更多等分点和垂直线从而得到的相交点更多&#xff0c;这样表示出的抛物线上的点也更多&#xff0c;用曲线连接后平滑度更好&#xff0c;也更接近标准的抛物线&#xff0c;观感效果更好&#xff01;"
"ZAMmhwiXEeW3OCIAC44JnQ@10","39","UX0LdFlgEeWDDBJlI9r_qw","四分法&#xff1a; 較簡單 較不準確<br />八分法&#xff1a; 較繁複 較準確"
"ZAMmhwiXEeW3OCIAC44JnQ@10","39","hREJATBJEeWYtSIAC7ZpGA","在八等分的圖中  最中心的那條垂直0線 我有用直尺畫直 來當作我的基準線<br />四等分的拋物線畫起來時間較短 不過曲線平滑度較不佳<br />八等分的拋物線畫起來費時 不過曲線平滑度比較好畫 不過...因為是手繪的方格 所以也不太準確..."
"ZAMmhwiXEeW3OCIAC44JnQ@10","39","_iB921TuEeWxHxIGetKceQ","四等分绘制过程比较简单&#xff0c;省时省力&#xff0c;但是绘制出的抛物线平滑度较差。<br />八等分绘制耗时较长&#xff0c;但绘制出的抛物线较为平滑。"
"ZAMmhwiXEeW3OCIAC44JnQ@10","39","qCycQjWlEeWj5iIACwIAYw","平滑度&#xff1a;八等分较四等分更平滑&#xff0c;也更接近标准形状。&#xff08;毕竟找取的点要多&#xff09;<br />绘图时间&#xff1a;八等分要求的绘图时间相较于四等分更长&#xff0c;绘图过程也更繁琐。<br /><br />"
"ZAMmhwiXEeW3OCIAC44JnQ@10","39","fjAisqFpEeW2dA51rBQ9Ew","<p>　　　　　　          &#xff5c;　四等分法　&#xff5c;　八等分法<br />　　　————————————————————<br />　　　　描點精確度&#xff5c;　　較低　　&#xff5c;　　較高<br />　　　　曲線平滑度&#xff5c;　　較低　　&#xff5c;　　較高<br />　　　　繪圖時間　&#xff5c;　　較短　　&#xff5c;　　較長</p><p>小結: </p><p>如果希望拋物線圓滑且精準&#xff0c;等分數應盡可能多一點。(但要花費的時間較長)</p><p>一般情況下&#xff0c;應選取適量的等分數&#xff0c;以兼顧繪圖精準度和繪圖時間花費。</p>"
"ZAMmhwiXEeW3OCIAC44JnQ@10","39","tt-s6JPUEeW9ThKFn3E1-Q","四等分绘制抛物线用时较短&#xff0c;曲线平滑度不如八等分绘制的抛物线。更多需要靠绘者的想象完成&#xff0c;但八等分抛物线控制点较多&#xff0c;已经能比较清晰的看出曲线轮廓。"
"ZAMmhwiXEeW3OCIAC44JnQ@10","39","lm2sBz6fEeWGtiIAC7XhOg","四等分與八等分繪製出來的兩個拋物線相比&#xff0c;後者有更多參考點&#xff0c;曲線更為平滑&#xff0c;精確度更高&#xff0c;但相應的繪製難度更大&#xff0c;耗費時間更多&#xff0c;手繪的穩定性也會造成一定的額外誤差"
"ZAMmhwiXEeW3OCIAC44JnQ@10","39","uNydJ28vEeWy9BLlActDnw","八等分繪圖時間更久&#xff0c;更加平滑&#xff0c;更加接近真實。"
"ZAMmhwiXEeW3OCIAC44JnQ@10","39","hP28WjJyEeWV8SIACyyfnQ",""
"ZAMmhwiXEeW3OCIAC44JnQ@10","39","R8trpZ6JEeWGxBJdkUHhbw","四等分拋物線交點較少&#xff0c;繪製平滑度較差&#xff0c;八等分拋物線連線即可繪製較平滑曲線&#xff0c;惟繪圖時間而言四等分較為快速&#xff0e;"
"ZAMmhwiXEeW3OCIAC44JnQ@10","39","Sq5LgrwgEeWfsw41r6ikDw","绘图时&#xff0c;四等分比八等分用时要少&#xff0c;而八等分抛物线更圆滑准确&#xff0c;八等分虽然麻烦&#xff0c;但是垂直辅助线很容易画直。<br />"
"ZAMmhwiXEeW3OCIAC44JnQ@10","39","oh4iRl09EeW-tBLRsFjxBw","四等分绘制抛物线速度快&#xff0c;但是曲线不够平滑&#xff1b;八等分绘制抛物线平滑精细&#xff0c;但是需要耗费更多时间"
"ZAMmhwiXEeW3OCIAC44JnQ@10","39","Kp1rNXlnEeWPJBI9QEQKiQ","八等分曲线更平滑、精确&#xff0c;也花费更多时间"
"ZAMmhwiXEeW3OCIAC44JnQ@10","39","i2EO_UBgEeWF8w6XN0ZAWw","四等分的抛物线绘制时间更短&#xff0c;但交点与交点之间间隔更大&#xff0c;平滑度稍逊。<br />八等分的抛物线绘制时间更长&#xff0c;但平滑度更高。"
"ZAMmhwiXEeW3OCIAC44JnQ@10","39","g1VIuWw8EeWGywq_F70CwQ","八等分點較多&#xff0c;曲線較為平滑<br />但點多也較為耗時"
"ZAMmhwiXEeW3OCIAC44JnQ@10","39","W1r9FiiBEeWerCIAC1CI_g","<em><strong></strong></em><strong></strong><strong>曲線平滑度八等分更流線型些&#xff0c;更符合原圖&#xff1b;繪圖時間八等分時間稍長。</strong>"
"ZAMmhwiXEeW3OCIAC44JnQ@9","39","QtjcFSPWEeWYoCIAC5MBcw","四等分画法简单一点&#xff0c;八等分画法复杂一些&#xff0c;八等分因为交点多&#xff0c;抛物线应该更平滑一些"
"ZAMmhwiXEeW3OCIAC44JnQ@10","39","SN8yczZiEeWNVyIAC0uErA","八分的图 平滑度 更佳"
"ZAMmhwiXEeW3OCIAC44JnQ@9","39","QLX6mB5GEeWM2iIAC0KUpw","<ol><li>請在文字欄中&#xff0c;描述以四等分與八等分繪製出來的兩個拋物線&#xff0c;有何差異&#xff1f;(可以從曲線平滑度、繪圖時間等方面比較)</li></ol>嗯……毫無疑問的四分比較省時間&#xff0c;在畫垂直線時候比較快速。但是八分的話如果把輔助線做好了的前提下曲線完成度是要比四分好的。"
"ZAMmhwiXEeW3OCIAC44JnQ@10","39","mpMXeVN4EeWbVQrsfyQbuw","八等分的抛物更加平滑&#xff0c;但是相应的用时也比较长一点"
"ZAMmhwiXEeW3OCIAC44JnQ@10","39","pgqNJWcdEeWn7w41YP_VgQ","由於四邊形法是利用x軸方向為等差數列&#xff0c;y軸方向為等差級數&#xff08;或差成等差數列&#xff09;的特性&#xff0c;因此八等分法描繪出的點固然會較四等分法來的更多且更為準確。<br />　　　　　　　　　&#xff5c;　四等分法　&#xff5c;　八等分法<br />　　　————————————————————<br />　　　　描點精確度&#xff5c;　　較低　　&#xff5c;　　較高<br />　　　　曲線平滑度&#xff5c;　　較低　　&#xff5c;　　較高<br />　　　　繪圖時間　&#xff5c;　　較短　　&#xff5c;　　較長<br /><br />"
"ZAMmhwiXEeW3OCIAC44JnQ@10","39","Tn2Yu0xwEeWxHxIGetKceQ","八等分比四等分更加精细更加平滑&#xff0c;但是更加耗费时间。"
"ZAMmhwiXEeW3OCIAC44JnQ@10","39","74l7CHf3EeWGywq_F70CwQ","四等分繪製出來的拋物線繪圖時間較短、快速、方便&#xff1b;但相對不精確<br />八等分繪製出來的拋物線繪圖時間較慢、複雜&#xff1b;但較貼近真實的拋物線、也較圓滑"
"ZAMmhwiXEeW3OCIAC44JnQ@10","39","Uw__ml6_EeW9lgqcHapJBw","四等分所繪製的拋物線在連結時因參考點較少&#xff0c;因此曲線不如參考點較多的八等分來得平滑。<br /><br />八等分所需繪製時間較長。"
"ZAMmhwiXEeW3OCIAC44JnQ@8","39","nQJgVBdMEeWHGCIACznL2w","八等分比四等分更加的精緻 更接近拋物線"
"ZAMmhwiXEeW3OCIAC44JnQ@10","39","u2BYti6QEeWTqyIAC44O4Q","八等分比四等分更为平滑&#xff0c;八等分绘制时间较长&#xff0c;难度较大。"
"ZAMmhwiXEeW3OCIAC44JnQ@10","39","q2S9WDWlEeWNVyIAC0uErA","平滑度&#xff1a;八等分较四等分更平滑&#xff0c;也更接近标准形状。&#xff08;毕竟找取的点要多&#xff09;<br />绘图时间&#xff1a;八等分要求的绘图时间相较于四等分更长&#xff0c;绘图过程也更繁琐。<br /><br />"
"ZAMmhwiXEeW3OCIAC44JnQ@10","39","wpAUcImWEeWwEwr2ChLK8Q","用八分法绘制的抛物线曲率更加平滑&#xff0c;但如果作图不精确&#xff0c;抛物线可能会变形"
"ZAMmhwiXEeW3OCIAC44JnQ@10","39","8JchiWP9EeWyfQofQFHvoQ","八等分的較平滑&#xff0c;但也需要較多時間繪製"
"ZAMmhwiXEeW3OCIAC44JnQ@9","39","XFapFx-rEeWd3iIAC7VAtA","八等分的曲线更平滑&#xff0c;耗时稍长。"
"ZAMmhwiXEeW3OCIAC44JnQ@9","39","Xi0CjCOXEeWd3iIAC7VAtA",""
"ZAMmhwiXEeW3OCIAC44JnQ@10","39","jv3-G05iEeWpgBJUo9Z-Uw",""
"ZAMmhwiXEeW3OCIAC44JnQ@10","39","LZ33xto0EeWu-hLGc64CMw","八等分的抛物线看起来曲线更平滑&#xff0c;更准确&#xff0c;绘图时间也更长"
"ZAMmhwiXEeW3OCIAC44JnQ@10","39","haiGJktXEeWxHxIGetKceQ","画八等分的时候由于斜线多&#xff0c;会相互影响&#xff0c;更容易画偏&#xff0c;我觉得八等分没有四等分好看了。<br />"
"ZAMmhwiXEeW3OCIAC44JnQ@9","39","QCD-HR4nEeWYoCIAC5MBcw","<strong></strong>常理来说&#xff0c;应该是八等分更平滑&#xff0c;但手绘的误差较大&#xff0c;反而我绘制的八等分更不平滑了。如果画的精确的话&#xff0c;肯定是点越多越平滑也越准确。"
"ZAMmhwiXEeW3OCIAC44JnQ@10","39","P7-PdFxsEeWKwA728QcdyQ",""
"ZAMmhwiXEeW3OCIAC44JnQ@10","39","STp_7GcWEeWC5xInmpgAVw","分越多點(耗時越多)&#xff0c;畫出的線越接近拋物線(平滑)"
"ZAMmhwiXEeW3OCIAC44JnQ@10","39","IcNJBlGDEeWbVQrsfyQbuw",""
"ZAMmhwiXEeW3OCIAC44JnQ@10","39","yy7nmkNjEeWSTg7F_5iDhQ","八等分较于四等分&#xff0c;平滑度更高&#xff0c;但绘制时间更长"
"ZAMmhwiXEeW3OCIAC44JnQ@10","39","eJyo2SR-EeWYoCIAC5MBcw","曲線平滑度上&#xff0c;由於八等分畫法的連接點較多&#xff0c;解析度較高&#xff0c;平滑度優於四等分法。<br />繪圖時間上&#xff0c;由於單純手繪&#xff0c;八等分畫法的時間比起四等分畫法用的沒有想像中用的多&#xff0c;但如果要準確地用尺規做等分的話&#xff0c;可能會花2倍的時間。另外由於輔助線較多八等分手繪出現失誤的機會比較大&#xff0c;需在描點的時候修正&#xff0c;讓最終圖形更接近目標。<br />"
"ZAMmhwiXEeW3OCIAC44JnQ@10","39","3ohUfT8JEeWm9SIAC5HAew","以四等分的拋物線相比&#xff0c;八等分的拋物線精確度更高&#xff0c;更平滑&#xff0c;所耗費的時間更多。"
"ZAMmhwiXEeW3OCIAC44JnQ@10","39","kgHA9TKhEeWF2iIACyygBg","<p>1.八等分点较四等分点绘制的时间更长。</p><p>2.八等分点绘制出来的抛物线更平滑。</p><p>3.八等分点较四等分点绘制要求绘制者更细心。</p>"
"ZAMmhwiXEeW3OCIAC44JnQ@10","39","AARDaylQEeWSQSIAC5cRKQ","8等分抛物线绘制时间长&#xff0c;较平滑"
"ZAMmhwiXEeW3OCIAC44JnQ@8","39","5sPXoxVBEeWM2iIAC0KUpw","1. 曲線平滑度<br />四等分&#xff1a;較不平滑<br />八等分&#xff1a;平滑<br />2. 繪圖時間<br />四等分&#xff1a;繪圖時間較短<br />八等分&#xff1a;繪圖時間較長<br />"
"ZAMmhwiXEeW3OCIAC44JnQ@10","39","spa8KUpFEeWBRg5dvElQww","八等分较之于四等分繪製出來的拋物線可以使曲線更加平滑&#xff0c;但绘图时间更长。"
"ZAMmhwiXEeW3OCIAC44JnQ@10","39","Zn0-WF6VEeWqGw6RaHDb6w","手绘抛物线时&#xff0c;四分会更加快捷曲线线形状上可能没有八分来的精细&#xff0c;但是八分会更加耗时间、过多的线夹杂在一起也会导致画面不好看&#xff0c;所以小抛物线绘制可以选择四分&#xff0c;抛物线越大可以相应选用八分甚至更大"
"ZAMmhwiXEeW3OCIAC44JnQ@10","39","8hCrCzJxEeWV8SIACyyfnQ",""
"ZAMmhwiXEeW3OCIAC44JnQ@10","39","mnrqcoCfEeWJ9A6FwJWGqQ","平行四邊形法 - 四等分<br />-步驟較簡單&#xff0c;輔助線比較少<br />-較快繪製拋物線<br />-線條比較不圓滑<br />-較容易有偏差<br />平行四邊形法 - 八等分<br />步驟較繁複&#xff0c;輔助線比較多<br />-較慢繪製拋物線<br />-滑線條比較圓滑<br />-較細仔和精準<br />"
"ZAMmhwiXEeW3OCIAC44JnQ@10","39","zdl-JCn0EeWNCiIACzABLQ","<ul><li>以四等分繪製的拋物線的曲線平滑度較八等分差</li><li>四等分所需的繪圖時間較八等分短</li><li>以八等分所繪出的圖的精細程度較四等分好<br /></li></ul>"
"ZAMmhwiXEeW3OCIAC44JnQ@9","39","M4QG4B7mEeWM2iIAC0KUpw","八等分绘制的抛物线更圆滑&#xff0c;但绘图时间较长。"
"ZAMmhwiXEeW3OCIAC44JnQ@7","39","rzAY9wxQEeWv5yIAC00Eog","以四等分繪製出來的拋物線&#xff0c;花費時間較短、但是曲線較不平滑。以八等分繪製出來的拋物線&#xff0c;花費時間則較長、曲線則較為平滑。"
"ZAMmhwiXEeW3OCIAC44JnQ@10","39","VlYreTGpEeWV8SIACyyfnQ","<p>从平滑度上来说&#xff0c;四等分点的抛物线看上去略显粗糙&#xff0c;有明显折痕&#xff0c;八等分点的抛物线更加圆滑&#xff0c;更接近圆弧。</p><p>从绘制时间上看&#xff0c;四等分点绘制时间短&#xff0c;八等分点绘制时间长。</p><p><br /></p>"
"ZAMmhwiXEeW3OCIAC44JnQ@10","39","k7gIekImEeWBHArcQOD9cw","四等分曲线平滑度不如八等分&#xff0c;绘图时间四等分较少"
"ZAMmhwiXEeW3OCIAC44JnQ@10","39","-HneMGP9EeWRsgp-oDfn8w","八等分的較平滑&#xff0c;但也需要較多時間繪製"
"ZAMmhwiXEeW3OCIAC44JnQ@10","39","-k1nVYSyEeW93g4-ZzZ2VQ","四等分抛物线曲线相对粗糙&#xff0c;绘图时间短&#xff0c;绘制简便&#xff1b;八等分抛物线曲线要更平滑&#xff0c;绘图所花费时间长"
"ZAMmhwiXEeW3OCIAC44JnQ@10","39","NXYNGih9EeWSQSIAC5cRKQ","四等分比較粗糙&#xff0c;八等分比較細比較有弧度&#xff01;"
"ZAMmhwiXEeW3OCIAC44JnQ@10","39","7C61FScCEeWHPSIAC7MNfg","The eight equal dividsion take longer time to sketch but it will give smoother curve than the four equal division."
"ZAMmhwiXEeW3OCIAC44JnQ@10","39","8FZI6-YbEeWRzQ4_3k9zNw","the more focal point it has, the more accurate the parabolic curve will be."
"ZAMmhwiXEeW3OCIAC44JnQ@10","39","vR0I5SeiEeWmXSIAC00EeA","曲線平滑度&#xff1a;显然四等分的曲线平滑度不比八等份的平滑<br />繪圖時間&#xff1a;四等分较八等份节省了大约4.5分钟"
"ZAMmhwiXEeW3OCIAC44JnQ@10","39","_IWyxSx-EeWOkCIAC4UG7w","<p>从平滑度上来说&#xff0c;四等分点的抛物线看上去略显粗糙&#xff0c;有明显折痕&#xff0c;八等分点的抛物线更加圆滑&#xff0c;更接近圆弧。</p><p>从绘制时间上看&#xff0c;四等分点绘制时间短&#xff0c;八等分点绘制时间长。</p><p><br /></p>"
"ZAMmhwiXEeW3OCIAC44JnQ@10","39","wmakfCeiEeWerCIAC1CI_g","曲線平滑度&#xff1a;显然四等分的曲线平滑度不比八等份的平滑<br />繪圖時間&#xff1a;四等分较八等份节省了大约4.5分钟"
"ZAMmhwiXEeW3OCIAC44JnQ@10","39","I5BssIPNEeWXhBLVaZurhQ",""
"ZAMmhwiXEeW3OCIAC44JnQ@9","39","Zk52Kx-eEeWHGCIACznL2w","四分点绘制抛物线用时比较短&#xff0c;但是线条不够平滑&#xff0c;而八分点虽然有时长但线条平滑&#xff0c;且比四分点精准度要高"
"ZAMmhwiXEeW3OCIAC44JnQ@10","39","6AYQ-UkkEeWbVQrsfyQbuw","相比四等分绘法&#xff0c;八等分有多出一倍的交汇点用来连接成抛物线&#xff0c;画出的曲线更平滑&#xff0c;但是绘图量多出一倍。"
"ZAMmhwiXEeW3OCIAC44JnQ@10","39","GO72a1HxEeWBRg5dvElQww","曲線平滑度八等分較高繪圖時間也較四等分長<br /><br />"
"ZAMmhwiXEeW3OCIAC44JnQ@10","39","65mjLnf3EeWdPxJ-h_8T7w","四等分繪製出來的拋物線繪圖時間較短、快速、方便&#xff1b;但相對不精確<br />八等分繪製出來的拋物線繪圖時間較慢、複雜&#xff1b;但較貼近真實的拋物線、也較圓滑"
"ZAMmhwiXEeW3OCIAC44JnQ@10","39","Vt0RGz91EeWeYyIAC1WQXA","八等分曲线的平滑度更好&#xff0c;但是绘图时间更长"
"ZAMmhwiXEeW3OCIAC44JnQ@10","39","xtq6q4_5EeWImArmHqeQkQ","四等分法&#xff0c;繪製時間短&#xff0c;可以快速取得拋物線大致的外型&#xff0c;只是在接近頂點的地方&#xff0c;沒有辦法畫出較平滑的曲線&#xff0c;曲線平滑度較低。<br />八等分法&#xff0c;繪製時間長&#xff0c;取得的拋物線外型大致與四分法相同&#xff0c;特別是在頂點的部分&#xff0c;畫出相當平滑的曲線&#xff0c;曲線平滑度較高。"
"ZAMmhwiXEeW3OCIAC44JnQ@10","39","4lLkgyjQEeWo2yIACzUEBg","以八等分绘制&#xff0c;在最后连结各个交点时更容易一些。以八等分绘制的整体所用时间多了。另外&#xff0c;以八等分绘出的抛物线比以四等分绘出的抛物线定位更精准一些&#xff0c;但是连结点多了&#xff0c;弧线本身的圆滑度却降低了。"
"ZAMmhwiXEeW3OCIAC44JnQ@10","39","cQ7lff8MEeWZDQ5TnbLmpw","四等分&#xff1a;曲線棱角明顯&#xff0c;繪圖時間短。<br />八等分&#xff1a;曲線平滑精確&#xff0c;繪圖時間長&#xff0c;繪製時容易眼花。<br />總結&#xff1a;在繪圖尺寸不大的時候&#xff0c;四等分較八等分更為效率&#xff0c;適合快速表達&#xff0c;手繪熟練后也可以根據少量的交點繪出平滑的曲線。兩者拋物線的差異從頂點往上逐漸縮小&#xff0c;所以在使用四等分法時可在接近頂點部位適當多增加交點來提高準確性。"
"ZAMmhwiXEeW3OCIAC44JnQ@10","39","cvxWAC0ZEeWOkCIAC4UG7w","1.繪製時間&#xff1a;八等份比四等份較為耗時<br /><br />2.曲線平滑度&#xff1a;八等份由於分的比較細&#xff0c;曲線平滑度比四等份還要好<br />"
"ZAMmhwiXEeW3OCIAC44JnQ@10","39","oBsH6Pk_EeWKUg5ak3F-gw","四等分曲线平滑度较差&#xff0c;绘图时间较短。<br />八等分曲线平滑度较好&#xff0c;绘图时间较长。"
"ZAMmhwiXEeW3OCIAC44JnQ@9","39","-BvLwxwKEeWHGCIACznL2w","曲線平滑度會隨等分數越多&#xff0c;底部曲線越平滑(八等分&gt;四等分)。<br />但等分數越多底下線段描繪也要越細才比較好點出曲線。<br /><br />"
"ZAMmhwiXEeW3OCIAC44JnQ@10","39","XY9pByiBEeWHPSIAC7MNfg","<em><strong></strong></em><strong></strong><strong>曲線平滑度八等分更流線型些&#xff0c;更符合原圖&#xff1b;繪圖時間八等分時間稍長。</strong>"
"ZAMmhwiXEeW3OCIAC44JnQ@10","39","mmCE7zJ0EeWF2iIACyygBg",""
"ZAMmhwiXEeW3OCIAC44JnQ@10","39","8HZ6sjjEEeWPACIACw4G5w","八等分的抛物线比四等分的看起来更平滑&#xff0c;但是也需要的时间也更长"
"ZAMmhwiXEeW3OCIAC44JnQ@10","39","LtWSzWbEEeWfZAo8m5pcCw",""
"ZAMmhwiXEeW3OCIAC44JnQ@10","39","SubOLzdBEeWddiIAC9pDDA","<strong></strong>四等分繪製時間相對較快  但精準度也相對於八等分的拋物線來說沒辦法抓得那麼精準<br />曲線來說八等分的會比較好抓到曲線的走向  平滑度也會較為滑順"
"ZAMmhwiXEeW3OCIAC44JnQ@10","39","C-CTlGw9EeWGywq_F70CwQ","八等分點較多&#xff0c;曲線較為平滑<br />八等分也較為耗時"
"ZAMmhwiXEeW3OCIAC44JnQ@10","39","45iQKHDrEeWb4g4qCdqdUQ","八等分更平滑&#xff0c;但由于线更密集&#xff0c;交点容易找错&#xff0c;更适合画大尺度的抛物线。<br />"
