peer_skip_id,peer_submission_id,taiwan_peer_assignments_user_id,peer_skip_created_ts,peer_skip_type,peer_skip_text
"ffIzqDKcEeWV8SIACyyfnQ","fqDLBCiwEeWmXSIAC00EeA",cb766a991c56dbbe5e3953efb7f644fc1cda7a82,2015-07-25 07:12:21.398,"incompleteSubmission","It provides the wrong file link."
"-3a7qEVUEeWSTg7F_5iDhQ","fqDLBCiwEeWmXSIAC00EeA",ea27f1222134bf59b3aff8f002affa95d9d9254a,2015-08-18 02:58:20.31,"incompleteSubmission","上傳失敗，看不到圖。"
"5ll3SEn7EeWxHxIGetKceQ","fqDLBCiwEeWmXSIAC00EeA",2d5d66d2bf4c009fada0f462cd492601c13837ae,2015-08-24 01:03:15.491,"incompleteSubmission","看不見"
"KHDx2YZZEeWA9w4ipzCZ2Q","sCcQ2oYaEeWFYRKN6-z0qQ",6f27cf4310c99e919afdfae57068b9db2e377d8f,2015-11-08 20:41:59.337,"incompleteSubmission","Missing attachment."
"8IPK2EgVEeWSvQrJn1rVOQ","6nxcJUZzEeWPFgp1wk3USw",4d3a9a04fdc20d059abee801a7f2b2f53c822e4d,2015-08-21 15:04:37.135,"incompleteSubmission","我无法看到图片"
"DUnKwzEHEeWY_yIAC5QH6A","w1GBZDBVEeWX7CIAC0WQ1w",cb766a991c56dbbe5e3953efb7f644fc1cda7a82,2015-07-23 06:50:06.214,"incompleteSubmission","It's empty"
"S3078-8NEeWfwAohgaM63Q","VJ9QKuuGEeW3AhKGdOu9ew",8d57074f8a698935a97dc938a40ad4bded63cac9,2016-03-21 02:33:28.478,"incompleteSubmission","作者手感非常好，描圆很圆，看得出非常用心，对自己要求很高！"
"aBnMFSt_EeWYuSIAC7Pnng","psgJRypHEeWYVCIACyevdw",e99deb2f4c4e59d05e243af30441fb0a0410bf02,2015-07-16 05:56:31.203,"incompleteSubmission","没有看到上传的作业"
"J8fHmiu_EeWYuSIAC7Pnng","psgJRypHEeWYVCIACyevdw",e17402fc1884e9663591f09deb7831e39413fe19,2015-07-16 13:32:51.082,"incompleteSubmission",""
"hwBZpirMEeWYuSIAC7Pnng","psgJRypHEeWYVCIACyevdw",61e7516e5bbf4683839daf19ca5916c8065020cd,2015-07-15 08:36:03.131,"incompleteSubmission","没有看到作业应该是上传不成功"
"hBz7QSbGEeWo2yIACzUEBg","oxplzhsUEeWHGCIACznL2w",cf5bf47a842deea62d7aee454c31300993944e75,2015-07-10 05:42:56.654,"incompleteSubmission",""
"xWS5xD8PEeW2ASIACxeTpg","q31XjSn2EeWIZyIAC0iPQg",ea27f1222134bf59b3aff8f002affa95d9d9254a,2015-08-10 03:27:47.344,"incompleteSubmission","未看到圖"
"1QfXXSt_EeWL_SIACnuNyg","KledsiYSEeW_ESIAC7Psdg",e99deb2f4c4e59d05e243af30441fb0a0410bf02,2015-07-16 05:59:33.957,"incompleteSubmission","没有看到上传的作业"
"AEC9Qhl8EeWYoCIAC5MBcw","elN1lhlhEeWmISIAC9QOog",ccf9314d31199d4345f21a2929ef5cdcdb44c191,2015-06-23 07:46:47.555,"other","無法看到上傳的內容"
"mQANii-9EeWTqyIAC44O4Q","ORUjziiwEeWmXSIAC00EeA",c153fb597394feaf773214df83cb08b3ea29c811,2015-07-21 15:31:46.691,"inappropriateContent",""
"0370ECcfEeWSQSIAC5cRKQ","90MfeyUvEeWx4SIACye3Kw",cf5bf47a842deea62d7aee454c31300993944e75,2015-07-10 16:22:15.045,"incompleteSubmission",""
"T2c1KBgdEeWmISIAC9QOog","3De1Lg0ZEeWv5yIAC00Eog",e892fd006179b19171ff716d698a96fb0d9f4680,2015-06-21 13:56:26.995,"incompleteSubmission","無圖"
"BSYghx76EeWM2iIAC0KUpw","3De1Lg0ZEeWv5yIAC00Eog",4c510107c8a74041cc2409357e064f6acca5845b,2015-06-30 07:31:28.171,"incompleteSubmission","没有上传图片。"
"29ytAEVUEeW-OhK375__6Q","paR5zEKYEeWBHArcQOD9cw",ea27f1222134bf59b3aff8f002affa95d9d9254a,2015-08-18 02:57:27.291,"inappropriateContent","由于是PDF文件，無法用AutoCad測量工具測量。"
"ZhP1-kS9EeWySA6VF2_0Lw","WLhLYkJeEeWBGw50Rft1Mw",ea27f1222134bf59b3aff8f002affa95d9d9254a,2015-08-17 08:53:15.676,"other","沒看到EG cube中的圖，無法判斷作業是否和EG cube一樣。"
"I6TjGzE-EeWNqSIAC4aOqg","xY7CAyIwEeWYoCIAC5MBcw",b3507728f90d4daa0336a5995a1e6a1d04fd756f,2015-07-23 13:24:26.041,"incompleteSubmission","好像没有上传"
"3LZkQ1hlEeWVrg78i3ja5Q","xY7CAyIwEeWYoCIAC5MBcw",ea27f1222134bf59b3aff8f002affa95d9d9254a,2015-09-11 09:17:02.255,"incompleteSubmission","上传作业未成功。"
"q9TwVDQ4EeWF2iIACyygBg","xY7CAyIwEeWYoCIAC5MBcw",cb766a991c56dbbe5e3953efb7f644fc1cda7a82,2015-07-27 08:22:51.034,"incompleteSubmission","empty"
"-dgYr0iPEeWxHxIGetKceQ","iMiaU0DjEeWv5woN2NNtkQ",4d3a9a04fdc20d059abee801a7f2b2f53c822e4d,2015-08-22 05:38:11.388,"incompleteSubmission",""
"j37KVx7QEeWHGCIACznL2w","YOfsoB5aEeWM2iIAC0KUpw",4c510107c8a74041cc2409357e064f6acca5845b,2015-06-30 02:34:41.415,"incompleteSubmission","没有提交附件。"
"Vh782IchEeW9yQ6NDqh2LQ","-cI2ZXcDEeWqXg7D-Kwb-Q",6f27cf4310c99e919afdfae57068b9db2e377d8f,2015-11-09 20:34:55.321,"incompleteSubmission","Where's the file?"
"eny5_zgzEeWNVyIAC0uErA","6VzQUCxeEeWeoSIAC0aC-w",4c029e3d92d6b499f0da9b45f56bee3c4ddc66d2,2015-08-01 09:55:45.415,"incompleteSubmission","未見圖檔"
"Gyh4_DEGEeW4tSIAC0KBsw","6VzQUCxeEeWeoSIAC0aC-w",cb766a991c56dbbe5e3953efb7f644fc1cda7a82,2015-07-23 06:43:19.987,"incompleteSubmission","It's empty."
"-fvvmxTiEeWd3iIAC7VAtA","q5x7kBRwEeWHGCIACznL2w",44667b72c4bc499646ecdbd9dad4c8d4d6c5bed1,2015-06-17 11:21:19.387,"other","cannot open the pix"
"IkEkaUozEeWpgBJUo9Z-Uw","51X0JUdvEeWZLg5CpYfLdQ",4d3a9a04fdc20d059abee801a7f2b2f53c822e4d,2015-08-24 07:38:38.315,"incompleteSubmission",""
"3cH2fEioEeWBRg5dvElQww","rgY-9UVgEeWBcQqYSpqLgQ",4d3a9a04fdc20d059abee801a7f2b2f53c822e4d,2015-08-22 08:36:21.685,"incompleteSubmission",""
"95kt5xvAEeWHGCIACznL2w","3NeGARufEeWmISIAC9QOog",4c510107c8a74041cc2409357e064f6acca5845b,2015-06-26 05:05:30.635,"inappropriateContent","wrong image"
"lgMgD28dEeWGywq_F70CwQ","qoL9Zm2EEeWXygocDxikNQ",55519c343ed56bf6a265a59f833a868186595192,2015-10-10 07:07:36.619,"incompleteSubmission",""
"zEF3cScfEeWuEiIACxeVug","0YiGgSSkEeWd3iIAC7VAtA",cf5bf47a842deea62d7aee454c31300993944e75,2015-07-10 16:22:02.898,"incompleteSubmission",""
"noB9VlhlEeW8nxIOF_9POw","gYdnGksREeWUBw792DK9fQ",ea27f1222134bf59b3aff8f002affa95d9d9254a,2015-09-11 09:15:17.883,"incompleteSubmission","未按题目写作业。"
"d9S0_SclEeWHPSIAC7MNfg","iStosSV2EeWAsyIACnuV7A",cf5bf47a842deea62d7aee454c31300993944e75,2015-07-10 17:02:38.237,"incompleteSubmission",""
"vUE3hkVWEeWxOxIbgUSIFQ","Wo5UAUSOEeW-OhK375__6Q",ea27f1222134bf59b3aff8f002affa95d9d9254a,2015-08-18 03:10:54.934,"incompleteSubmission","上傳圖失敗，看不到圖。"
"zgykaRm4EeWd3iIAC7VAtA","P_W10BcJEeWYoCIAC5MBcw",f74f49e24826a32e60d3ab00d7b7fde3ec29c5ad,2015-06-23 15:02:02.628,"incompleteSubmission","看不到圖呢."
"YxDlvibGEeWo2yIACzUEBg","P_W10BcJEeWYoCIAC5MBcw",cf5bf47a842deea62d7aee454c31300993944e75,2015-07-10 05:42:01.21,"incompleteSubmission","完全沒有圖"
"AZ-pnTdqEeWV8SIACyyfnQ","Y3dipTNAEeWPACIACw4G5w",44c2567ad8fc778d56edeaa62bc1ffd89755bec2,2015-07-31 09:53:33.797,"incompleteSubmission",""
"jm8jK0ilEeWoNAol4TlMSw","HQkY-UPCEeWxOxIbgUSIFQ",4d3a9a04fdc20d059abee801a7f2b2f53c822e4d,2015-08-22 08:12:40.112,"incompleteSubmission",""
"yiHteyt_EeW2viIACxCtVw","NZ5aUyrcEeW2viIACxCtVw",e99deb2f4c4e59d05e243af30441fb0a0410bf02,2015-07-16 05:59:15.673,"incompleteSubmission","没有看到上传的作业"
"SvckxzdqEeWddiIAC9pDDA","Li6eii9ZEeWOkCIAC4UG7w",44c2567ad8fc778d56edeaa62bc1ffd89755bec2,2015-07-31 09:55:36.844,"incompleteSubmission",""
"jbLJ3DgzEeWPACIACw4G5w","Li6eii9ZEeWOkCIAC4UG7w",4c029e3d92d6b499f0da9b45f56bee3c4ddc66d2,2015-08-01 09:56:17.646,"incompleteSubmission","未見圖檔"
"B0_nPjEGEeWTWSIAC0YMGQ","Li6eii9ZEeWOkCIAC4UG7w",cb766a991c56dbbe5e3953efb7f644fc1cda7a82,2015-07-23 06:42:46.691,"incompleteSubmission","It's empty."
"tHEM3xaEEeWYoCIAC5MBcw","gSAqRhYzEeWd3iIAC7VAtA",e892fd006179b19171ff716d698a96fb0d9f4680,2015-06-19 13:11:32.347,"other","看不到檔案"
"YBpP_iqcEeWNCiIACzABLQ","gSAqRhYzEeWd3iIAC7VAtA",e6089f659a648bae34a06ab189c38a72077dd2a3,2015-07-15 02:51:22.027,"incompleteSubmission",""
"cf97TiclEeWHPSIAC7MNfg","FNLuNySwEeWd3iIAC7VAtA",cf5bf47a842deea62d7aee454c31300993944e75,2015-07-10 17:02:28.451,"incompleteSubmission",""
"vKDlKit_EeWYuSIAC7Pnng","xBMOWiqtEeWNCiIACzABLQ",e99deb2f4c4e59d05e243af30441fb0a0410bf02,2015-07-16 05:58:53.017,"incompleteSubmission","没有看到上传的作业"
"dC2r_BTjEeWmISIAC9QOog","5SbJOBQOEeWYoCIAC5MBcw",44667b72c4bc499646ecdbd9dad4c8d4d6c5bed1,2015-06-17 11:24:44.395,"other","cannot open the pix"
"7tFpoRiAEeWA7CIAC5WDNQ","JVTWPhSJEeWmISIAC9QOog",4c510107c8a74041cc2409357e064f6acca5845b,2015-06-22 01:49:34.625,"incompleteSubmission","No attachment"
"KXh6s71rEeWJPQ76oZDWrw","Zln4ubH-EeWjcBKYJq1ZMQ",abd9b4bd13fe02ffcf42fe0027e853a9b9067fba,2016-01-17 22:39:25.958,"incompleteSubmission","the student did not upload a picture file as request by the lecturer"
"oiJjHz8PEeWidSIAC7TGaQ","nYH6AyPXEeWM2iIAC0KUpw",ea27f1222134bf59b3aff8f002affa95d9d9254a,2015-08-10 03:26:48.189,"incompleteSubmission","未看到圖；"
"PaIY5ib-EeWo2yIACzUEBg","nYH6AyPXEeWM2iIAC0KUpw",cf5bf47a842deea62d7aee454c31300993944e75,2015-07-10 12:21:50.225,"incompleteSubmission",""
"kuG494FjEeWJ9A6FwJWGqQ","BRHHj4ExEeWFDQ4Rhv_F_Q",eff2c7a00e1a46301025f65bc5459148ae5df024,2015-11-02 13:13:57.068,"incompleteSubmission",""
"IrM4mSqhEeWmViIAC5MTmg","n9reFCadEeWSQSIAC5cRKQ",e6089f659a648bae34a06ab189c38a72077dd2a3,2015-07-15 03:25:26.494,"incompleteSubmission","no submission!"
"fUPiLSbNEeWerCIAC1CI_g","n9reFCadEeWSQSIAC5cRKQ",cf5bf47a842deea62d7aee454c31300993944e75,2015-07-10 06:32:51.642,"incompleteSubmission",""
"A1IY_SbGEeWmXSIAC00EeA","yBgjTSEwEeWmISIAC9QOog",cf5bf47a842deea62d7aee454c31300993944e75,2015-07-10 05:39:20.576,"incompleteSubmission","沒有圖"
"X_E7IRUGEeWHGCIACznL2w","IsmZ9RS9EeWM2iIAC0KUpw",b5b08a4f878927603d70a4d8a39a1c6453763a94,2015-06-17 15:34:42.83,"other","这篇作品是不是用了尺规？ 太圆了。"
"XiBhQRTjEeWHGCIACznL2w","NUCIgBQNEeWM2iIAC0KUpw",44667b72c4bc499646ecdbd9dad4c8d4d6c5bed1,2015-06-17 11:24:07.398,"other","cannot open it"
